{
"type": "FeatureCollection",
"name": "Existing_Trails",
"crs": { "type": "name", "properties": { "name": "urn:ogc:def:crs:OGC:1.3:CRS84" } },
"features": [
{ "type": "Feature", "properties": { "OBJECTID": 1, "TYPE": "Designated", "MATERIAL": "Asphalt", "WIDTH": 10, "LIMITS": " ", "TYPE2": "Asphalt Trail", "NAME": "Boxer's Trail", "ENTITY_TRA": "PPR", "TYPE_3": "Trail", "PAVED": "N", "MILEAGE": 0.03920378, "Shape__Length": 82.302833614480207 }, "geometry": { "type": "LineString", "coordinates": [ [ -75.191612175977994, 39.989226928474302 ], [ -75.191628072220496, 39.989187417732403 ], [ -75.191662021895496, 39.989153429816398 ], [ -75.191695109965195, 39.9891316781871 ], [ -75.191743109483895, 39.989108867753004 ], [ -75.191807787196396, 39.989092047709597 ], [ -75.192139041060102, 39.989026385652402 ], [ -75.192254190006096, 39.989003471252602 ] ] } },
{ "type": "Feature", "properties": { "OBJECTID": 2, "TYPE": "Designated", "MATERIAL": "Asphalt", "WIDTH": 10, "LIMITS": " ", "TYPE2": "Asphalt Trail", "NAME": "Boxer's Trail", "ENTITY_TRA": "PPR", "TYPE_3": "Trail", "PAVED": "Y", "MILEAGE": 0.06350004, "Shape__Length": 133.366700377672 }, "geometry": { "type": "LineString", "coordinates": [ [ -75.188957281312497, 39.980751963326803 ], [ -75.188999180697706, 39.980820041477301 ], [ -75.189031489711297, 39.980859121989702 ], [ -75.1890831076079, 39.980891582976099 ], [ -75.189146742537602, 39.980910027503697 ], [ -75.189241772086802, 39.980937572616902 ], [ -75.189332851615205, 39.9809696417759 ], [ -75.189403858801199, 39.981016281916098 ], [ -75.189464291170196, 39.981068202044298 ], [ -75.189533281393395, 39.981118205612603 ], [ -75.189643268357401, 39.981186749290899 ], [ -75.189728993771297, 39.981221018770498 ], [ -75.189905829389701, 39.9812628249109 ] ] } },
{ "type": "Feature", "properties": { "OBJECTID": 3, "TYPE": "Designated", "MATERIAL": "Asphalt", "WIDTH": 10, "LIMITS": " ", "TYPE2": "Asphalt Trail", "NAME": "Boxer's Trail", "ENTITY_TRA": "PPR", "TYPE_3": "Trail", "PAVED": "Y", "MILEAGE": 0.08238775, "Shape__Length": 173.16116140680501 }, "geometry": { "type": "LineString", "coordinates": [ [ -75.194087905215198, 39.982454076084203 ], [ -75.1942008008741, 39.982480359735497 ], [ -75.194295801536796, 39.982504610350297 ], [ -75.194402700767796, 39.982552490744702 ], [ -75.194500737041096, 39.982623537688397 ], [ -75.194575082296794, 39.982692104555099 ], [ -75.194698878978997, 39.982855401419897 ], [ -75.194808190967095, 39.9829850555276 ], [ -75.194929988756499, 39.983096813291901 ], [ -75.195135382781203, 39.983289187967699 ] ] } },
{ "type": "Feature", "properties": { "OBJECTID": 4, "TYPE": "Designated", "MATERIAL": "Asphalt", "WIDTH": 10, "LIMITS": " ", "TYPE2": "Asphalt Trail", "NAME": "Boxer's Trail", "ENTITY_TRA": "PPR", "TYPE_3": "Trail", "PAVED": "Y", "MILEAGE": 0.1206988, "Shape__Length": 253.28550638197399 }, "geometry": { "type": "LineString", "coordinates": [ [ -75.195269440469303, 39.983389102432298 ], [ -75.196030971890707, 39.9836199422991 ], [ -75.1964038893625, 39.983738033301201 ], [ -75.1967563962707, 39.983872858384899 ], [ -75.1968286082503, 39.983893176939802 ], [ -75.196913859785596, 39.983909450780402 ], [ -75.197272159264202, 39.983957398375303 ], [ -75.197397376111098, 39.983985133167003 ] ] } },
{ "type": "Feature", "properties": { "OBJECTID": 5, "TYPE": "Designated", "MATERIAL": "Asphalt", "WIDTH": 10, "LIMITS": " ", "TYPE2": "Asphalt Trail", "NAME": "Boxer's Trail", "ENTITY_TRA": "PPR", "TYPE_3": "Trail", "PAVED": "Y", "MILEAGE": 0.23715562, "Shape__Length": 499.29438470878898 }, "geometry": { "type": "LineString", "coordinates": [ [ -75.197397376111098, 39.983985133167003 ], [ -75.197448509898507, 39.983888253625601 ], [ -75.197499234375002, 39.983789016039204 ], [ -75.197582792874996, 39.983579605669597 ], [ -75.197644821225794, 39.983310188794803 ], [ -75.197677381177499, 39.983134218481602 ], [ -75.197683804839997, 39.982849124568197 ], [ -75.197664467279097, 39.982700997161501 ], [ -75.197616221902805, 39.982394777004899 ], [ -75.197595581345496, 39.982301617087501 ], [ -75.197575907836494, 39.982180420453197 ], [ -75.197554792066498, 39.981907963330997 ], [ -75.197539259638305, 39.981785410868397 ], [ -75.197533719209403, 39.981690808182897 ], [ -75.197537729658805, 39.981581820721701 ], [ -75.197547896498605, 39.981516047267696 ], [ -75.197567237381506, 39.981378410904803 ], [ -75.197591692193498, 39.981242538918202 ], [ -75.197678457615893, 39.981034031489997 ], [ -75.197712385731805, 39.98093831085 ], [ -75.197728184170202, 39.980890409737697 ], [ -75.197806490461005, 39.980720824958503 ], [ -75.1978769235713, 39.980627975794498 ] ] } },
{ "type": "Feature", "properties": { "OBJECTID": 6, "TYPE": "Designated", "MATERIAL": "Asphalt", "WIDTH": 10, "LIMITS": " ", "TYPE2": "Asphalt Trail", "NAME": "Boxer's Trail", "ENTITY_TRA": "PPR", "TYPE_3": "Trail", "PAVED": "Y", "MILEAGE": 0.01070881, "Shape__Length": 22.535473726387899 }, "geometry": { "type": "LineString", "coordinates": [ [ -75.197314871083606, 39.984126755360002 ], [ -75.197359548594207, 39.984053322385499 ], [ -75.197397376111098, 39.983985133167003 ] ] } },
{ "type": "Feature", "properties": { "OBJECTID": 7, "TYPE": "Designated", "MATERIAL": "Asphalt", "WIDTH": 10, "LIMITS": " ", "TYPE2": "Asphalt Trail", "NAME": "Boxer's Trail", "ENTITY_TRA": "PPR", "TYPE_3": "Trail", "PAVED": "Y", "MILEAGE": 0.65407164, "Shape__Length": 1373.7332199621801 }, "geometry": { "type": "LineString", "coordinates": [ [ -75.191612175977994, 39.989226928474302 ], [ -75.191609290668396, 39.989260577150198 ], [ -75.191607906813104, 39.989297310104 ], [ -75.191622262399605, 39.989356309988402 ], [ -75.191660275932904, 39.989417521177501 ], [ -75.191755292687802, 39.989493165702001 ], [ -75.191827981823096, 39.989539777610901 ], [ -75.191879739457605, 39.9895729673811 ], [ -75.1920087048819, 39.989637956152499 ], [ -75.192141735915399, 39.989684204327702 ], [ -75.192260833470996, 39.989713041637501 ], [ -75.192328455379396, 39.989725236256298 ], [ -75.192566931846798, 39.989758093882699 ], [ -75.192667941886896, 39.989768067916202 ], [ -75.192725694998799, 39.989765614591803 ], [ -75.1927808233674, 39.989759358175696 ], [ -75.192951443842702, 39.989729498680497 ], [ -75.193030523082101, 39.9897141601773 ], [ -75.193092420275207, 39.9897123332861 ], [ -75.193150996646594, 39.989720337153599 ], [ -75.193298636163107, 39.989752195048197 ], [ -75.193332377621999, 39.989758756326999 ], [ -75.193360706005393, 39.9897642644803 ], [ -75.193421939939995, 39.989780056239503 ], [ -75.193482298986098, 39.989800637151298 ], [ -75.193533830749701, 39.9898286511458 ], [ -75.193557799256993, 39.989843465047798 ], [ -75.193580997044293, 39.989854668564099 ], [ -75.1936009054983, 39.9898609901417 ], [ -75.193629244142699, 39.989864827088603 ], [ -75.193756993845, 39.989885306775498 ], [ -75.193918791246404, 39.989910752252101 ], [ -75.193947020038095, 39.989914738943497 ], [ -75.194020803135501, 39.989926983262897 ], [ -75.1941191574887, 39.989953219504599 ], [ -75.194261090449004, 39.990007657133198 ], [ -75.194367296943199, 39.990042104974798 ], [ -75.194492602254797, 39.9900721476481 ], [ -75.194543042519797, 39.990075206928203 ], [ -75.194615403010005, 39.990076484572903 ], [ -75.194704961563701, 39.990066557205701 ], [ -75.194759829840905, 39.990059929140102 ], [ -75.1948000890755, 39.990060825392099 ], [ -75.194843558574405, 39.9900687389528 ], [ -75.194888928200697, 39.990081505268101 ], [ -75.194963085205501, 39.990102064575403 ], [ -75.195065410342195, 39.990136198305699 ], [ -75.195141253486895, 39.990169947916598 ], [ -75.195210431166103, 39.990209094807398 ], [ -75.195273022306097, 39.990249828589803 ], [ -75.195333410438394, 39.990296284248203 ], [ -75.195378413512103, 39.990345019380896 ], [ -75.195432903882704, 39.990431862864199 ], [ -75.195471462501104, 39.990505376355998 ], [ -75.195484265940394, 39.990542613368497 ], [ -75.195493312118899, 39.990579151371897 ], [ -75.195501916475706, 39.990627434967699 ], [ -75.195498107287705, 39.990656141841498 ], [ -75.1954850554377, 39.9907167782969 ], [ -75.195472815366401, 39.990752595684299 ], [ -75.195449416370593, 39.990804208033097 ], [ -75.195394596864404, 39.990882826111402 ], [ -75.195373917712701, 39.990906538959202 ], [ -75.195314214475999, 39.990944834602097 ], [ -75.195286962236693, 39.990960959727602 ], [ -75.195212283580801, 39.991010066551503 ], [ -75.194786173598999, 39.991256750127199 ], [ -75.194639693416903, 39.991347447894697 ], [ -75.194526894853297, 39.991417237879098 ], [ -75.194499373597395, 39.991441435259503 ], [ -75.194478603464901, 39.991500516737297 ], [ -75.194467561321005, 39.9915301951158 ], [ -75.194439573647699, 39.991562395649403 ], [ -75.194405210430105, 39.991590818666097 ], [ -75.194368222701598, 39.991612937461902 ], [ -75.194307703115101, 39.991642482777799 ], [ -75.194253082867306, 39.991670870979 ], [ -75.194189452621004, 39.991694297615297 ], [ -75.194168905567906, 39.991701099508703 ], [ -75.194099336220702, 39.991725242599401 ], [ -75.194072659802103, 39.991739466534 ], [ -75.194038008549896, 39.991760690297397 ], [ -75.1939897345991, 39.991791665929199 ], [ -75.193941087194204, 39.991816970399398 ], [ -75.193827764211306, 39.991875569262902 ], [ -75.193687761481996, 39.9919669858661 ], [ -75.193545044302397, 39.992061853974 ], [ -75.193424391455395, 39.992143186485698 ], [ -75.193319747374105, 39.992216446540503 ], [ -75.193230173478298, 39.992284164023403 ], [ -75.193154799310705, 39.992329698707302 ], [ -75.193090432553404, 39.992368583140902 ], [ -75.192957889762596, 39.992458940606099 ], [ -75.192907012773304, 39.9925022745904 ], [ -75.192803466993794, 39.992585565247602 ], [ -75.192750406895698, 39.9926341088062 ], [ -75.192714515947003, 39.992680576009803 ], [ -75.1926878544907, 39.9927237484195 ], [ -75.192671202094104, 39.992740624486302 ], [ -75.192656379772302, 39.992749622375101 ], [ -75.192631940379002, 39.992754226224498 ], [ -75.192586407898602, 39.992758251089597 ], [ -75.192540423577, 39.992762484814001 ], [ -75.192488356443107, 39.992763069061603 ], [ -75.192390568498197, 39.992760890195903 ], [ -75.192312061962298, 39.992760614035603 ], [ -75.192232564394999, 39.992760773449703 ], [ -75.192135666672598, 39.992760462169102 ], [ -75.192044897737503, 39.992753187451299 ], [ -75.191985400297995, 39.992746867254503 ], [ -75.191902517490306, 39.992752775107697 ], [ -75.191785249923598, 39.992757904851899 ], [ -75.191707636527099, 39.992757925694001 ], [ -75.191639877222002, 39.992750139945301 ], [ -75.191516961150597, 39.992734528474401 ], [ -75.191445120806804, 39.992724313531298 ], [ -75.191315987913001, 39.992701929152197 ], [ -75.191249832508205, 39.9926966269609 ], [ -75.191210360969293, 39.9926993754138 ], [ -75.191183722570102, 39.9927058797157 ], [ -75.191165434139805, 39.9927108276068 ], [ -75.191081191382594, 39.992771972340002 ], [ -75.191044951550893, 39.992792227274499 ], [ -75.190999392203395, 39.992802152511999 ], [ -75.190942428259007, 39.992803891903897 ], [ -75.190902289531394, 39.992803205153798 ], [ -75.190853993217104, 39.992796980024799 ], [ -75.190769225071307, 39.992781574046099 ], [ -75.190704861070202, 39.992757613776597 ], [ -75.190601314728994, 39.992701750910598 ], [ -75.190564903151994, 39.992674687260802 ], [ -75.190537882467694, 39.992636756913797 ], [ -75.190510744566396, 39.992568433864001 ], [ -75.190486916742998, 39.992536390702398 ], [ -75.190355762656907, 39.992489174341799 ], [ -75.190189851807503, 39.992428838909099 ], [ -75.1901368982858, 39.9924025387756 ], [ -75.190084403550898, 39.992378550022103 ], [ -75.190052359503298, 39.992358195200502 ], [ -75.190008889211896, 39.992296395967401 ], [ -75.189983684077106, 39.992271066017899 ], [ -75.189955076681301, 39.992253051146598 ], [ -75.189915407925895, 39.992239937916899 ], [ -75.189856226665199, 39.992240472213702 ], [ -75.189793224890096, 39.992240430215197 ], [ -75.189742652433296, 39.992234437656002 ], [ -75.189702726703402, 39.992221679022798 ], [ -75.189661905522001, 39.9922028753627 ], [ -75.189514501132805, 39.9921131716169 ] ] } },
{ "type": "Feature", "properties": { "OBJECTID": 8, "TYPE": "Designated", "MATERIAL": "Asphalt", "WIDTH": 10, "LIMITS": " ", "TYPE2": "Asphalt Trail", "NAME": "Centennial Loop", "ENTITY_TRA": "PPR", "TYPE_3": "Trail", "PAVED": "Y", "MILEAGE": 0.01646264, "Shape__Length": 34.561664374058203 }, "geometry": { "type": "LineString", "coordinates": [ [ -75.2055917010114, 39.976749243425502 ], [ -75.205456737832293, 39.976789374756898 ], [ -75.205383268572106, 39.976826762736501 ], [ -75.205325725629095, 39.9768665572158 ] ] } },
{ "type": "Feature", "properties": { "OBJECTID": 9, "TYPE": "Designated", "MATERIAL": "Asphalt", "WIDTH": 10, "LIMITS": " ", "TYPE2": "Asphalt Trail", "NAME": "Centennial Loop", "ENTITY_TRA": "PPR", "TYPE_3": "Trail", "PAVED": "Y", "MILEAGE": 0.19906215, "Shape__Length": 418.17407774697898 }, "geometry": { "type": "LineString", "coordinates": [ [ -75.205230051155596, 39.9769979139298 ], [ -75.204937291928701, 39.976761427753701 ], [ -75.204551932871695, 39.976442251502903 ], [ -75.204471105711804, 39.976437907881497 ], [ -75.204341898596994, 39.976392637790497 ], [ -75.204013255866897, 39.976337642434203 ], [ -75.203577979833597, 39.976370388519101 ], [ -75.203263238469205, 39.976495916525998 ], [ -75.202987018921505, 39.976696506301998 ], [ -75.2027436282184, 39.976940228119403 ], [ -75.202612367191804, 39.977133433376501 ], [ -75.202553322592607, 39.9772381330651 ], [ -75.202451980797704, 39.9773683968113 ] ] } },
{ "type": "Feature", "properties": { "OBJECTID": 10, "TYPE": "Designated", "MATERIAL": "Asphalt", "WIDTH": 10, "LIMITS": " ", "TYPE2": "Asphalt Trail", "NAME": "Centennial Loop", "ENTITY_TRA": "PPR", "TYPE_3": "Trail", "PAVED": "Y", "MILEAGE": 0.00694198, "Shape__Length": 14.5865241694991 }, "geometry": { "type": "LineString", "coordinates": [ [ -75.206048088100403, 39.9773918434271 ], [ -75.206007702484797, 39.977434608074397 ], [ -75.205954797842395, 39.977459594989597 ] ] } },
{ "type": "Feature", "properties": { "OBJECTID": 11, "TYPE": "Designated", "MATERIAL": "Asphalt", "WIDTH": 10, "LIMITS": " ", "TYPE2": "Asphalt Trail", "NAME": "Centennial Loop", "ENTITY_TRA": "PPR", "TYPE_3": "Trail", "PAVED": "Y", "MILEAGE": 0.4401574, "Shape__Length": 924.90635501381701 }, "geometry": { "type": "LineString", "coordinates": [ [ -75.206357381847695, 39.9786165008124 ], [ -75.206091108486703, 39.978620536662703 ], [ -75.205869228600605, 39.978658022823403 ], [ -75.205795823941799, 39.978778306651201 ], [ -75.205793581385194, 39.979022080165002 ], [ -75.205805505451806, 39.979255567439502 ], [ -75.205797966786207, 39.979456819616203 ], [ -75.205712181096601, 39.979539725608902 ], [ -75.205593363189195, 39.979584795862401 ], [ -75.205392131935596, 39.979622738077303 ], [ -75.205186595687096, 39.979591678434097 ], [ -75.204976557859297, 39.979496911338003 ], [ -75.204814113461595, 39.979419102097999 ], [ -75.204735669985794, 39.979306051452198 ], [ -75.204686947348804, 39.979135355084502 ], [ -75.204699057826204, 39.979023646944199 ], [ -75.204709250289696, 39.978907927342 ], [ -75.204795830270797, 39.978803837285099 ], [ -75.205010889336293, 39.978580685266799 ], [ -75.205238920669103, 39.978379022047001 ], [ -75.205333970774205, 39.9782327155079 ], [ -75.205338335997993, 39.978116200819102 ], [ -75.205245727830004, 39.978013437623801 ], [ -75.205081303493699, 39.977988589023099 ], [ -75.204823813203902, 39.9780570861505 ], [ -75.204641849469297, 39.978132557616398 ], [ -75.204347753474295, 39.978258547539497 ], [ -75.204123689016598, 39.978354286725903 ], [ -75.203935633529994, 39.978408420440701 ], [ -75.203660664488496, 39.978391718427602 ], [ -75.203448051124198, 39.978365798245903 ], [ -75.203211672779702, 39.978238641428497 ], [ -75.203044137746403, 39.978113011125103 ], [ -75.202700861358693, 39.977713154153399 ], [ -75.202439137395899, 39.977527126361601 ], [ -75.2023583162634, 39.977477627574601 ] ] } },
{ "type": "Feature", "properties": { "OBJECTID": 12, "TYPE": "Designated", "MATERIAL": "Asphalt", "WIDTH": 10, "LIMITS": " ", "TYPE2": "Asphalt Trail", "NAME": "Centennial Loop", "ENTITY_TRA": "PPR", "TYPE_3": "Trail", "PAVED": "Y", "MILEAGE": 0.15901298, "Shape__Length": 333.73916784953599 }, "geometry": { "type": "LineString", "coordinates": [ [ -75.209414907022094, 39.978753179691402 ], [ -75.209249986039296, 39.978734198874498 ], [ -75.209017925646094, 39.978645709182601 ], [ -75.208593195254707, 39.978481097465803 ], [ -75.208504392734298, 39.978458053710803 ], [ -75.208271232444801, 39.978365706143201 ], [ -75.207908926318794, 39.978230257710401 ], [ -75.207580816786205, 39.978112811806099 ], [ -75.207379222870401, 39.9780422388625 ], [ -75.206996422911999, 39.977890231578399 ], [ -75.206707800916803, 39.977781137352501 ] ] } },
{ "type": "Feature", "properties": { "OBJECTID": 13, "TYPE": "Designated", "MATERIAL": "Asphalt", "WIDTH": 10, "LIMITS": " ", "TYPE2": "Asphalt Trail", "NAME": "Centennial Loop", "ENTITY_TRA": "PPR", "TYPE_3": "Trail", "PAVED": "Y", "MILEAGE": 0.0908885, "Shape__Length": 191.21460864652701 }, "geometry": { "type": "LineString", "coordinates": [ [ -75.207417739763699, 39.979693076352802 ], [ -75.207303042303394, 39.979444061288802 ], [ -75.2070758385278, 39.979025588318898 ], [ -75.206946249511205, 39.9787603410618 ], [ -75.206836446114394, 39.978608071890299 ], [ -75.206752308307998, 39.978557672073499 ], [ -75.206674563431605, 39.978563899562197 ] ] } },
{ "type": "Feature", "properties": { "OBJECTID": 14, "TYPE": "Designated", "MATERIAL": "Asphalt", "WIDTH": 10, "LIMITS": " ", "TYPE2": "Asphalt Trail", "NAME": "Centennial Loop", "ENTITY_TRA": "PPR", "TYPE_3": "Trail", "PAVED": "Y", "MILEAGE": 0.25460531, "Shape__Length": 534.38992511210699 }, "geometry": { "type": "LineString", "coordinates": [ [ -75.214029875743805, 39.980399586344802 ], [ -75.213916353263201, 39.980352137614503 ], [ -75.213641615050406, 39.9802442916424 ], [ -75.213455394467204, 39.9801655774803 ], [ -75.213359595733806, 39.980129688728901 ], [ -75.213310633749501, 39.980124297909498 ], [ -75.213078224388298, 39.980148238573001 ], [ -75.212835450232106, 39.980070176125103 ], [ -75.212719054833897, 39.9800239853354 ], [ -75.212510634220905, 39.979942745221599 ], [ -75.212482601168404, 39.979931818830998 ], [ -75.212437306648894, 39.979914164105502 ], [ -75.2120666771157, 39.9797805669727 ], [ -75.211940841374698, 39.979734166600302 ], [ -75.210785540048903, 39.979294243194097 ], [ -75.210559362923107, 39.979214724808003 ], [ -75.209881152121895, 39.9789733169222 ], [ -75.209707487305707, 39.978879097863398 ] ] } },
{ "type": "Feature", "properties": { "OBJECTID": 15, "TYPE": "Designated", "MATERIAL": "Asphalt", "WIDTH": 10, "LIMITS": " ", "TYPE2": "Asphalt Trail", "NAME": "Centennial Loop", "ENTITY_TRA": "PPR", "TYPE_3": "Trail", "PAVED": "Y", "MILEAGE": 0.10504468, "Shape__Length": 220.37598055869401 }, "geometry": { "type": "LineString", "coordinates": [ [ -75.210423235423406, 39.980699800194401 ], [ -75.210656772180101, 39.9806731651598 ], [ -75.211039003736204, 39.980677646819899 ], [ -75.211255119576606, 39.980702304822302 ], [ -75.211507797043794, 39.980733358247001 ], [ -75.211650022421793, 39.980782596616798 ], [ -75.211914653935295, 39.980891808721204 ], [ -75.212042253330793, 39.980934384581602 ], [ -75.2123333177327, 39.9809355203706 ] ] } },
{ "type": "Feature", "properties": { "OBJECTID": 16, "TYPE": "Designated", "MATERIAL": "Asphalt", "WIDTH": 10, "LIMITS": " ", "TYPE2": "Asphalt Trail", "NAME": "Centennial Loop", "ENTITY_TRA": "PPR", "TYPE_3": "Trail", "PAVED": "Y", "MILEAGE": 0.18067953, "Shape__Length": 379.43411266308601 }, "geometry": { "type": "LineString", "coordinates": [ [ -75.210184089760801, 39.980738237192703 ], [ -75.210015954263696, 39.980711062113102 ], [ -75.209830471949104, 39.980696355628801 ], [ -75.209678618753102, 39.980703595619303 ], [ -75.209421915288004, 39.980750917310203 ], [ -75.209072741729202, 39.980875700096597 ], [ -75.208800286514503, 39.980975677643698 ], [ -75.208626789289994, 39.981008939085797 ], [ -75.208345320418999, 39.9809815034235 ], [ -75.208004668316207, 39.980878549608398 ], [ -75.207891597019994, 39.980770034874602 ], [ -75.207792098672599, 39.980585749022701 ], [ -75.207741438222399, 39.980363870304998 ], [ -75.207697411083402, 39.9802515851135 ], [ -75.207543828784097, 39.9801209701685 ] ] } },
{ "type": "Feature", "properties": { "OBJECTID": 17, "TYPE": "Designated", "MATERIAL": "Asphalt", "WIDTH": 10, "LIMITS": " ", "TYPE2": "Asphalt Trail", "NAME": "Centennial Loop", "ENTITY_TRA": "PPR", "TYPE_3": "Trail", "PAVED": "Y", "MILEAGE": 0.03524503, "Shape__Length": 74.207932775596802 }, "geometry": { "type": "LineString", "coordinates": [ [ -75.212348182194106, 39.981090888869502 ], [ -75.212364759330399, 39.9812926742812 ], [ -75.212443142246201, 39.981595389635302 ] ] } },
{ "type": "Feature", "properties": { "OBJECTID": 18, "TYPE": "Designated", "MATERIAL": "Asphalt", "WIDTH": 10, "LIMITS": " ", "TYPE2": "Asphalt Trail", "NAME": "Centennial Loop", "ENTITY_TRA": "PPR", "TYPE_3": "Trail", "PAVED": "Y", "MILEAGE": 0.32877298, "Shape__Length": 690.51200429773905 }, "geometry": { "type": "LineString", "coordinates": [ [ -75.212318825774602, 39.981603242012397 ], [ -75.212184145440006, 39.981700794032697 ], [ -75.211877692966098, 39.981880859516998 ], [ -75.211591002103205, 39.982085213524201 ], [ -75.211285437173302, 39.982241444911502 ], [ -75.210980910284505, 39.982369871040902 ], [ -75.210755467831802, 39.982456316953098 ], [ -75.210684249508006, 39.982499266016902 ], [ -75.210294550640199, 39.982621034138198 ], [ -75.209848229579194, 39.982809925708501 ], [ -75.209669553085106, 39.982889453269202 ], [ -75.209581328391806, 39.982899426985298 ], [ -75.209463519053898, 39.982921771530599 ], [ -75.209164412662901, 39.983029733179002 ], [ -75.208909431592701, 39.983214905771298 ], [ -75.208777383300699, 39.983429302877703 ], [ -75.208802691723093, 39.983673686214303 ], [ -75.208974361843204, 39.983873605655099 ], [ -75.209380907087194, 39.984057522933 ], [ -75.209709195310893, 39.984123095329601 ], [ -75.209968438586898, 39.984192438416898 ], [ -75.210091967791797, 39.984205773430901 ] ] } },
{ "type": "Feature", "properties": { "OBJECTID": 19, "TYPE": "Designated", "MATERIAL": "Asphalt", "WIDTH": 10, "LIMITS": " ", "TYPE2": "Asphalt Trail", "NAME": "Centennial Loop", "ENTITY_TRA": "PPR", "TYPE_3": "Trail", "PAVED": "Y", "MILEAGE": 0.01465641, "Shape__Length": 30.8581209214741 }, "geometry": { "type": "LineString", "coordinates": [ [ -75.219221340833897, 39.982542035142203 ], [ -75.219208040869404, 39.982512410725398 ], [ -75.219188401404594, 39.982441726723103 ], [ -75.219181094019206, 39.982398730270504 ], [ -75.219176666152507, 39.982333369639598 ] ] } },
{ "type": "Feature", "properties": { "OBJECTID": 20, "TYPE": "Designated", "MATERIAL": "Asphalt", "WIDTH": 10, "LIMITS": " ", "TYPE2": "Asphalt Trail", "NAME": "Centennial Loop", "ENTITY_TRA": "PPR", "TYPE_3": "Trail", "PAVED": "Y", "MILEAGE": 0.14233191, "Shape__Length": 299.65608780905302 }, "geometry": { "type": "LineString", "coordinates": [ [ -75.2149214261499, 39.982478672126703 ], [ -75.214832700272396, 39.982168852928297 ], [ -75.214740178053006, 39.981857465828597 ], [ -75.214673139254998, 39.981586700991997 ], [ -75.214596467514198, 39.981315722389397 ], [ -75.214511544076203, 39.981007470817801 ], [ -75.214440100021605, 39.980751444352798 ], [ -75.214377351377394, 39.980520832565901 ], [ -75.214368299331198, 39.980485126827297 ], [ -75.214365427741896, 39.9804737963658 ], [ -75.214362222220103, 39.980461152075002 ] ] } },
{ "type": "Feature", "properties": { "OBJECTID": 21, "TYPE": "Designated", "MATERIAL": "Asphalt", "WIDTH": 10, "LIMITS": " ", "TYPE2": "Asphalt Trail", "NAME": "Centennial Loop", "ENTITY_TRA": "PPR", "TYPE_3": "Trail", "PAVED": "Y", "MILEAGE": 0.0324633, "Shape__Length": 68.186048331038606 }, "geometry": { "type": "LineString", "coordinates": [ [ -75.2149214261499, 39.982478672126703 ], [ -75.215038167139895, 39.9825796751512 ], [ -75.215162912032795, 39.982657976623898 ], [ -75.215273196342395, 39.982702717970703 ], [ -75.215408034646103, 39.982753768779801 ] ] } },
{ "type": "Feature", "properties": { "OBJECTID": 22, "TYPE": "Designated", "MATERIAL": "Asphalt", "WIDTH": 10, "LIMITS": " ", "TYPE2": "Asphalt Trail", "NAME": "Centennial Loop", "ENTITY_TRA": "PPR", "TYPE_3": "Trail", "PAVED": "Y", "MILEAGE": 0.03060031, "Shape__Length": 64.3415823248544 }, "geometry": { "type": "LineString", "coordinates": [ [ -75.215474228360605, 39.9829582791793 ], [ -75.215357526225404, 39.983021875856402 ], [ -75.215250809480807, 39.983092043207201 ], [ -75.215196515975606, 39.9831784780893 ], [ -75.215145283744704, 39.983301854909399 ] ] } },
{ "type": "Feature", "properties": { "OBJECTID": 23, "TYPE": "Designated", "MATERIAL": "Asphalt", "WIDTH": 10, "LIMITS": " ", "TYPE2": "Asphalt Trail", "NAME": "Centennial Loop", "ENTITY_TRA": "PPR", "TYPE_3": "Trail", "PAVED": "Y", "MILEAGE": 0.05802473, "Shape__Length": 122.16469713894 }, "geometry": { "type": "LineString", "coordinates": [ [ -75.215145283744704, 39.983301854909399 ], [ -75.215067731989194, 39.983002668580497 ], [ -75.215011691780603, 39.982798911079399 ], [ -75.2149810428905, 39.982689926623301 ], [ -75.2149214261499, 39.982478672126703 ] ] } },
{ "type": "Feature", "properties": { "OBJECTID": 24, "TYPE": "Designated", "MATERIAL": "Asphalt", "WIDTH": 10, "LIMITS": " ", "TYPE2": "Asphalt Trail", "NAME": "Centennial Loop", "ENTITY_TRA": "PPR", "TYPE_3": "Trail", "PAVED": "Y", "MILEAGE": 0.12807389, "Shape__Length": 268.65311519789799 }, "geometry": { "type": "LineString", "coordinates": [ [ -75.210171463352196, 39.9841068231826 ], [ -75.210335508292104, 39.9841422560106 ], [ -75.210529469239006, 39.984114745220602 ], [ -75.210813130080695, 39.984083918087101 ], [ -75.211808689534493, 39.983994629105197 ], [ -75.212092605532703, 39.983965968682298 ], [ -75.212472394360702, 39.983935098920703 ], [ -75.212560115301798, 39.983944148180001 ] ] } },
{ "type": "Feature", "properties": { "OBJECTID": 25, "TYPE": "Designated", "MATERIAL": "Asphalt", "WIDTH": 0, "LIMITS": " ", "TYPE2": "Asphalt Sidepath", "NAME": "58th Street Greenway", "ENTITY_TRA": "Streets", "TYPE_3": "Sidepath", "PAVED": " ", "MILEAGE": 0.71965644, "Shape__Length": 1511.5311322963801 }, "geometry": { "type": "LineString", "coordinates": [ [ -75.220676082681393, 39.9290390324093 ], [ -75.223193334503307, 39.931333370944799 ], [ -75.225778930949502, 39.933408871384799 ], [ -75.228535911695801, 39.935718220824199 ], [ -75.229894393849605, 39.934764404015603 ] ] } },
{ "type": "Feature", "properties": { "OBJECTID": 26, "TYPE": "Designated", "MATERIAL": "Asphalt", "WIDTH": 0, "LIMITS": " ", "TYPE2": "Asphalt Sidepath", "NAME": "Navy Yard Path", "ENTITY_TRA": "PIDC", "TYPE_3": "Sidepath", "PAVED": "Y", "MILEAGE": 1.40979897, "Shape__Length": 2953.6507680408099 }, "geometry": { "type": "LineString", "coordinates": [ [ -75.175520039955998, 39.887315427099502 ], [ -75.173297862550399, 39.887297494419798 ], [ -75.171461431960907, 39.886968126297603 ], [ -75.163503864986396, 39.8875409790163 ], [ -75.162784222895695, 39.888436941696902 ], [ -75.159223823668398, 39.888644576900099 ], [ -75.158025974895295, 39.8879133316861 ], [ -75.150107863833099, 39.888534162836699 ] ] } },
{ "type": "Feature", "properties": { "OBJECTID": 27, "TYPE": "Designated", "MATERIAL": "Asphalt", "WIDTH": 0, "LIMITS": " ", "TYPE2": "Asphalt Trail", "NAME": "Bartram's Trail", "ENTITY_TRA": "Bartram's", "TYPE_3": "Trail", "PAVED": " ", "MILEAGE": 0.31860357, "Shape__Length": 668.61771960857504 }, "geometry": { "type": "LineString", "coordinates": [ [ -75.207045946663399, 39.935159795083102 ], [ -75.208004522342407, 39.934446984387201 ], [ -75.208296914821005, 39.934407419076202 ], [ -75.208472776008506, 39.934325011112897 ], [ -75.208778584678697, 39.934380463498698 ], [ -75.209021147488002, 39.934429739380803 ], [ -75.209365372974503, 39.934374649401398 ], [ -75.209699407698906, 39.934156272720699 ], [ -75.209798000648604, 39.9341176221685 ], [ -75.209885836688798, 39.934083188744502 ], [ -75.210027070258803, 39.934078687991402 ], [ -75.210192556328195, 39.934087169717003 ], [ -75.210267665629402, 39.934086424676799 ], [ -75.210393166651201, 39.933992872226902 ], [ -75.210555479671598, 39.933835112094997 ], [ -75.210668926948898, 39.933729251453798 ], [ -75.210689050393796, 39.933609282488902 ], [ -75.210718462631803, 39.933491928472101 ], [ -75.210820394474297, 39.933359321441699 ], [ -75.210980727385305, 39.933254498590401 ], [ -75.211182302763206, 39.933218020491402 ], [ -75.211543360223303, 39.933266953521503 ], [ -75.211839605292397, 39.933208486795401 ] ] } },
{ "type": "Feature", "properties": { "OBJECTID": 28, "TYPE": "Designated", "MATERIAL": "Asphalt", "WIDTH": 0, "LIMITS": " ", "TYPE2": "Asphalt Trail", "NAME": "Fluehr Park Trail", "ENTITY_TRA": "PPR", "TYPE_3": "Trail", "PAVED": "Y", "MILEAGE": 0.86790545, "Shape__Length": 1825.5634769708099 }, "geometry": { "type": "LineString", "coordinates": [ [ -74.992269208658001, 40.052919605254203 ], [ -74.991667641021607, 40.0535232745356 ], [ -74.990917305423594, 40.053915090215703 ], [ -74.990963705625504, 40.054064014612301 ], [ -74.990202714517807, 40.054502600224403 ], [ -74.989260776205697, 40.053801389443102 ], [ -74.986593657694002, 40.055746129508798 ], [ -74.986680716166205, 40.055969937555197 ], [ -74.986859769715807, 40.056081742416403 ], [ -74.986852647712496, 40.056471250422298 ], [ -74.987087378737698, 40.056718765667803 ], [ -74.987424480583996, 40.056814213485602 ], [ -74.987677788412995, 40.056820304244098 ], [ -74.988050112795804, 40.056694884081502 ], [ -74.988303976138994, 40.056472553693702 ], [ -74.988607240950699, 40.056325315720002 ], [ -74.988945988226206, 40.056165492119497 ], [ -74.989260436575293, 40.056173048816603 ], [ -74.989504188446205, 40.056199061933299 ], [ -74.989911718861507, 40.0560677625745 ], [ -74.990305870461796, 40.056050356920899 ], [ -74.990489844696199, 40.056041338445297 ], [ -74.990847420862394, 40.055848368985302 ], [ -74.991090898618495, 40.055666095203598 ], [ -74.991499240778694, 40.055299659521303 ], [ -74.991608421861102, 40.055194782930002 ], [ -74.991558196529994, 40.054924833119898 ], [ -74.991110280446307, 40.054544554693898 ], [ -74.990756262880694, 40.054220278292597 ] ] } },
{ "type": "Feature", "properties": { "OBJECTID": 29, "TYPE": "Designated", "MATERIAL": "Asphalt", "WIDTH": 0, "LIMITS": " ", "TYPE2": "Asphalt Trail", "NAME": "Northeast Airport Trail", "ENTITY_TRA": "PHL NE Airport", "TYPE_3": "Trail", "PAVED": "Y", "MILEAGE": 4.1243031, "Shape__Length": 8680.4896561079095 }, "geometry": { "type": "LineString", "coordinates": [ [ -75.008592972460704, 40.090015639029403 ], [ -74.995501511996594, 40.098972641396003 ], [ -74.989429250241002, 40.094078712609601 ], [ -75.003247531102105, 40.084574933319203 ], [ -74.997518740758395, 40.080130528206197 ], [ -75.000496135163601, 40.076589180982403 ], [ -75.001956475880306, 40.074771487843599 ], [ -75.002515175116699, 40.0728859086813 ], [ -75.003222669321104, 40.071791248000999 ], [ -75.004650993675298, 40.070760123435903 ], [ -75.0073006428849, 40.069341299086702 ], [ -75.012857335017301, 40.072067457100303 ], [ -75.012420793674494, 40.0724275816792 ] ] } },
{ "type": "Feature", "properties": { "OBJECTID": 30, "TYPE": "Designated", "MATERIAL": "Asphalt", "WIDTH": 0, "LIMITS": " ", "TYPE2": "Asphalt Trail", "NAME": "Pennypack Trail/Lorimer Trail", "ENTITY_TRA": "Mont Co?", "TYPE_3": "Outside Philly Trail", "PAVED": "Y", "MILEAGE": 0.00041489, "Shape__Length": 0.87303280977976006 }, "geometry": { "type": "LineString", "coordinates": [ [ -75.074899461378806, 40.096557115463703 ], [ -75.074905554088602, 40.096560892930903 ] ] } },
{ "type": "Feature", "properties": { "OBJECTID": 31, "TYPE": "Designated", "MATERIAL": "Asphalt", "WIDTH": 0, "LIMITS": " ", "TYPE2": "Asphalt Trail", "NAME": "Race Street Connector Trail", "ENTITY_TRA": "PPR?", "TYPE_3": "Trail", "PAVED": "Y", "MILEAGE": 0.05955872, "Shape__Length": 125.366030891552 }, "geometry": { "type": "LineString", "coordinates": [ [ -75.178315249505999, 39.958130200443598 ], [ -75.178276487466803, 39.957853222711101 ], [ -75.178304059014096, 39.957496523719797 ], [ -75.178319687988093, 39.9572694910621 ] ] } },
{ "type": "Feature", "properties": { "OBJECTID": 32, "TYPE": "Designated", "MATERIAL": "Asphalt", "WIDTH": 0, "LIMITS": " ", "TYPE2": "Asphalt Trail", "NAME": "Schuylkill River Trail", "ENTITY_TRA": "PPR", "TYPE_3": "Trail", "PAVED": "Y", "MILEAGE": 0.76699409, "Shape__Length": 1613.8189066513401 }, "geometry": { "type": "LineString", "coordinates": [ [ -75.253985995945698, 40.0478215963537 ], [ -75.254880071853194, 40.048385498478602 ], [ -75.258925897130098, 40.051337115178598 ], [ -75.261358913707795, 40.053195690935901 ], [ -75.261710421268702, 40.0534715537229 ], [ -75.262534189470699, 40.054181267759098 ], [ -75.262930053978707, 40.054666655711301 ], [ -75.263371101626007, 40.055427414691202 ], [ -75.263569991097597, 40.055968086426603 ] ] } },
{ "type": "Feature", "properties": { "OBJECTID": 33, "TYPE": "Designated", "MATERIAL": "Asphalt", "WIDTH": 0, "LIMITS": " ", "TYPE2": "Asphalt Trail", "NAME": "Shawmont to Port Royal SRT", "ENTITY_TRA": "PPR", "TYPE_3": "Trail", "PAVED": "Y", "MILEAGE": 0.29792724, "Shape__Length": 626.622124357404 }, "geometry": { "type": "LineString", "coordinates": [ [ -75.249884797328306, 40.044874380588901 ], [ -75.251511645801003, 40.0460818904969 ], [ -75.251961151191594, 40.046356596088899 ], [ -75.252755205099703, 40.046919776696399 ], [ -75.253224119575293, 40.047235039800498 ], [ -75.253661725490105, 40.0475496205516 ], [ -75.253985995945698, 40.0478215963537 ] ] } },
{ "type": "Feature", "properties": { "OBJECTID": 34, "TYPE": "Designated", "MATERIAL": "Asphalt", "WIDTH": null, "LIMITS": " ", "TYPE2": "Asphalt Trail", "NAME": "Sugar House Casino Trail", "ENTITY_TRA": "Sugar House", "TYPE_3": "Trail", "PAVED": "Yes", "MILEAGE": 0.3668983, "Shape__Length": 771.00159866562205 }, "geometry": { "type": "LineString", "coordinates": [ [ -75.133524054412803, 39.963851593599699 ], [ -75.133427641020205, 39.963784466080199 ], [ -75.1333869467433, 39.9637792473291 ], [ -75.133284137114501, 39.963794067135197 ], [ -75.133163787048701, 39.963829942908298 ], [ -75.133121771581202, 39.9638590220979 ], [ -75.133099925026201, 39.963847080789101 ], [ -75.132145771470206, 39.963185933491197 ], [ -75.131997868815702, 39.963116761281 ], [ -75.131794840770993, 39.963079229171299 ], [ -75.131568322115001, 39.963217098520701 ], [ -75.131342321946207, 39.963437940344797 ], [ -75.131069739949496, 39.963613377179797 ], [ -75.130702656939505, 39.963780934514801 ], [ -75.130113917752098, 39.964152665853199 ], [ -75.130058610738899, 39.964390265021997 ], [ -75.131025213094006, 39.965949724194303 ] ] } },
{ "type": "Feature", "properties": { "OBJECTID": 35, "TYPE": "Designated", "MATERIAL": "Asphalt", "WIDTH": 0, "LIMITS": " ", "TYPE2": "Asphalt Trail", "NAME": "Tacony Creek Trail", "ENTITY_TRA": "PPR", "TYPE_3": "Trail", "PAVED": "Y", "MILEAGE": 0.39358013, "Shape__Length": 827.87513747525804 }, "geometry": { "type": "LineString", "coordinates": [ [ -75.103902981597003, 40.020866763856397 ], [ -75.103992919444806, 40.020848257645298 ], [ -75.104095788971804, 40.02082709215 ], [ -75.104425043150499, 40.0207008750711 ], [ -75.104471806703003, 40.020689096529402 ], [ -75.104712647445595, 40.020628434415698 ], [ -75.104921849806004, 40.020588441636598 ], [ -75.105166935570793, 40.020541587378403 ], [ -75.105329645871393, 40.020465040368201 ], [ -75.105521955517503, 40.020350496202802 ], [ -75.105692656600695, 40.020239347481102 ], [ -75.105909090604797, 40.020090107164499 ], [ -75.1061255597306, 40.0199408429418 ], [ -75.106156250551805, 40.0199196797385 ], [ -75.106242609216196, 40.019832374004999 ], [ -75.106372977752997, 40.019682546983503 ], [ -75.106505596822899, 40.0195228233449 ], [ -75.106647391719704, 40.019352046098199 ], [ -75.1066964835221, 40.019281648693202 ], [ -75.106821632169499, 40.019102189552001 ], [ -75.107290217181202, 40.018587040070102 ], [ -75.107376236333906, 40.01851586862 ], [ -75.1076671625556, 40.018069026800099 ], [ -75.107818290974507, 40.0178369027443 ], [ -75.107949300201398, 40.017635680482798 ], [ -75.108018182144605, 40.017483666580503 ], [ -75.108057211555007, 40.017336434136702 ], [ -75.108060526141401, 40.017190209027397 ], [ -75.108027837051907, 40.017052298276397 ], [ -75.1079588634598, 40.016930012663103 ], [ -75.107814598914899, 40.0167255278825 ], [ -75.107782336127897, 40.016679797872897 ] ] } },
{ "type": "Feature", "properties": { "OBJECTID": 36, "TYPE": "Designated", "MATERIAL": "Asphalt", "WIDTH": 0, "LIMITS": " ", "TYPE2": "Asphalt Trail", "NAME": "Tacony Creek Trail", "ENTITY_TRA": "PPR", "TYPE_3": "Trail", "PAVED": "Y", "MILEAGE": 3.224e-05, "Shape__Length": 0.067677247956428294 }, "geometry": { "type": "LineString", "coordinates": [ [ -75.103902394435593, 40.020866884579803 ], [ -75.103902981597003, 40.020866763856397 ] ] } },
{ "type": "Feature", "properties": { "OBJECTID": 37, "TYPE": "Designated", "MATERIAL": "Asphalt", "WIDTH": 0, "LIMITS": " ", "TYPE2": "Asphalt Trail", "NAME": "Tacony Creek Trail", "ENTITY_TRA": "PPR", "TYPE_3": "Trail", "PAVED": "Y", "MILEAGE": 0.1539501, "Shape__Length": 323.32910488910102 }, "geometry": { "type": "LineString", "coordinates": [ [ -75.112396144061407, 40.021703990753501 ], [ -75.112344182379502, 40.021783629507098 ], [ -75.112298705720704, 40.021816565446798 ], [ -75.112221636775203, 40.021828387162998 ], [ -75.112071244205197, 40.021789070508497 ], [ -75.111846932831696, 40.0217654110902 ], [ -75.111577327506296, 40.021727501436096 ], [ -75.111416807812404, 40.021708345141697 ], [ -75.111315723163898, 40.021692039285298 ], [ -75.111138195319498, 40.021627056413202 ], [ -75.111038959682602, 40.0215846593157 ], [ -75.110952850709296, 40.021562620744902 ], [ -75.110836107737995, 40.021567961363502 ], [ -75.110671457140995, 40.021597608896997 ], [ -75.110464186632598, 40.021694475530801 ], [ -75.110325781209397, 40.021764842439602 ], [ -75.110151841099494, 40.021854451931802 ], [ -75.109970094609395, 40.021921148694602 ], [ -75.1098906469539, 40.021951415935199 ], [ -75.109847587936102, 40.0219851940195 ], [ -75.109809811800801, 40.022024824107497 ] ] } },
{ "type": "Feature", "properties": { "OBJECTID": 38, "TYPE": "Designated", "MATERIAL": "Asphalt", "WIDTH": 0, "LIMITS": " ", "TYPE2": "Asphalt Trail", "NAME": "Tacony Creek Trail", "ENTITY_TRA": "PPR", "TYPE_3": "Trail", "PAVED": "Y", "MILEAGE": 0.00588774, "Shape__Length": 12.3745051529084 }, "geometry": { "type": "LineString", "coordinates": [ [ -75.112348697546295, 40.021781105816601 ], [ -75.112405514338207, 40.021783778639502 ], [ -75.112431828536401, 40.021747458850598 ] ] } },
{ "type": "Feature", "properties": { "OBJECTID": 39, "TYPE": "Designated", "MATERIAL": "Asphalt", "WIDTH": 0, "LIMITS": " ", "TYPE2": "Asphalt Trail", "NAME": "Tacony Creek Trail", "ENTITY_TRA": "PPR", "TYPE_3": "Trail", "PAVED": "Y", "MILEAGE": 0.41691819, "Shape__Length": 875.96487022441602 }, "geometry": { "type": "LineString", "coordinates": [ [ -75.109809811800801, 40.022024824107497 ], [ -75.109659467626301, 40.021947438638698 ], [ -75.109542406528803, 40.0219012857455 ], [ -75.109454518572704, 40.021882199268802 ], [ -75.109300572580693, 40.0218582814569 ], [ -75.109139264148993, 40.021865517555497 ], [ -75.108870102353706, 40.021925351960903 ], [ -75.1080588233458, 40.022123626365101 ], [ -75.107898472011996, 40.022145875018303 ], [ -75.1075841704005, 40.022183444959303 ], [ -75.107410299016806, 40.0221756504897 ], [ -75.107253219843003, 40.022171249858303 ], [ -75.107060726099107, 40.022138291161198 ], [ -75.106896696296005, 40.022115496789802 ], [ -75.106731805588495, 40.0221148720711 ], [ -75.106470938250197, 40.022143735076597 ], [ -75.106251877895303, 40.022157709967999 ], [ -75.106012331563207, 40.022186816827002 ], [ -75.105818151470899, 40.0222170741526 ], [ -75.105589797531294, 40.022281271758402 ], [ -75.105465286660802, 40.022342395676603 ], [ -75.105405097814995, 40.022384359986603 ], [ -75.105312994146601, 40.022429595231301 ], [ -75.105200498742406, 40.022471204430701 ], [ -75.105047589968194, 40.022496096596498 ], [ -75.104893943654901, 40.022493838790197 ], [ -75.104744213878703, 40.022483285992998 ], [ -75.104553167194993, 40.022439063782898 ], [ -75.104411072689402, 40.022386272149703 ], [ -75.104308887621798, 40.022332963599297 ], [ -75.104230521372799, 40.022297223353398 ], [ -75.104131695910397, 40.022235995382601 ], [ -75.104010803043494, 40.022098783853899 ], [ -75.103868890518299, 40.021887736561403 ], [ -75.103818321046006, 40.021703656228397 ], [ -75.103784458998504, 40.021505753400398 ], [ -75.103791559352501, 40.0213627663762 ], [ -75.103874469194395, 40.021124159842699 ], [ -75.103914329149006, 40.020967091318397 ], [ -75.103902981597003, 40.020866763856397 ] ] } },
{ "type": "Feature", "properties": { "OBJECTID": 40, "TYPE": "Designated", "MATERIAL": "Asphalt", "WIDTH": 0, "LIMITS": " ", "TYPE2": "Asphalt Trail", "NAME": "Tacony Creek Trail", "ENTITY_TRA": "PPR", "TYPE_3": "Trail", "PAVED": "Y", "MILEAGE": 0.28343669, "Shape__Length": 596.49263401654002 }, "geometry": { "type": "LineString", "coordinates": [ [ -75.112148231642095, 40.025279091762002 ], [ -75.112065101282596, 40.025143527022301 ], [ -75.112016817424106, 40.024945331996797 ], [ -75.111992831108495, 40.024804329343802 ], [ -75.111998770935699, 40.024575665459203 ], [ -75.111974175319105, 40.024298728430303 ], [ -75.111923343548497, 40.0241661698036 ], [ -75.111829205909899, 40.024021754348098 ], [ -75.111628818327105, 40.023647804797697 ], [ -75.111575240173096, 40.023418536594697 ], [ -75.111557677926001, 40.023112310842798 ], [ -75.111538789971107, 40.022991813698503 ], [ -75.111508689709595, 40.022926853416998 ], [ -75.111424310794007, 40.0228093737271 ], [ -75.111339385101701, 40.022706026677199 ], [ -75.111198615673302, 40.022540089304798 ], [ -75.111050163560904, 40.022414061125403 ], [ -75.110912398266606, 40.022334624646597 ], [ -75.110784297226203, 40.022274178575202 ], [ -75.110528609653201, 40.022229521388802 ], [ -75.110282619633097, 40.022203808163503 ], [ -75.110190984256704, 40.0221896656723 ], [ -75.110115248590603, 40.0221692038835 ], [ -75.1100435079493, 40.022135459890997 ], [ -75.109809811800801, 40.022024824107497 ] ] } },
{ "type": "Feature", "properties": { "OBJECTID": 41, "TYPE": "Designated", "MATERIAL": "Asphalt", "WIDTH": 0, "LIMITS": " ", "TYPE2": "Asphalt Trail", "NAME": "Tacony Creek Trail", "ENTITY_TRA": "PPR", "TYPE_3": "Trail", "PAVED": "Y", "MILEAGE": 0.00642789, "Shape__Length": 13.502027718473601 }, "geometry": { "type": "LineString", "coordinates": [ [ -75.112255575467103, 40.025322333549099 ], [ -75.112148231642095, 40.025279091762002 ] ] } },
{ "type": "Feature", "properties": { "OBJECTID": 42, "TYPE": "Designated", "MATERIAL": "Asphalt", "WIDTH": 0, "LIMITS": " ", "TYPE2": "Asphalt Trail", "NAME": "Tacony Creek Trail", "ENTITY_TRA": "PPR", "TYPE_3": "Trail", "PAVED": "Y", "MILEAGE": 0.01231033, "Shape__Length": 25.909481693951999 }, "geometry": { "type": "LineString", "coordinates": [ [ -75.112255575467103, 40.025322333549099 ], [ -75.112176921549505, 40.025374895025202 ], [ -75.112148231642095, 40.025279091762002 ] ] } },
{ "type": "Feature", "properties": { "OBJECTID": 43, "TYPE": "Designated", "MATERIAL": "Asphalt", "WIDTH": 0, "LIMITS": " ", "TYPE2": "Asphalt Trail", "NAME": "Tacony Creek Trail", "ENTITY_TRA": "PPR", "TYPE_3": "Trail", "PAVED": "Y", "MILEAGE": 0.14738494, "Shape__Length": 309.811819988813 }, "geometry": { "type": "LineString", "coordinates": [ [ -75.114329346130901, 40.026499308983396 ], [ -75.114204559593901, 40.026504287498099 ], [ -75.114145325888501, 40.026511988695603 ], [ -75.114089828264696, 40.026499388930098 ], [ -75.114047250106097, 40.026457634642902 ], [ -75.114028662395796, 40.0264051059727 ], [ -75.113945790669703, 40.026262751290403 ], [ -75.113774993290804, 40.026032296515702 ], [ -75.113620280025799, 40.0258429858931 ], [ -75.113453745605696, 40.025730426341298 ], [ -75.113329173470703, 40.025675463304601 ], [ -75.113050896110096, 40.025632828905302 ], [ -75.112691154578997, 40.025563403202597 ], [ -75.112558630261404, 40.025485602091102 ], [ -75.112451900448505, 40.025426518378403 ], [ -75.112354002355801, 40.025367635612596 ], [ -75.112255575467103, 40.025322333549099 ] ] } },
{ "type": "Feature", "properties": { "OBJECTID": 44, "TYPE": "Designated", "MATERIAL": "Asphalt", "WIDTH": 0, "LIMITS": " ", "TYPE2": "Asphalt Trail", "NAME": "Tacony Creek Trail", "ENTITY_TRA": "PPR", "TYPE_3": "Trail", "PAVED": "Y", "MILEAGE": 0.01006324, "Shape__Length": 21.147989175207201 }, "geometry": { "type": "LineString", "coordinates": [ [ -75.113280837310796, 40.036256128864999 ], [ -75.113440565419594, 40.036334872945403 ] ] } },
{ "type": "Feature", "properties": { "OBJECTID": 45, "TYPE": "Designated", "MATERIAL": "Asphalt", "WIDTH": 0, "LIMITS": " ", "TYPE2": "Asphalt Trail", "NAME": "Tacony Creek Trail", "ENTITY_TRA": "PPR", "TYPE_3": "Trail", "PAVED": "Y", "MILEAGE": 0.02695621, "Shape__Length": 56.595093135857397 }, "geometry": { "type": "LineString", "coordinates": [ [ -75.113262664513201, 40.0426074106201 ], [ -75.113230516546196, 40.042601155665203 ], [ -75.1131088204192, 40.042587022604899 ], [ -75.112875155778895, 40.042554452653803 ], [ -75.112761609822897, 40.042542367861003 ] ] } },
{ "type": "Feature", "properties": { "OBJECTID": 46, "TYPE": "Designated", "MATERIAL": "Asphalt", "WIDTH": 0, "LIMITS": " ", "TYPE2": "Asphalt Trail", "NAME": "W Fairmount Park Trolley Trail", "ENTITY_TRA": "PPR", "TYPE_3": "Trail", "PAVED": "Y", "MILEAGE": 0.25155376, "Shape__Length": 527.89969465880404 }, "geometry": { "type": "LineString", "coordinates": [ [ -75.221987139310798, 39.981099671817098 ], [ -75.222381856810898, 39.981318148958501 ], [ -75.223060196996798, 39.981576243792396 ], [ -75.223703690026696, 39.9817715868748 ], [ -75.224270056584501, 39.9817077678765 ], [ -75.224923118533297, 39.981645853611198 ], [ -75.225713824755104, 39.981882566097902 ], [ -75.226122361153301, 39.982063192033003 ], [ -75.226376792561396, 39.982054483722003 ] ] } },
{ "type": "Feature", "properties": { "OBJECTID": 47, "TYPE": "Designated", "MATERIAL": "Asphalt", "WIDTH": 0, "LIMITS": " ", "TYPE2": "Asphalt Trail", "NAME": "Delaware River Trail", "ENTITY_TRA": "DRWC", "TYPE_3": "Trail", "PAVED": "Y", "MILEAGE": 0.54596445, "Shape__Length": 1147.55516922112 }, "geometry": { "type": "LineString", "coordinates": [ [ -75.143262917254106, 39.933208269109102 ], [ -75.142794513084596, 39.9331596142937 ], [ -75.142675226650496, 39.933044169930497 ], [ -75.142183968573207, 39.933005905285803 ], [ -75.142181446615098, 39.932612982856597 ], [ -75.142160824878403, 39.932233196621297 ], [ -75.142520250866895, 39.932038163477699 ], [ -75.142460828409995, 39.931752323297502 ], [ -75.142476925987097, 39.931332730498703 ], [ -75.142288202305807, 39.931206515442703 ], [ -75.141657863022999, 39.931124444872196 ], [ -75.141396736007593, 39.931050769929897 ], [ -75.141272708797899, 39.9306144427132 ], [ -75.141251134841397, 39.929801126818198 ], [ -75.141060423036805, 39.929268452222999 ], [ -75.140980830573696, 39.929049888443501 ], [ -75.141131688038598, 39.928473847918703 ], [ -75.141248865148498, 39.9280264082158 ], [ -75.141139827250996, 39.927658157044803 ], [ -75.140915954309406, 39.9275311397639 ], [ -75.140770719279701, 39.927189158379399 ], [ -75.140669301493006, 39.926933861209299 ] ] } },
{ "type": "Feature", "properties": { "OBJECTID": 48, "TYPE": "Designated", "MATERIAL": "Asphalt", "WIDTH": 0, "LIMITS": " ", "TYPE2": "Bridge", "NAME": "Schuylkill River Park Connector Bridge", "ENTITY_TRA": "PPR SRDC", "TYPE_3": "Trail Connection", "PAVED": " ", "MILEAGE": 0.14014217, "Shape__Length": 294.39244268812598 }, "geometry": { "type": "LineString", "coordinates": [ [ -75.181891460532796, 39.950138655056499 ], [ -75.181869297524798, 39.950106737016696 ], [ -75.181866123869298, 39.950092362413898 ], [ -75.181882005367697, 39.9500655407656 ], [ -75.181926416074404, 39.950021479046697 ], [ -75.182016163750305, 39.949933375395801 ], [ -75.182077043874799, 39.949896119137598 ], [ -75.182151217514104, 39.9498512928011 ], [ -75.182212420398699, 39.949805460668301 ], [ -75.182180789182993, 39.949781866922997 ], [ -75.182561046730697, 39.949481420860202 ], [ -75.182283811401405, 39.9492728204565 ], [ -75.182718679543399, 39.948941055450497 ], [ -75.182474090993907, 39.948753806659298 ], [ -75.182382769897004, 39.948820096165399 ] ] } },
{ "type": "Feature", "properties": { "OBJECTID": 49, "TYPE": "Designated", "MATERIAL": "Asphalt", "WIDTH": 0, "LIMITS": " ", "TYPE2": "Dirt Trail", "NAME": "Centennial Loop", "ENTITY_TRA": "PPR", "TYPE_3": "Trail", "PAVED": "Y", "MILEAGE": 0.05117617, "Shape__Length": 107.746748594986 }, "geometry": { "type": "LineString", "coordinates": [ [ -75.215596928644104, 39.984925395782298 ], [ -75.215797886798299, 39.985608877473702 ], [ -75.215809649523806, 39.9856488821206 ] ] } },
{ "type": "Feature", "properties": { "OBJECTID": 50, "TYPE": "Designated", "MATERIAL": "Asphalt", "WIDTH": 0, "LIMITS": " ", "TYPE2": "Parking Lot", "NAME": "Manayunk Canal Towpath/Lock St to Shawmont", "ENTITY_TRA": "PPR", "TYPE_3": "Trail Connection", "PAVED": "Y", "MILEAGE": 0.01887792, "Shape__Length": 39.683212283936498 }, "geometry": { "type": "LineString", "coordinates": [ [ -75.220117122849402, 40.023123285797197 ], [ -75.219843959982299, 40.0232986825892 ] ] } },
{ "type": "Feature", "properties": { "OBJECTID": 51, "TYPE": "Designated", "MATERIAL": "Asphalt", "WIDTH": 0, "LIMITS": " ", "TYPE2": "Road Crossing", "NAME": "Boxer's Trail", "ENTITY_TRA": "PPR", "TYPE_3": "Trail Connection", "PAVED": "Y", "MILEAGE": 0.01077193, "Shape__Length": 22.602620191385899 }, "geometry": { "type": "LineString", "coordinates": [ [ -75.191082039415903, 39.981501092104203 ], [ -75.191273800061694, 39.981552231753398 ] ] } },
{ "type": "Feature", "properties": { "OBJECTID": 52, "TYPE": "Designated", "MATERIAL": "Asphalt", "WIDTH": 0, "LIMITS": " ", "TYPE2": "Road Crossing", "NAME": "Boxer's Trail", "ENTITY_TRA": "PPR", "TYPE_3": "Trail Connection", "PAVED": "Y", "MILEAGE": 0.01239097, "Shape__Length": 25.999501205604599 }, "geometry": { "type": "LineString", "coordinates": [ [ -75.193866524361198, 39.982397045778299 ], [ -75.194087905215198, 39.982454076084203 ] ] } },
{ "type": "Feature", "properties": { "OBJECTID": 53, "TYPE": "Designated", "MATERIAL": "Asphalt", "WIDTH": 0, "LIMITS": " ", "TYPE2": "Road Crossing", "NAME": "Boxer's Trail", "ENTITY_TRA": "PPR", "TYPE_3": "Trail Connection", "PAVED": "Y", "MILEAGE": 0.00990661, "Shape__Length": 20.818503476558401 }, "geometry": { "type": "LineString", "coordinates": [ [ -75.195135382781203, 39.983289187967699 ], [ -75.195269440469303, 39.983389102432298 ] ] } },
{ "type": "Feature", "properties": { "OBJECTID": 54, "TYPE": "Designated", "MATERIAL": "Asphalt", "WIDTH": 0, "LIMITS": " ", "TYPE2": "Road Crossing", "NAME": "Boxer's Trail", "ENTITY_TRA": "PPR", "TYPE_3": "Trail Connection", "PAVED": "Y", "MILEAGE": 0.01470747, "Shape__Length": 30.858429928143799 }, "geometry": { "type": "LineString", "coordinates": [ [ -75.189514501132805, 39.9921131716169 ], [ -75.189491694633105, 39.992099291908403 ], [ -75.189245099164097, 39.992120050601699 ] ] } },
{ "type": "Feature", "properties": { "OBJECTID": 55, "TYPE": "Designated", "MATERIAL": "Asphalt", "WIDTH": 0, "LIMITS": " ", "TYPE2": "Road Crossing", "NAME": "Boxer's Trail", "ENTITY_TRA": "PPR", "TYPE_3": "Trail Connection", "PAVED": "Y", "MILEAGE": 0.02042308, "Shape__Length": 42.876665125601598 }, "geometry": { "type": "LineString", "coordinates": [ [ -75.187002578866199, 39.992089631023703 ], [ -75.186659382428303, 39.991955677346503 ] ] } },
{ "type": "Feature", "properties": { "OBJECTID": 56, "TYPE": "Designated", "MATERIAL": "Asphalt", "WIDTH": 0, "LIMITS": " ", "TYPE2": "Road Crossing", "NAME": "Boxer's Trail", "ENTITY_TRA": "PPR", "TYPE_3": "Trail Connection", "PAVED": "Y", "MILEAGE": 0.00609031, "Shape__Length": 12.776094948182401 }, "geometry": { "type": "LineString", "coordinates": [ [ -75.188009409002603, 39.992288725703602 ], [ -75.187894956513105, 39.9922952577 ] ] } },
{ "type": "Feature", "properties": { "OBJECTID": 57, "TYPE": "Designated", "MATERIAL": "Asphalt", "WIDTH": 0, "LIMITS": " ", "TYPE2": "Road Crossing", "NAME": "Boxer's Trail", "ENTITY_TRA": "PPR", "TYPE_3": "Trail Connection", "PAVED": "Y", "MILEAGE": 0.00499727, "Shape__Length": 10.508961471183399 }, "geometry": { "type": "LineString", "coordinates": [ [ -75.187150066449803, 39.993282386953702 ], [ -75.187092335516496, 39.993225162445299 ] ] } },
{ "type": "Feature", "properties": { "OBJECTID": 58, "TYPE": "Designated", "MATERIAL": "Asphalt", "WIDTH": 0, "LIMITS": " ", "TYPE2": "Road Crossing", "NAME": "Boxer's Trail", "ENTITY_TRA": "PPR", "TYPE_3": "Trail Connection", "PAVED": "Y", "MILEAGE": 0.0050019, "Shape__Length": 10.530063105913399 }, "geometry": { "type": "LineString", "coordinates": [ [ -75.187399841969494, 39.993540772977397 ], [ -75.187369635734797, 39.993472097707098 ] ] } },
{ "type": "Feature", "properties": { "OBJECTID": 59, "TYPE": "Designated", "MATERIAL": "Asphalt", "WIDTH": 0, "LIMITS": " ", "TYPE2": "Road Crossing", "NAME": "Boxer's Trail", "ENTITY_TRA": "PPR", "TYPE_3": "Trail Connection", "PAVED": "Y", "MILEAGE": 0.00467106, "Shape__Length": 9.8005162104250907 }, "geometry": { "type": "LineString", "coordinates": [ [ -75.188221686120102, 39.993812541731401 ], [ -75.188135574715204, 39.993798503110703 ] ] } },
{ "type": "Feature", "properties": { "OBJECTID": 60, "TYPE": "Designated", "MATERIAL": "Asphalt", "WIDTH": 0, "LIMITS": " ", "TYPE2": "Road Crossing", "NAME": "Boxer's Trail", "ENTITY_TRA": "PPR", "TYPE_3": "Trail Connection", "PAVED": "Y", "MILEAGE": 0.01028833, "Shape__Length": 21.6668649077683 }, "geometry": { "type": "LineString", "coordinates": [ [ -75.188268128015494, 39.993990778576197 ], [ -75.188290591566997, 39.993842661319 ] ] } },
{ "type": "Feature", "properties": { "OBJECTID": 61, "TYPE": "Designated", "MATERIAL": "Asphalt", "WIDTH": 0, "LIMITS": " ", "TYPE2": "Road Crossing", "NAME": "Boxer's Trail", "ENTITY_TRA": "PPR", "TYPE_3": "Trail Connection", "PAVED": "Y", "MILEAGE": 0.02412469, "Shape__Length": 50.767476588849497 }, "geometry": { "type": "LineString", "coordinates": [ [ -75.191944413955099, 39.994421313370196 ], [ -75.191859030698396, 39.994319249197403 ], [ -75.191791528949906, 39.994382664188798 ], [ -75.191762685926406, 39.994508149746203 ], [ -75.191762048564399, 39.994527057590801 ] ] } },
{ "type": "Feature", "properties": { "OBJECTID": 62, "TYPE": "Designated", "MATERIAL": "Asphalt", "WIDTH": 0, "LIMITS": " ", "TYPE2": "Road Crossing", "NAME": "Boxer's Trail", "ENTITY_TRA": "PPR", "TYPE_3": "Trail Connection", "PAVED": "Y", "MILEAGE": 0.00999876, "Shape__Length": 21.0016375369228 }, "geometry": { "type": "LineString", "coordinates": [ [ -75.1910200207532, 39.994983204156398 ], [ -75.191176070114807, 39.995064430799999 ] ] } },
{ "type": "Feature", "properties": { "OBJECTID": 63, "TYPE": "Designated", "MATERIAL": "Asphalt", "WIDTH": 0, "LIMITS": " ", "TYPE2": "Road Crossing", "NAME": "Centennial Loop", "ENTITY_TRA": "PPR", "TYPE_3": "Trail Connection", "PAVED": "Y", "MILEAGE": 0.01565947, "Shape__Length": 32.948481251171998 }, "geometry": { "type": "LineString", "coordinates": [ [ -75.204427455281007, 39.976236471665999 ], [ -75.204551932871695, 39.976442251502903 ] ] } },
{ "type": "Feature", "properties": { "OBJECTID": 64, "TYPE": "Designated", "MATERIAL": "Asphalt", "WIDTH": 0, "LIMITS": " ", "TYPE2": "Road Crossing", "NAME": "Centennial Loop", "ENTITY_TRA": "PPR", "TYPE_3": "Trail Connection", "PAVED": "Y", "MILEAGE": 0.0082374, "Shape__Length": 17.342369770946402 }, "geometry": { "type": "LineString", "coordinates": [ [ -75.215559619332893, 39.984809501543801 ], [ -75.215596928644104, 39.984925395782298 ] ] } },
{ "type": "Feature", "properties": { "OBJECTID": 65, "TYPE": "Designated", "MATERIAL": "Asphalt", "WIDTH": 0, "LIMITS": " ", "TYPE2": "Road Crossing", "NAME": "Centennial Loop", "ENTITY_TRA": "PPR", "TYPE_3": "Trail Connection", "PAVED": "Y", "MILEAGE": 0.01792174, "Shape__Length": 37.601190277601702 }, "geometry": { "type": "LineString", "coordinates": [ [ -75.215483364548206, 39.985715816953402 ], [ -75.215809649523806, 39.9856488821206 ] ] } },
{ "type": "Feature", "properties": { "OBJECTID": 66, "TYPE": "Designated", "MATERIAL": "Asphalt", "WIDTH": 0, "LIMITS": null, "TYPE2": "Asphalt Sidepath", "NAME": "Penn Street Trail", "ENTITY_TRA": "DRWC", "TYPE_3": "Sidepath", "PAVED": " ", "MILEAGE": 0.31216999, "Shape__Length": 656.20417542381097 }, "geometry": { "type": "LineString", "coordinates": [ [ -75.136937617030497, 39.9602718315573 ], [ -75.136532237083401, 39.961321864708701 ], [ -75.134690365856201, 39.9628447185531 ], [ -75.134225968889098, 39.963259443477398 ], [ -75.133524054412803, 39.963851593599699 ] ] } },
{ "type": "Feature", "properties": { "OBJECTID": 67, "TYPE": "Designated", "MATERIAL": "Asphalt", "WIDTH": 0, "LIMITS": null, "TYPE2": "Asphalt Sidepath", "NAME": "Port Richmond Trail", "ENTITY_TRA": "DRCC", "TYPE_3": "Sidepath", "PAVED": "Y", "MILEAGE": 1.57793993, "Shape__Length": 3313.1991089477901 }, "geometry": { "type": "LineString", "coordinates": [ [ -75.100261464572696, 39.981888111762302 ], [ -75.100153155543893, 39.9817732068704 ], [ -75.100415014706002, 39.9815624548188 ], [ -75.097738338115605, 39.978660569823901 ], [ -75.092185174174602, 39.979420965680298 ], [ -75.090708369239195, 39.979711951435597 ], [ -75.089590787006699, 39.980184685769302 ], [ -75.087681427292793, 39.980725762642599 ], [ -75.086170470526397, 39.981167658177597 ], [ -75.081337263202201, 39.983678640544397 ], [ -75.075812775369101, 39.9864814600325 ] ] } },
{ "type": "Feature", "properties": { "OBJECTID": 68, "TYPE": "Designated", "MATERIAL": "Asphalt", "WIDTH": 0, "LIMITS": null, "TYPE2": "Asphalt Sidepath", "NAME": "West Bank Greenway- Zoo", "ENTITY_TRA": "PPR Zoo", "TYPE_3": "Sidepath", "PAVED": "Y", "MILEAGE": 0.4893995, "Shape__Length": 1030.0751669149099 }, "geometry": { "type": "LineString", "coordinates": [ [ -75.1923459227976, 39.968209909702203 ], [ -75.192499779134707, 39.968638423686798 ], [ -75.193028849466202, 39.970012664216902 ], [ -75.193664618654594, 39.971563672393202 ], [ -75.194507229643506, 39.973642462426199 ], [ -75.194632800880896, 39.9740703430056 ], [ -75.194730473378698, 39.974486701793701 ], [ -75.194809075783994, 39.975033431382997 ] ] } },
{ "type": "Feature", "properties": { "OBJECTID": 69, "TYPE": "Designated", "MATERIAL": "Asphalt", "WIDTH": 4, "LIMITS": " ", "TYPE2": "Asphalt Trail", "NAME": "Boxer's Trail", "ENTITY_TRA": "PPR", "TYPE_3": "Trail", "PAVED": "Y", "MILEAGE": 0.15040571, "Shape__Length": 315.66419811070398 }, "geometry": { "type": "LineString", "coordinates": [ [ -75.191273800061694, 39.981552231753398 ], [ -75.191390915772601, 39.981599898617603 ], [ -75.191607653885995, 39.9816751847289 ], [ -75.191843797297096, 39.981766457964902 ], [ -75.192141717829799, 39.981906377135999 ], [ -75.192463358790704, 39.982043794928501 ], [ -75.192742534424596, 39.982153802088703 ], [ -75.192852481497198, 39.982188256592401 ], [ -75.193058574829905, 39.982235772433697 ], [ -75.193447584160893, 39.982309564428199 ], [ -75.193866524361198, 39.982397045778299 ] ] } },
{ "type": "Feature", "properties": { "OBJECTID": 70, "TYPE": "Designated", "MATERIAL": "Asphalt", "WIDTH": 4, "LIMITS": " ", "TYPE2": "Asphalt Trail", "NAME": "Tacony Creek Trail", "ENTITY_TRA": "PPR", "TYPE_3": "Trail", "PAVED": "Y", "MILEAGE": 0.27374997, "Shape__Length": 576.37058022426595 }, "geometry": { "type": "LineString", "coordinates": [ [ -75.112346572570203, 40.041904783963702 ], [ -75.112410059241299, 40.042157651431999 ], [ -75.112445805067907, 40.042304260540398 ], [ -75.112448990251593, 40.042356405949803 ], [ -75.112444130910902, 40.042414375603201 ], [ -75.112455903901505, 40.0424466901313 ], [ -75.112438436975296, 40.042460309068098 ], [ -75.112413994655597, 40.0424857839552 ], [ -75.112394837559094, 40.042509377211502 ], [ -75.112317953802204, 40.042641017213597 ], [ -75.112133948202299, 40.0428671938962 ], [ -75.111927204096105, 40.0431175254799 ], [ -75.111855546381506, 40.043219910774901 ], [ -75.111778776197198, 40.043348430996197 ], [ -75.111700758496497, 40.0434940132414 ], [ -75.1115261649704, 40.0437041128068 ], [ -75.111339646223499, 40.043941743959003 ], [ -75.111231946848207, 40.044058866261302 ], [ -75.111139570671099, 40.044144550369801 ], [ -75.111027653580095, 40.044214290480198 ], [ -75.110872366067397, 40.044319188763502 ], [ -75.110699313621595, 40.044448858842202 ], [ -75.110638566893797, 40.044520419436402 ], [ -75.110618130875594, 40.044592261097897 ], [ -75.110618039644393, 40.044659404621598 ], [ -75.110644255900397, 40.044698098917003 ], [ -75.110695085236799, 40.044773515240799 ], [ -75.110739813629607, 40.044854601201898 ], [ -75.110805386274706, 40.0449613453182 ], [ -75.110855201731795, 40.0450412569298 ], [ -75.110928562962599, 40.0451578812919 ], [ -75.110974861320599, 40.045226075247001 ], [ -75.110994889728005, 40.045251068602802 ], [ -75.111023802829706, 40.045271978969197 ], [ -75.111052562861801, 40.045280156068898 ], [ -75.111104164553296, 40.045283285031999 ] ] } },
{ "type": "Feature", "properties": { "OBJECTID": 71, "TYPE": "Designated", "MATERIAL": "Asphalt", "WIDTH": 5, "LIMITS": " ", "TYPE2": "Asphalt Trail", "NAME": "Tacony Creek Trail", "ENTITY_TRA": "PPR", "TYPE_3": "Trail", "PAVED": "Y", "MILEAGE": 0.4348059, "Shape__Length": 915.27063245848399 }, "geometry": { "type": "LineString", "coordinates": [ [ -75.113280837310796, 40.036256128864999 ], [ -75.113245449762701, 40.036235852443603 ], [ -75.113238008196703, 40.0361998720076 ], [ -75.113263793740103, 40.036136170138299 ], [ -75.113431954595399, 40.035906472047799 ], [ -75.113511895767999, 40.035797742750397 ], [ -75.113627885872802, 40.035648412463502 ], [ -75.113678538347202, 40.035584151415797 ], [ -75.113708099163702, 40.035515101109098 ], [ -75.113730878877405, 40.0354476179157 ], [ -75.113725986480901, 40.035371751609098 ], [ -75.113697948597803, 40.035315153244703 ], [ -75.113644408805698, 40.035251943422402 ], [ -75.1135614739255, 40.035178120469702 ], [ -75.113440919989998, 40.035099207155298 ], [ -75.113253620085104, 40.035001433716602 ], [ -75.1130425345589, 40.034904119408203 ], [ -75.112938444588593, 40.034844913321898 ], [ -75.1127911027625, 40.034745976963002 ], [ -75.1124750986679, 40.034500266745503 ], [ -75.112370291326698, 40.034430714242397 ], [ -75.112214451303302, 40.034348798808601 ], [ -75.112054558355496, 40.034290462815001 ], [ -75.1119377938832, 40.034240434488503 ], [ -75.111809799753701, 40.034175793788201 ], [ -75.111721282343794, 40.034125378791501 ], [ -75.111647004560297, 40.0340830739284 ], [ -75.111568001779204, 40.034015867737303 ], [ -75.111514526612297, 40.033954900997003 ], [ -75.111468711195897, 40.033862078593799 ], [ -75.111458113325099, 40.033731153376401 ], [ -75.111476350033001, 40.0336342503143 ], [ -75.111532348568204, 40.033496504290298 ], [ -75.1116133223221, 40.033367673717997 ], [ -75.111730818157199, 40.033136798890602 ], [ -75.111778399710801, 40.033029446668202 ], [ -75.111816001890901, 40.032899619675 ], [ -75.111837681162896, 40.032754092290901 ], [ -75.111842570879105, 40.032665485626403 ], [ -75.111839734272706, 40.032616367512297 ], [ -75.111820416813799, 40.032515190461901 ], [ -75.1117969256333, 40.0324598394105 ], [ -75.111759059357396, 40.0323608897912 ], [ -75.111726660950197, 40.0322478961698 ], [ -75.111709182097897, 40.032121381123602 ], [ -75.111702455490203, 40.032035142220401 ], [ -75.111715387855199, 40.031951888617698 ], [ -75.111729549198699, 40.031856709284597 ], [ -75.111793242153794, 40.031531019334203 ], [ -75.111814177741493, 40.031364661084197 ], [ -75.111829181286396, 40.031164799632897 ], [ -75.1118533498869, 40.031101399722601 ], [ -75.111880886049093, 40.031064983713001 ], [ -75.111924391391298, 40.031041857085299 ], [ -75.111986909073394, 40.031015486447998 ] ] } },
{ "type": "Feature", "properties": { "OBJECTID": 72, "TYPE": "Designated", "MATERIAL": "Asphalt", "WIDTH": 5, "LIMITS": " ", "TYPE2": "Asphalt Trail", "NAME": "Tacony Creek Trail", "ENTITY_TRA": "PPR", "TYPE_3": "Trail", "PAVED": "Y", "MILEAGE": 0.08671892, "Shape__Length": 182.70816963525101 }, "geometry": { "type": "LineString", "coordinates": [ [ -75.113889321624697, 40.042290189055599 ], [ -75.113858853134403, 40.042257333004997 ], [ -75.1138516498401, 40.042213232633898 ], [ -75.113853895792005, 40.042017367214903 ], [ -75.113848008556303, 40.041952668896002 ], [ -75.113831750165403, 40.041895479601997 ], [ -75.113815917779803, 40.041827325552802 ], [ -75.113811030318004, 40.0417616680541 ], [ -75.1138160330771, 40.0416513933421 ], [ -75.113820405196293, 40.041560459153203 ], [ -75.113844856869804, 40.041493229630802 ], [ -75.113875685876593, 40.041413232920597 ], [ -75.113927702246997, 40.041318916741503 ], [ -75.113958835881306, 40.041262125787803 ], [ -75.114000520814798, 40.041197167667498 ], [ -75.114077237081901, 40.041084921945 ] ] } },
{ "type": "Feature", "properties": { "OBJECTID": 73, "TYPE": "Designated", "MATERIAL": "Asphalt", "WIDTH": 5, "LIMITS": " ", "TYPE2": "Asphalt Trail", "NAME": "Tacony Creek Trail", "ENTITY_TRA": "PPR", "TYPE_3": "Trail", "PAVED": "Y", "MILEAGE": 0.21927915, "Shape__Length": 461.72654196912902 }, "geometry": { "type": "LineString", "coordinates": [ [ -75.111437627863793, 40.045293521149198 ], [ -75.111427408564197, 40.0452539024256 ], [ -75.111420810096106, 40.045185960122502 ], [ -75.111416740450807, 40.045122508969598 ], [ -75.111407949129401, 40.045069474281298 ], [ -75.111386858695099, 40.044960544650799 ], [ -75.111358756261097, 40.044845892791599 ], [ -75.1113152034862, 40.0447477316565 ], [ -75.111306025862206, 40.044659715531502 ], [ -75.111306253865905, 40.044610652515502 ], [ -75.111321413720603, 40.044566452063997 ], [ -75.111353106048298, 40.044525988611397 ], [ -75.111423061713793, 40.044458383866001 ], [ -75.111508709887801, 40.044394496766202 ], [ -75.111674235130707, 40.044269203719999 ], [ -75.111894739461505, 40.044087964981301 ], [ -75.112040249192404, 40.043974519813403 ], [ -75.112140006010705, 40.043921197369897 ], [ -75.112214244430604, 40.0438728509058 ], [ -75.112266902006496, 40.043821227358698 ], [ -75.112316700855402, 40.043750074116097 ], [ -75.112435343070103, 40.043583179689101 ], [ -75.112566773353393, 40.043366526614903 ], [ -75.112637235977999, 40.043229112088 ], [ -75.112812205330599, 40.042916135578302 ], [ -75.112859792029298, 40.042808782958801 ], [ -75.112861195661395, 40.042772666805 ], [ -75.112849435619097, 40.042702880631502 ], [ -75.112792954060893, 40.042573674725098 ], [ -75.112761609822897, 40.042542367861003 ] ] } },
{ "type": "Feature", "properties": { "OBJECTID": 74, "TYPE": "Designated", "MATERIAL": "Asphalt", "WIDTH": 5, "LIMITS": " ", "TYPE2": "Asphalt Trail", "NAME": "Tacony Creek Trail", "ENTITY_TRA": "PPR", "TYPE_3": "Trail", "PAVED": "Y", "MILEAGE": 0.00440968, "Shape__Length": 9.2594912507077396 }, "geometry": { "type": "LineString", "coordinates": [ [ -75.111437627863793, 40.045293521149198 ], [ -75.111356717346794, 40.045278749971096 ] ] } },
{ "type": "Feature", "properties": { "OBJECTID": 75, "TYPE": "Designated", "MATERIAL": "Asphalt", "WIDTH": 5, "LIMITS": " ", "TYPE2": "Asphalt Trail", "NAME": "Tacony Creek Trail", "ENTITY_TRA": "PPR", "TYPE_3": "Trail", "PAVED": "Y", "MILEAGE": 0.18590465, "Shape__Length": 391.36757014838201 }, "geometry": { "type": "LineString", "coordinates": [ [ -75.112259558998502, 40.047410702263903 ], [ -75.112114090645505, 40.047379723775698 ], [ -75.1120278927187, 40.047340819294497 ], [ -75.111972518845107, 40.047298614831703 ], [ -75.1119453288253, 40.047253500316003 ], [ -75.111938052156205, 40.047229186533301 ], [ -75.111935209058302, 40.047196651761404 ], [ -75.111949553976601, 40.047173415677101 ], [ -75.111986084732095, 40.047141327386697 ], [ -75.112064896205794, 40.047080511201003 ], [ -75.112110174508203, 40.047042651729797 ], [ -75.112146853689595, 40.0470023088698 ], [ -75.112159426135904, 40.046958106564297 ], [ -75.112164228947705, 40.046927630522802 ], [ -75.112164444138003, 40.046896854513903 ], [ -75.112155868825695, 40.0468634835158 ], [ -75.112106773121994, 40.046823427163602 ], [ -75.112028218203406, 40.046796597163699 ], [ -75.111876610913697, 40.046787554378703 ], [ -75.111731464860696, 40.046765210125599 ], [ -75.111624822445094, 40.0467207945144 ], [ -75.111536156482103, 40.046667752569903 ], [ -75.111478122892905, 40.046614343730504 ], [ -75.111445140271798, 40.046545574664002 ], [ -75.111428655834899, 40.0464941914679 ], [ -75.111426165894699, 40.046450230727601 ], [ -75.1114446840417, 40.046357756366902 ], [ -75.111464112544994, 40.046230293425602 ], [ -75.111480574475095, 40.046086077984803 ], [ -75.111486349873999, 40.046030597317902 ], [ -75.111486504552204, 40.045916064744098 ], [ -75.111483829015398, 40.045812056957899 ], [ -75.111462211017795, 40.0457198806861 ], [ -75.111457767624799, 40.045639719475801 ], [ -75.111478518713099, 40.045516557790201 ], [ -75.111485399519594, 40.045447633027699 ], [ -75.111480590735894, 40.045398454324399 ], [ -75.111461965644594, 40.0453373376927 ], [ -75.111437627863793, 40.045293521149198 ] ] } },
{ "type": "Feature", "properties": { "OBJECTID": 76, "TYPE": "Designated", "MATERIAL": "Asphalt", "WIDTH": 6, "LIMITS": " ", "TYPE2": "Asphalt Trail", "NAME": "Boxer's Trail", "ENTITY_TRA": "PPR", "TYPE_3": "Trail", "PAVED": "Y", "MILEAGE": 0.05881259, "Shape__Length": 123.38597347103 }, "geometry": { "type": "LineString", "coordinates": [ [ -75.190011859614202, 39.9812803090351 ], [ -75.190054530355795, 39.981287345367903 ], [ -75.190425541260495, 39.9813683183934 ], [ -75.191082039415903, 39.981501092104203 ] ] } },
{ "type": "Feature", "properties": { "OBJECTID": 77, "TYPE": "Designated", "MATERIAL": "Asphalt", "WIDTH": 6, "LIMITS": " ", "TYPE2": "Asphalt Trail", "NAME": "Tacony Creek Trail", "ENTITY_TRA": "PPR", "TYPE_3": "Trail", "PAVED": "Y", "MILEAGE": 0.02238471, "Shape__Length": 47.160309280589701 }, "geometry": { "type": "LineString", "coordinates": [ [ -75.111505331577803, 40.030831889063499 ], [ -75.111473404951994, 40.030788974761201 ], [ -75.111454821678393, 40.030719680305801 ], [ -75.1114466613367, 40.030612747817102 ], [ -75.111442761140395, 40.030538809803197 ], [ -75.111440661740403, 40.030515720434202 ] ] } },
{ "type": "Feature", "properties": { "OBJECTID": 78, "TYPE": "Designated", "MATERIAL": "Asphalt", "WIDTH": 6, "LIMITS": " ", "TYPE2": "Asphalt Trail", "NAME": "Tacony Creek Trail", "ENTITY_TRA": "PPR", "TYPE_3": "Trail", "PAVED": "Y", "MILEAGE": 0.02576624, "Shape__Length": 54.159288347573302 }, "geometry": { "type": "LineString", "coordinates": [ [ -75.111829181286396, 40.031164799632897 ], [ -75.111808296124707, 40.031213746760599 ], [ -75.111781252021501, 40.031237803821 ], [ -75.111694718555995, 40.031304937573999 ], [ -75.111624948104605, 40.031326375897102 ], [ -75.111568139811496, 40.031322766897297 ], [ -75.111494565967405, 40.031304675185098 ], [ -75.111456075219607, 40.031286574011602 ] ] } },
{ "type": "Feature", "properties": { "OBJECTID": 79, "TYPE": "Designated", "MATERIAL": "Asphalt", "WIDTH": 6, "LIMITS": " ", "TYPE2": "Asphalt Trail", "NAME": "Tacony Creek Trail", "ENTITY_TRA": "PPR", "TYPE_3": "Trail", "PAVED": "Y", "MILEAGE": 0.17978235, "Shape__Length": 378.68114056621801 }, "geometry": { "type": "LineString", "coordinates": [ [ -75.114406545724606, 40.038753958004598 ], [ -75.114415339346294, 40.038620688613399 ], [ -75.114382702180094, 40.038436417299103 ], [ -75.114341757533893, 40.038279761984398 ], [ -75.114328595108304, 40.038197954696201 ], [ -75.114324621111095, 40.0380695975688 ], [ -75.114288681339403, 40.037928025861497 ], [ -75.114247949211304, 40.037852197649102 ], [ -75.114207383036899, 40.037772069013997 ], [ -75.114197347148504, 40.037620216296901 ], [ -75.114166952497001, 40.0374001182863 ], [ -75.114158563085596, 40.037221694163101 ], [ -75.114132131040606, 40.037157132553098 ], [ -75.114080290226795, 40.037094769294001 ], [ -75.113935178292905, 40.036919038790998 ], [ -75.113863163388899, 40.0368172825561 ], [ -75.113712227189495, 40.036605270587899 ], [ -75.113584650987704, 40.036443844965603 ], [ -75.113440565419594, 40.036334872945403 ] ] } },
{ "type": "Feature", "properties": { "OBJECTID": 80, "TYPE": "Designated", "MATERIAL": "Asphalt", "WIDTH": 6, "LIMITS": " ", "TYPE2": "Asphalt Trail", "NAME": "Tacony Creek Trail", "ENTITY_TRA": "PPR", "TYPE_3": "Trail", "PAVED": "Y", "MILEAGE": 0.08584734, "Shape__Length": 180.83459319756 }, "geometry": { "type": "LineString", "coordinates": [ [ -75.114684803555704, 40.039786399643702 ], [ -75.114695808548902, 40.039875633202598 ], [ -75.114700232147499, 40.039948031416998 ], [ -75.114680703629006, 40.040078273043903 ], [ -75.114663223830505, 40.040155729868403 ], [ -75.114603935421897, 40.040285060150403 ], [ -75.114525603610304, 40.040438978630803 ], [ -75.114499329577498, 40.040494027807704 ], [ -75.114447023532904, 40.040569912437903 ], [ -75.1143633262663, 40.040704978029602 ], [ -75.114248308267605, 40.040871957411298 ], [ -75.114233275163201, 40.040893438964403 ], [ -75.114194683283799, 40.040948584755398 ] ] } },
{ "type": "Feature", "properties": { "OBJECTID": 81, "TYPE": "Designated", "MATERIAL": "Asphalt", "WIDTH": 6, "LIMITS": " ", "TYPE2": "Bridge", "NAME": "MLK Drive Trail", "ENTITY_TRA": "PPR", "TYPE_3": "Trail", "PAVED": "Y", "MILEAGE": 0.1859997, "Shape__Length": 390.21511882979098 }, "geometry": { "type": "LineString", "coordinates": [ [ -75.181505210649902, 39.963967894229 ], [ -75.181691663044205, 39.964001579777502 ], [ -75.1820852425342, 39.964102122075197 ], [ -75.182404339433603, 39.964187406273098 ], [ -75.182581509184203, 39.9642375873578 ], [ -75.182673981051195, 39.964263778407997 ], [ -75.182918752986495, 39.964331524917299 ], [ -75.183632597421393, 39.964530619121703 ], [ -75.1843163998671, 39.964713426107899 ], [ -75.184522389230494, 39.964782055243099 ], [ -75.184662525306294, 39.964843949737002 ], [ -75.184773964655406, 39.9649127448237 ] ] } },
{ "type": "Feature", "properties": { "OBJECTID": 82, "TYPE": "Designated", "MATERIAL": "Asphalt", "WIDTH": 6, "LIMITS": " ", "TYPE2": "Road Crossing", "NAME": "Boxer's Trail", "ENTITY_TRA": "PPR", "TYPE_3": "Trail Connection", "PAVED": "Y", "MILEAGE": 0.00575542, "Shape__Length": 12.0734460832001 }, "geometry": { "type": "LineString", "coordinates": [ [ -75.189905829389701, 39.9812628249109 ], [ -75.190011859614202, 39.9812803090351 ] ] } },
{ "type": "Feature", "properties": { "OBJECTID": 83, "TYPE": "Designated", "MATERIAL": "Asphalt", "WIDTH": 8, "LIMITS": " ", "TYPE2": "Asphalt Trail", "NAME": "Boxer's Trail", "ENTITY_TRA": "PPR", "TYPE_3": "Trail", "PAVED": "Y", "MILEAGE": 0.01753073, "Shape__Length": 36.856533122612603 }, "geometry": { "type": "LineString", "coordinates": [ [ -75.187369635734797, 39.993472097707098 ], [ -75.1873267083228, 39.993438235397001 ], [ -75.187286589616406, 39.993405533206101 ], [ -75.187150066449803, 39.993282386953702 ] ] } },
{ "type": "Feature", "properties": { "OBJECTID": 84, "TYPE": "Designated", "MATERIAL": "Asphalt", "WIDTH": 8, "LIMITS": " ", "TYPE2": "Asphalt Trail", "NAME": "Boxer's Trail", "ENTITY_TRA": "PPR", "TYPE_3": "Trail", "PAVED": "Y", "MILEAGE": 0.05238738, "Shape__Length": 110.143589856313 }, "geometry": { "type": "LineString", "coordinates": [ [ -75.1911658716635, 39.995077137416402 ], [ -75.191176070114807, 39.995064430799999 ], [ -75.191307573059007, 39.994900923608498 ], [ -75.191332282735303, 39.9948662882693 ], [ -75.191474035297105, 39.994739184808999 ], [ -75.191612418377204, 39.994623332645801 ], [ -75.191712538935704, 39.994545820470996 ], [ -75.191762048564399, 39.994527057590801 ], [ -75.191807424336005, 39.9945177415225 ] ] } },
{ "type": "Feature", "properties": { "OBJECTID": 85, "TYPE": "Designated", "MATERIAL": "Asphalt", "WIDTH": 10, "LIMITS": " ", "TYPE2": "Asphalt Trail", "NAME": "Pennypack Park Trail", "ENTITY_TRA": "PPR", "TYPE_3": "Trail", "PAVED": "Y", "MILEAGE": 0.20246427, "Shape__Length": 426.620063144955 }, "geometry": { "type": "LineString", "coordinates": [ [ -75.0698194813626, 40.089780723016801 ], [ -75.069672723995595, 40.089695434312098 ], [ -75.069619637121704, 40.089667500397603 ], [ -75.069559556514207, 40.089634300780403 ], [ -75.069474181771596, 40.089607542086398 ], [ -75.069391463618999, 40.089575547166802 ], [ -75.069320237076397, 40.089540717906601 ], [ -75.069260368230005, 40.089496500644003 ], [ -75.069052109261193, 40.089311363369703 ], [ -75.068954004268804, 40.089204938344302 ], [ -75.068845528317695, 40.089051595640299 ], [ -75.068816571252796, 40.088996604595401 ], [ -75.068803930587094, 40.088934096524902 ], [ -75.068807337983998, 40.088853085101199 ], [ -75.068786480177593, 40.088769823617803 ], [ -75.068698609852007, 40.0885782455059 ], [ -75.068662576934202, 40.088469494583599 ], [ -75.068663950642005, 40.088395060164601 ], [ -75.068695685028302, 40.088181240257001 ], [ -75.068692098471004, 40.088095331615101 ], [ -75.0686726549594, 40.087998326185698 ], [ -75.068664439127403, 40.087801971773096 ], [ -75.068683356765007, 40.087727120356398 ], [ -75.068706861562305, 40.087683797017299 ], [ -75.068775673358701, 40.087606019656398 ], [ -75.068823936553301, 40.087536438148703 ], [ -75.068853669008504, 40.087438766044002 ], [ -75.068852548009801, 40.087336543019198 ], [ -75.068836036335497, 40.087272166890699 ], [ -75.068830520327595, 40.087243894232003 ] ] } },
{ "type": "Feature", "properties": { "OBJECTID": 86, "TYPE": "Designated", "MATERIAL": "Asphalt", "WIDTH": 10, "LIMITS": " ", "TYPE2": "Asphalt Trail", "NAME": "Poquessing Creek- Lower", "ENTITY_TRA": "PPR", "TYPE_3": "Trail", "PAVED": "Y", "MILEAGE": 0.21352349, "Shape__Length": 449.25131018761698 }, "geometry": { "type": "LineString", "coordinates": [ [ -74.982167716546101, 40.0602272311829 ], [ -74.982089684273106, 40.060107482488 ], [ -74.982108370748506, 40.0597511382026 ], [ -74.982207937953703, 40.0594233230307 ], [ -74.982374516825502, 40.059279740794999 ], [ -74.982522375076897, 40.059114621483602 ], [ -74.982640731480501, 40.058999998233197 ], [ -74.983159500031803, 40.058825740691397 ], [ -74.983276645830998, 40.058786389972802 ], [ -74.983487047304706, 40.058529398776301 ], [ -74.983569051182002, 40.0584410088141 ], [ -74.984105326365096, 40.058363555984101 ], [ -74.9844538723559, 40.058275557398296 ], [ -74.984509924708505, 40.0582467848295 ], [ -74.984534403775598, 40.058223276791203 ] ] } },
{ "type": "Feature", "properties": { "OBJECTID": 87, "TYPE": "Designated", "MATERIAL": "Asphalt", "WIDTH": 10, "LIMITS": " ", "TYPE2": "Asphalt Trail", "NAME": "Schuylkill Banks Trail", "ENTITY_TRA": "PPR SRDC", "TYPE_3": "Trail", "PAVED": "Y", "MILEAGE": 0.02263883, "Shape__Length": 47.556839848545401 }, "geometry": { "type": "LineString", "coordinates": [ [ -75.181663208149402, 39.950359183248402 ], [ -75.181699576185594, 39.950364500757502 ], [ -75.181728891003701, 39.950362905460601 ], [ -75.181760474573494, 39.950339970945599 ], [ -75.181771853869094, 39.950309830100402 ], [ -75.181758428822405, 39.950278007656898 ], [ -75.181729709240599, 39.950263855799697 ], [ -75.181684445617904, 39.950261716123201 ], [ -75.181647014705206, 39.950284519697398 ], [ -75.181638389548695, 39.950319225449697 ], [ -75.181644846370205, 39.950341885384603 ], [ -75.181663208149402, 39.950359183248402 ] ] } },
{ "type": "Feature", "properties": { "OBJECTID": 88, "TYPE": "Designated", "MATERIAL": "Asphalt", "WIDTH": 10, "LIMITS": " ", "TYPE2": "Asphalt Trail", "NAME": "Schuylkill Banks Trail", "ENTITY_TRA": "PPR SRDC", "TYPE_3": "Trail", "PAVED": "Y", "MILEAGE": 0.18055205, "Shape__Length": 379.787071635519 }, "geometry": { "type": "LineString", "coordinates": [ [ -75.180420174354495, 39.952757390377997 ], [ -75.180410879595797, 39.952732415174999 ], [ -75.180426543152393, 39.952666345265001 ], [ -75.180466639736807, 39.952534401869499 ], [ -75.180491115269106, 39.952467403970203 ], [ -75.180529765360404, 39.952373704927403 ], [ -75.180572246594707, 39.952294725913603 ], [ -75.180650215115904, 39.952167008620101 ], [ -75.180717840153804, 39.952080712473503 ], [ -75.180787033494894, 39.951991637556702 ], [ -75.180830593581206, 39.951922814494402 ], [ -75.180866419744603, 39.951865077247803 ], [ -75.180895023637106, 39.951804925715301 ], [ -75.180935560262597, 39.951700010668503 ], [ -75.180966843302301, 39.951568996011197 ], [ -75.180985632327307, 39.951511831353997 ], [ -75.181031306498497, 39.951372865885503 ], [ -75.181073771430107, 39.951255610483202 ], [ -75.181110772688697, 39.951128100842098 ], [ -75.181164381950893, 39.950986891111199 ], [ -75.181202860203101, 39.950897690383798 ], [ -75.181342915458202, 39.950713947849501 ], [ -75.181395711179505, 39.9506329488094 ], [ -75.181445710493904, 39.950579467988 ], [ -75.181485700942204, 39.950537892452097 ], [ -75.181529451914798, 39.950492406920901 ], [ -75.181605375738101, 39.950418680524002 ], [ -75.181646493957103, 39.950375695777097 ], [ -75.181663208149402, 39.950359183248402 ] ] } },
{ "type": "Feature", "properties": { "OBJECTID": 89, "TYPE": "Designated", "MATERIAL": "Asphalt", "WIDTH": 10, "LIMITS": " ", "TYPE2": "Asphalt Trail", "NAME": "Schuylkill Banks Trail", "ENTITY_TRA": "PPR SRDC", "TYPE_3": "Trail", "PAVED": "Y", "MILEAGE": 0.02541547, "Shape__Length": 53.446927141871001 }, "geometry": { "type": "LineString", "coordinates": [ [ -75.180336669092696, 39.9530701738205 ], [ -75.180379287855999, 39.953064936727799 ], [ -75.180412150443502, 39.953008258582301 ], [ -75.180470907174694, 39.952885739669497 ], [ -75.180475090586796, 39.952813783989797 ], [ -75.180420174354495, 39.952757390377997 ] ] } },
{ "type": "Feature", "properties": { "OBJECTID": 90, "TYPE": "Designated", "MATERIAL": "Asphalt", "WIDTH": 10, "LIMITS": " ", "TYPE2": "Asphalt Trail", "NAME": "Schuylkill Banks Trail", "ENTITY_TRA": "PPR SRDC", "TYPE_3": "Trail", "PAVED": "Y", "MILEAGE": 0.02222446, "Shape__Length": 46.767938702654199 }, "geometry": { "type": "LineString", "coordinates": [ [ -75.180336669092696, 39.9530701738205 ], [ -75.180333666230794, 39.9530335191806 ], [ -75.180358312238099, 39.952962021866497 ], [ -75.180403404760199, 39.952852705772997 ], [ -75.180407078964507, 39.952794247553598 ], [ -75.180420174354495, 39.952757390377997 ] ] } },
{ "type": "Feature", "properties": { "OBJECTID": 91, "TYPE": "Designated", "MATERIAL": "Asphalt", "WIDTH": 8, "LIMITS": " ", "TYPE2": "Asphalt Trail", "NAME": "Cobb's Creek Trail", "ENTITY_TRA": "PPR", "TYPE_3": "Trail", "PAVED": "Y", "MILEAGE": 0.5176749, "Shape__Length": 1086.47197518755 }, "geometry": { "type": "LineString", "coordinates": [ [ -75.2393518575455, 39.942657424767297 ], [ -75.239719012498398, 39.942990894484502 ], [ -75.239945510976298, 39.943191911232297 ], [ -75.240056110251601, 39.943270354656498 ], [ -75.240153027379407, 39.943320490278097 ], [ -75.240265378512703, 39.943374964835598 ], [ -75.240327224376003, 39.943436336863499 ], [ -75.240412974556406, 39.943554248470498 ], [ -75.240507174731903, 39.943630999163098 ], [ -75.240592366847693, 39.943670208298599 ], [ -75.240645793198595, 39.943678045384701 ], [ -75.240699514789597, 39.943677887176896 ], [ -75.240750271312905, 39.943647328513002 ], [ -75.240777812320204, 39.943622249071701 ], [ -75.240806990799797, 39.943582875136201 ], [ -75.240826814117796, 39.9435152873452 ], [ -75.240812600396296, 39.943430950613902 ], [ -75.240776450580398, 39.9432367668512 ], [ -75.240738594558294, 39.943041879010302 ], [ -75.240708937344095, 39.942906522595202 ], [ -75.240699122048099, 39.942796940709201 ], [ -75.240706284564794, 39.942743747745901 ], [ -75.2407416399017, 39.942677833235003 ], [ -75.240773239057205, 39.942619840072602 ], [ -75.240837928644297, 39.942557236003097 ], [ -75.240900396274697, 39.942507919806303 ], [ -75.241009114494105, 39.942454280504798 ], [ -75.241136782201494, 39.9424223956335 ], [ -75.241251395723495, 39.9424155664517 ], [ -75.241636846788296, 39.942441335222099 ], [ -75.241961849080596, 39.942461779617197 ], [ -75.2424308538329, 39.942496041821997 ], [ -75.242772629296098, 39.942531521478301 ], [ -75.242855143661899, 39.942549330374803 ], [ -75.242907636418494, 39.942582487354201 ], [ -75.242965971617295, 39.942645114659101 ], [ -75.243038945074503, 39.942686721848197 ], [ -75.243148248135199, 39.942706449504897 ], [ -75.243272855880406, 39.9427105062897 ], [ -75.243421900170304, 39.942709762178701 ], [ -75.243528906909802, 39.942703017661998 ], [ -75.243601814377001, 39.942705832583201 ], [ -75.243687049499897, 39.9427186899022 ], [ -75.243827836753098, 39.942743973827596 ], [ -75.244413268526799, 39.942845413438398 ], [ -75.24476750366, 39.942894541712697 ], [ -75.245303501965495, 39.942972934416403 ], [ -75.245556509476302, 39.942995797702402 ], [ -75.245668508520893, 39.943012913957702 ], [ -75.245848778906307, 39.943058195405897 ], [ -75.246044682417306, 39.943102485273798 ], [ -75.246201205375797, 39.943133910352401 ], [ -75.246438858374205, 39.943173775196897 ], [ -75.246504292911993, 39.943193640410001 ], [ -75.2465470340384, 39.943224151054501 ], [ -75.246642040143698, 39.943326254567097 ], [ -75.246737046501195, 39.943428358901301 ] ] } },
{ "type": "Feature", "properties": { "OBJECTID": 92, "TYPE": "Designated", "MATERIAL": "Asphalt", "WIDTH": 8, "LIMITS": " ", "TYPE2": "Asphalt Trail", "NAME": "Cobb's Creek Trail", "ENTITY_TRA": "PPR", "TYPE_3": "Trail", "PAVED": "Y", "MILEAGE": 0.18749145, "Shape__Length": 394.54816850354098 }, "geometry": { "type": "LineString", "coordinates": [ [ -75.246744860061497, 39.943592580291202 ], [ -75.246691499853, 39.943834095308198 ], [ -75.246600457200401, 39.944261286985103 ], [ -75.246568939719694, 39.944420924380502 ], [ -75.246497174133296, 39.944759741233497 ], [ -75.246470493004693, 39.944875085969699 ], [ -75.246405130238102, 39.945214042529997 ], [ -75.246375246256505, 39.945329318244603 ], [ -75.246280179872898, 39.945778620566898 ], [ -75.246215904980502, 39.946088002298403 ], [ -75.246172921726796, 39.946274081243502 ] ] } },
{ "type": "Feature", "properties": { "OBJECTID": 93, "TYPE": "Designated", "MATERIAL": "Asphalt", "WIDTH": 8, "LIMITS": " ", "TYPE2": "Asphalt Trail", "NAME": "Cobb's Creek Trail", "ENTITY_TRA": "PPR", "TYPE_3": "Trail", "PAVED": "Y", "MILEAGE": 0.03029804, "Shape__Length": 63.638084023170101 }, "geometry": { "type": "LineString", "coordinates": [ [ -75.246172921726796, 39.946274081243502 ], [ -75.246129056602101, 39.946488153680797 ], [ -75.246414932537505, 39.9465207142336 ] ] } },
{ "type": "Feature", "properties": { "OBJECTID": 94, "TYPE": "Designated", "MATERIAL": "Asphalt", "WIDTH": 8, "LIMITS": " ", "TYPE2": "Asphalt Trail", "NAME": "Cobb's Creek Trail", "ENTITY_TRA": "PPR", "TYPE_3": "Trail", "PAVED": "Y", "MILEAGE": 0.02219442, "Shape__Length": 46.640040668827098 }, "geometry": { "type": "LineString", "coordinates": [ [ -75.246414932537505, 39.9465207142336 ], [ -75.246339362729699, 39.946484849645003 ], [ -75.246248008566297, 39.946420899821398 ], [ -75.246199213522502, 39.946343083708001 ], [ -75.246172921726796, 39.946274081243502 ] ] } },
{ "type": "Feature", "properties": { "OBJECTID": 95, "TYPE": "Designated", "MATERIAL": "Asphalt", "WIDTH": 8, "LIMITS": " ", "TYPE2": "Asphalt Trail", "NAME": "Cobb's Creek Trail", "ENTITY_TRA": "PPR", "TYPE_3": "Trail", "PAVED": "Y", "MILEAGE": 0.90672417, "Shape__Length": 1906.73166477524 }, "geometry": { "type": "LineString", "coordinates": [ [ -75.246414932537505, 39.9465207142336 ], [ -75.246840482710397, 39.946575210552098 ], [ -75.247338098756401, 39.946637865674901 ], [ -75.247867644623298, 39.946703682031 ], [ -75.248055841160394, 39.946727519665302 ], [ -75.248312608877001, 39.946760251441702 ], [ -75.248414258840597, 39.946784667845002 ], [ -75.248648943749501, 39.9468514486732 ], [ -75.248828922728293, 39.946924436920597 ], [ -75.249002134173296, 39.947007142279702 ], [ -75.249097893618298, 39.947061028103299 ], [ -75.249241652328195, 39.947160357544497 ], [ -75.249359703657007, 39.947261592391598 ], [ -75.249499081601897, 39.947392891373802 ], [ -75.249590973532804, 39.947508355405297 ], [ -75.249708269530998, 39.947673703262701 ], [ -75.249764484815302, 39.947800722265498 ], [ -75.249816320020301, 39.947959711147 ], [ -75.249865555543593, 39.948145774888403 ], [ -75.249881805477202, 39.948313853987102 ], [ -75.249883912530507, 39.948397821839499 ], [ -75.249858785063694, 39.948562658334801 ], [ -75.249829297592797, 39.948704725452501 ], [ -75.249805200792593, 39.948841575288803 ], [ -75.249773572796499, 39.948989633285002 ], [ -75.249731314552804, 39.949181263069903 ], [ -75.249694032756693, 39.949323509861202 ], [ -75.249626023244303, 39.9496476105952 ], [ -75.249598710647206, 39.949780208806501 ], [ -75.249511514703499, 39.950190220665597 ], [ -75.249411900208898, 39.950676424403198 ], [ -75.249324339193194, 39.951096294059099 ], [ -75.249224994124305, 39.951575104614903 ], [ -75.249185976917801, 39.951745194632302 ], [ -75.249146737937807, 39.951916247470102 ], [ -75.249119332769894, 39.952051310497303 ], [ -75.249054157766096, 39.952385338641697 ], [ -75.249024275124398, 39.952500615028598 ], [ -75.248935349753097, 39.952957453041897 ], [ -75.248847782854597, 39.953377322312697 ], [ -75.248756559492406, 39.953809445486201 ], [ -75.248661496989598, 39.9542587496991 ], [ -75.248569453494298, 39.954713053513402 ], [ -75.248474388490493, 39.955162357561903 ], [ -75.248386726317705, 39.955584691421102 ], [ -75.248288274409006, 39.956038854434198 ], [ -75.248192842670505, 39.956498017078097 ], [ -75.248104087981602, 39.956949925434003 ], [ -75.248051849260193, 39.957178128215098 ], [ -75.248107068699696, 39.957184667210598 ], [ -75.248141703240506, 39.957185422506299 ], [ -75.248181347771705, 39.957175616601802 ], [ -75.248246588283905, 39.957161034976203 ], [ -75.248302592850393, 39.957146251014102 ], [ -75.248385911505395, 39.9571427330633 ], [ -75.248453461254897, 39.957128200774299 ], [ -75.248552531550501, 39.957073455213298 ], [ -75.248717822072805, 39.956977472489299 ] ] } },
{ "type": "Feature", "properties": { "OBJECTID": 96, "TYPE": "Designated", "MATERIAL": "Asphalt", "WIDTH": 8, "LIMITS": " ", "TYPE2": "Asphalt Trail", "NAME": "Cobb's Creek Trail", "ENTITY_TRA": "PPR", "TYPE_3": "Trail", "PAVED": "Y", "MILEAGE": 0.01809004, "Shape__Length": 38.074423270896197 }, "geometry": { "type": "LineString", "coordinates": [ [ -75.2479560038431, 39.957647292615697 ], [ -75.248014045498095, 39.957388923279296 ] ] } },
{ "type": "Feature", "properties": { "OBJECTID": 97, "TYPE": "Designated", "MATERIAL": "Asphalt", "WIDTH": 8, "LIMITS": " ", "TYPE2": "Asphalt Trail", "NAME": "Cobb's Creek Trail", "ENTITY_TRA": "PPR", "TYPE_3": "Trail", "PAVED": "Y", "MILEAGE": 0.30585174, "Shape__Length": 643.76742581740996 }, "geometry": { "type": "LineString", "coordinates": [ [ -75.247878436980699, 39.957985885660499 ], [ -75.247787712478399, 39.9584476167419 ], [ -75.247680125340196, 39.958975576784397 ], [ -75.247577463259702, 39.959456779997602 ], [ -75.247478364840504, 39.959928195017604 ], [ -75.247386760884197, 39.960370174073397 ], [ -75.247295337273997, 39.960807224982403 ], [ -75.247203366582099, 39.9612590626949 ], [ -75.247104718126906, 39.961718153624297 ], [ -75.247009542825097, 39.962169921317397 ], [ -75.246973490145294, 39.962363883273603 ] ] } },
{ "type": "Feature", "properties": { "OBJECTID": 98, "TYPE": "Designated", "MATERIAL": "Asphalt", "WIDTH": 8, "LIMITS": " ", "TYPE2": "Asphalt Trail", "NAME": "Pennypack Park Trail", "ENTITY_TRA": "PPR", "TYPE_3": "Trail", "PAVED": "Y", "MILEAGE": 0.56531808, "Shape__Length": 1188.1244708443801 }, "geometry": { "type": "LineString", "coordinates": [ [ -75.017554470570303, 40.025619716684098 ], [ -75.017436860807294, 40.025566547140002 ], [ -75.017297430286703, 40.025516627339599 ], [ -75.017186160020003, 40.025488737131901 ], [ -75.017044934407195, 40.0254834344043 ], [ -75.016908844894203, 40.025507379587502 ], [ -75.0166859425523, 40.025568624701698 ], [ -75.016536667221004, 40.025623762948399 ], [ -75.016425045392495, 40.025677850140703 ], [ -75.016322312047706, 40.025760373612101 ], [ -75.016237221485198, 40.025878281718803 ], [ -75.016144586506698, 40.025977439322503 ], [ -75.016037880183902, 40.026032467650303 ], [ -75.015623557149397, 40.026220948650199 ], [ -75.0154729338159, 40.026292118466102 ], [ -75.015139553733803, 40.026627013773201 ], [ -75.014987387616998, 40.026714531117598 ], [ -75.014866005399895, 40.026749503594203 ], [ -75.014719701683703, 40.026776115209501 ], [ -75.014536525154796, 40.026777577366097 ], [ -75.014388665110602, 40.026748812882097 ], [ -75.014310658775202, 40.026718419836101 ], [ -75.014253596499998, 40.026653363613498 ], [ -75.014180612412105, 40.0265215289172 ], [ -75.014137264603704, 40.026469040260501 ], [ -75.014089858633398, 40.0264232516001 ], [ -75.013969783792007, 40.026363109515998 ], [ -75.013845934731094, 40.026322397044801 ], [ -75.0137528143933, 40.026300659495597 ], [ -75.013698915198106, 40.026290636720198 ], [ -75.013659178688101, 40.026305224157397 ], [ -75.013566217483898, 40.026324367754803 ], [ -75.013556657057094, 40.026328898438798 ], [ -75.013525209637393, 40.026343799589 ], [ -75.013491476338103, 40.026359784298698 ], [ -75.013014586778397, 40.026657513606096 ], [ -75.0126389527002, 40.0269409481241 ], [ -75.012471110957307, 40.027050191589097 ], [ -75.012342412020203, 40.027118601999298 ], [ -75.012322717344404, 40.027124386750899 ], [ -75.012216226838106, 40.027155663923097 ], [ -75.011981479002202, 40.027227187175299 ], [ -75.011714189643996, 40.027320127148798 ], [ -75.011576762868302, 40.027396301204803 ], [ -75.011371802249698, 40.027545349906298 ], [ -75.010985447753399, 40.027899622764302 ], [ -75.010854961786805, 40.027995823639699 ], [ -75.010668177175404, 40.028110545355801 ], [ -75.010457590247995, 40.0282068210117 ], [ -75.010074357052801, 40.028355587385199 ], [ -75.009647650112498, 40.0285397865078 ], [ -75.009461501248296, 40.028645554148298 ], [ -75.009358707976304, 40.028700673479499 ], [ -75.009261995071697, 40.028764161825002 ], [ -75.009182118787507, 40.028834632377098 ], [ -75.009141861012097, 40.028884093176302 ], [ -75.009071281352803, 40.028943224914002 ] ] } },
{ "type": "Feature", "properties": { "OBJECTID": 99, "TYPE": "Designated", "MATERIAL": "Asphalt", "WIDTH": 8, "LIMITS": " ", "TYPE2": "Asphalt Trail", "NAME": "Pennypack Park Trail", "ENTITY_TRA": "PPR", "TYPE_3": "Trail", "PAVED": "Y", "MILEAGE": 0.44962271, "Shape__Length": 946.87579166694604 }, "geometry": { "type": "LineString", "coordinates": [ [ -75.020606413687105, 40.037766872815297 ], [ -75.020692229011203, 40.037847911404299 ], [ -75.020841064672396, 40.037980481333399 ], [ -75.021003380103906, 40.038118638017998 ], [ -75.021129633959802, 40.0382164380175 ], [ -75.021209662966399, 40.0382710062079 ], [ -75.021289902512606, 40.038320312660296 ], [ -75.021439216438594, 40.038441042413901 ], [ -75.021511131129998, 40.038527017700098 ], [ -75.021591726911495, 40.038652698807198 ], [ -75.021667631519193, 40.038809868496898 ], [ -75.021673513609301, 40.038857112795696 ], [ -75.021655232734304, 40.038947824106302 ], [ -75.0216207263977, 40.039039170887897 ], [ -75.021539607979406, 40.039182077201303 ], [ -75.021485093767794, 40.0392597815068 ], [ -75.021444851100895, 40.039323342126501 ], [ -75.021425560545495, 40.039411922750801 ], [ -75.021421613591002, 40.039429119377701 ], [ -75.021403316343793, 40.039508826555299 ], [ -75.021394785978401, 40.0395459862522 ], [ -75.021372176356806, 40.039586467968398 ], [ -75.021335491775801, 40.039627569527298 ], [ -75.0213022603063, 40.0396594406823 ], [ -75.021279310984895, 40.039691167747399 ], [ -75.0212713776763, 40.039718171385999 ], [ -75.021260406155804, 40.0398206105572 ], [ -75.021253174209306, 40.039915238098096 ], [ -75.021227677307905, 40.040012616047903 ], [ -75.021219908757999, 40.040024764259698 ], [ -75.021184898773399, 40.040079516034602 ], [ -75.021119692378306, 40.040167500429703 ], [ -75.021001250356406, 40.0403336842204 ], [ -75.020952668015198, 40.040401848280602 ], [ -75.020929274329802, 40.040472392196101 ], [ -75.020909833029805, 40.040529863764199 ], [ -75.020887711604104, 40.040590633494901 ], [ -75.020841835682404, 40.040655274709501 ], [ -75.020826640887094, 40.040700054851499 ], [ -75.020830425089798, 40.0408005270817 ], [ -75.020823931792805, 40.040869864155603 ], [ -75.020780477448497, 40.041028013368802 ], [ -75.020755711701199, 40.041182646485701 ], [ -75.020737385732403, 40.041279620764499 ], [ -75.020686377375696, 40.041485720445898 ], [ -75.020643524312206, 40.041699318769702 ], [ -75.020628123703204, 40.0417422990947 ], [ -75.020608205646298, 40.041775875862498 ], [ -75.020543134420393, 40.041810166467201 ], [ -75.020470935805804, 40.041816350374702 ], [ -75.020320941024096, 40.041801984907401 ], [ -75.020244502557603, 40.041794663779797 ], [ -75.020195518449597, 40.041811836165699 ], [ -75.020155836850904, 40.041834602623801 ], [ -75.020111675936803, 40.041889446590403 ], [ -75.020084752733894, 40.041962539368001 ], [ -75.020088405625899, 40.042127209782898 ], [ -75.0200402756779, 40.042386765310198 ], [ -75.020026514578902, 40.0424733389588 ], [ -75.020015862379594, 40.042528242232599 ], [ -75.019996255667905, 40.042629302913603 ], [ -75.019986833757102, 40.042721373420903 ], [ -75.019983005117894, 40.042809160780998 ], [ -75.019991140737702, 40.042926747545003 ], [ -75.020007809636994, 40.043098045528097 ], [ -75.020022153491595, 40.043165821594997 ], [ -75.020057438839203, 40.043241796707797 ], [ -75.020093284637795, 40.043283358417597 ], [ -75.020155568340002, 40.043353305512497 ], [ -75.020184258779807, 40.043406653272697 ], [ -75.020200467576103, 40.043464126786901 ] ] } },
{ "type": "Feature", "properties": { "OBJECTID": 100, "TYPE": "Designated", "MATERIAL": "Asphalt", "WIDTH": 8, "LIMITS": " ", "TYPE2": "Asphalt Trail", "NAME": "Tacony Creek Trail", "ENTITY_TRA": "PPR", "TYPE_3": "Trail", "PAVED": "Y", "MILEAGE": 0.01000527, "Shape__Length": 21.0778275689973 }, "geometry": { "type": "LineString", "coordinates": [ [ -75.1119783769945, 40.031019051364801 ], [ -75.111962655691201, 40.030992961343401 ], [ -75.111947045163006, 40.030937124566599 ], [ -75.111940590849798, 40.030887930559501 ], [ -75.111935709007199, 40.030878974815401 ] ] } },
{ "type": "Feature", "properties": { "OBJECTID": 101, "TYPE": "Designated", "MATERIAL": "Asphalt", "WIDTH": 8, "LIMITS": " ", "TYPE2": "Asphalt Trail", "NAME": "Tacony Creek Trail", "ENTITY_TRA": "PPR", "TYPE_3": "Trail", "PAVED": "Y", "MILEAGE": 0.36231914, "Shape__Length": 762.70985091282398 }, "geometry": { "type": "LineString", "coordinates": [ [ -75.111729549198699, 40.031856709284597 ], [ -75.111707076970006, 40.031835155811898 ], [ -75.111673467932405, 40.031774477875402 ], [ -75.111621760387095, 40.031639654691404 ], [ -75.111575595620906, 40.031516479381601 ], [ -75.111545428787906, 40.031444359912101 ], [ -75.111487083101395, 40.031324303403402 ], [ -75.111456075219607, 40.031286574011602 ], [ -75.111335553341902, 40.031137706639797 ], [ -75.111298368206903, 40.031085817953503 ], [ -75.111296996193602, 40.031078840390997 ], [ -75.111283408828996, 40.031009720159702 ], [ -75.111294624824296, 40.030912708076499 ], [ -75.111297217092897, 40.030890290544498 ], [ -75.111318227818501, 40.030812435942501 ], [ -75.111343306968905, 40.030707024907699 ], [ -75.111377369215703, 40.0306018211596 ], [ -75.111440661740403, 40.030515720434202 ], [ -75.111474902758701, 40.030405912001399 ], [ -75.111519291412193, 40.030266384660202 ], [ -75.111548971600001, 40.030177076178902 ], [ -75.111570205646501, 40.030113181820703 ], [ -75.111614325453502, 40.029980560073298 ], [ -75.1116486554061, 40.029868449708502 ], [ -75.1116842804865, 40.029800146523598 ], [ -75.111748466724606, 40.029691025949496 ], [ -75.111808942528498, 40.029600252474602 ], [ -75.111898695025502, 40.029450246529798 ], [ -75.111962163591897, 40.029359541730102 ], [ -75.112043779307498, 40.029264646774699 ], [ -75.112122756376607, 40.029217731359601 ], [ -75.112220454940498, 40.029179774144303 ], [ -75.112333088492605, 40.029146872253598 ], [ -75.1124409325313, 40.0291266143306 ], [ -75.112572117557704, 40.029093471510201 ], [ -75.112666899986095, 40.029074987582398 ], [ -75.112782405574805, 40.029013076794499 ], [ -75.112905895244594, 40.028906579778202 ], [ -75.113002301849804, 40.028816631684002 ], [ -75.113077569109393, 40.028730805096103 ], [ -75.113137595081, 40.028651541211801 ], [ -75.113202492206398, 40.028524003861797 ], [ -75.113259122799207, 40.028377844325 ], [ -75.113290011093596, 40.028122803519601 ], [ -75.113293187613195, 40.027963896119303 ], [ -75.113305300578602, 40.027883532094599 ], [ -75.113341996120297, 40.027787604040597 ], [ -75.113380074935705, 40.027733181217201 ], [ -75.113462373833997, 40.027674211548103 ], [ -75.113558314217698, 40.027619765506202 ], [ -75.113629332093495, 40.0275660987949 ], [ -75.113711946809303, 40.027495819278201 ], [ -75.113798084519402, 40.027432269272403 ] ] } },
{ "type": "Feature", "properties": { "OBJECTID": 102, "TYPE": "Designated", "MATERIAL": "Asphalt", "WIDTH": 8, "LIMITS": " ", "TYPE2": "Asphalt Trail", "NAME": "Tacony Creek Trail", "ENTITY_TRA": "PPR", "TYPE_3": "Trail", "PAVED": "Y", "MILEAGE": 0.07336967, "Shape__Length": 154.59006307361699 }, "geometry": { "type": "LineString", "coordinates": [ [ -75.114684803555704, 40.039786399643702 ], [ -75.114673797385294, 40.039697166956699 ], [ -75.114648183703494, 40.039543036820596 ], [ -75.114604343311598, 40.039431843267998 ], [ -75.114450542608694, 40.039095168021397 ], [ -75.114406853704295, 40.038951266009498 ], [ -75.1143992627009, 40.038848333116398 ], [ -75.114406545724606, 40.038753958004598 ] ] } },
{ "type": "Feature", "properties": { "OBJECTID": 103, "TYPE": "Designated", "MATERIAL": "Asphalt", "WIDTH": 8, "LIMITS": " ", "TYPE2": "Dirt Trail", "NAME": "Cobb's Creek Trail", "ENTITY_TRA": "PPR", "TYPE_3": "Trail", "PAVED": "Y", "MILEAGE": 0.63683006, "Shape__Length": 1339.2330551129901 }, "geometry": { "type": "LineString", "coordinates": [ [ -75.250788744261996, 39.951726547342901 ], [ -75.250800780848394, 39.951492905121398 ], [ -75.250809971367502, 39.951408255427197 ], [ -75.250810047560805, 39.9514075525123 ], [ -75.250827716903999, 39.951244805841696 ], [ -75.250848965699703, 39.9511116716331 ], [ -75.250847529381304, 39.950962261453299 ], [ -75.250869009778498, 39.950831134290503 ], [ -75.250932329547297, 39.950541313478197 ], [ -75.250993065819003, 39.950209201510901 ], [ -75.251012506701102, 39.949916202925699 ], [ -75.251015951300204, 39.949749996491803 ], [ -75.251051925580597, 39.949456921097799 ], [ -75.251055568540494, 39.949263608168799 ], [ -75.250992762644103, 39.949119394150102 ], [ -75.250991649708297, 39.949116838120197 ], [ -75.250937906912597, 39.949070320438203 ], [ -75.250856558837, 39.949020533479299 ], [ -75.250771306225701, 39.948982665294501 ], [ -75.250683978255907, 39.948954087895302 ], [ -75.250626577400098, 39.9489128251262 ], [ -75.250421542268597, 39.948692290879201 ], [ -75.250311837177307, 39.948541855768099 ], [ -75.250235702185904, 39.948397485973103 ], [ -75.250198144094398, 39.9481465919987 ], [ -75.250165266131503, 39.947909803202599 ], [ -75.250085937867397, 39.947692811377003 ], [ -75.249918101963203, 39.94736324606 ], [ -75.249767306845598, 39.947186912273899 ], [ -75.249461022654103, 39.946916154471701 ], [ -75.249222314482907, 39.946716224689197 ], [ -75.248684346591801, 39.946379728950603 ], [ -75.248526510164893, 39.946289594514901 ], [ -75.248419866533197, 39.946173900642698 ], [ -75.248241392678693, 39.945891256712201 ], [ -75.248134463412796, 39.945642181601897 ], [ -75.248098943553799, 39.945562459259399 ], [ -75.248053708857796, 39.9454917088146 ], [ -75.248021729909695, 39.945418988701697 ], [ -75.247993458498698, 39.945339681208402 ], [ -75.247963359102201, 39.94526300167 ], [ -75.247892194249999, 39.9451720889667 ], [ -75.247814056257297, 39.945082357569902 ], [ -75.247687571844196, 39.944940888833997 ], [ -75.247575051496, 39.944843738952002 ], [ -75.247473360695494, 39.944734821307399 ], [ -75.247402918325093, 39.9446603995763 ], [ -75.247333753771599, 39.944540383044703 ], [ -75.2472497931482, 39.944326486410503 ], [ -75.247165159071997, 39.944177927569498 ], [ -75.247066748134699, 39.944086122459602 ], [ -75.246980630867796, 39.943965837572698 ], [ -75.246936848814599, 39.943873918890901 ], [ -75.246894626622506, 39.943735555646199 ], [ -75.246876691297103, 39.943683852742701 ], [ -75.246811486579901, 39.943571359957701 ] ] } },
{ "type": "Feature", "properties": { "OBJECTID": 104, "TYPE": "Designated", "MATERIAL": "Asphalt", "WIDTH": 8, "LIMITS": " ", "TYPE2": "Dirt Trail", "NAME": "Pennypack Park Trail", "ENTITY_TRA": "PPR", "TYPE_3": "Trail", "PAVED": "Y", "MILEAGE": 0.09388756, "Shape__Length": 197.344521217535 }, "geometry": { "type": "LineString", "coordinates": [ [ -75.007485818417095, 40.030894824927998 ], [ -75.00633382494, 40.031550341493997 ], [ -75.006069719552698, 40.031711239137898 ] ] } },
{ "type": "Feature", "properties": { "OBJECTID": 105, "TYPE": "Designated", "MATERIAL": "Asphalt", "WIDTH": 8, "LIMITS": " ", "TYPE2": "Driveway", "NAME": "Cobb's Creek Trail", "ENTITY_TRA": "PPR", "TYPE_3": "Trail", "PAVED": "Y", "MILEAGE": 0.04845895, "Shape__Length": 101.972083305669 }, "geometry": { "type": "LineString", "coordinates": [ [ -75.250582250440402, 39.952407590870997 ], [ -75.250658412924807, 39.952254536589102 ], [ -75.250700805591606, 39.952091410465997 ], [ -75.250771574426807, 39.951863549166298 ], [ -75.250789839445702, 39.951743909871901 ], [ -75.250788744261996, 39.951726547342901 ] ] } },
{ "type": "Feature", "properties": { "OBJECTID": 106, "TYPE": "Designated", "MATERIAL": "Asphalt", "WIDTH": 8, "LIMITS": " ", "TYPE2": "Road Crossing", "NAME": "Cobb's Creek Trail", "ENTITY_TRA": "PPR", "TYPE_3": "Trail", "PAVED": "Y", "MILEAGE": 0.00980913, "Shape__Length": 20.6042844353031 }, "geometry": { "type": "LineString", "coordinates": [ [ -75.236768716963994, 39.940355491891196 ], [ -75.236641932523796, 39.940252100477402 ] ] } },
{ "type": "Feature", "properties": { "OBJECTID": 107, "TYPE": "Designated", "MATERIAL": "Asphalt", "WIDTH": 8, "LIMITS": " ", "TYPE2": "Road Crossing", "NAME": "Cobb's Creek Trail", "ENTITY_TRA": "PPR", "TYPE_3": "Trail", "PAVED": "Y", "MILEAGE": 0.01062854, "Shape__Length": 22.355874060957401 }, "geometry": { "type": "LineString", "coordinates": [ [ -75.246811486579901, 39.943571359957701 ], [ -75.246737046501195, 39.943428358901301 ] ] } },
{ "type": "Feature", "properties": { "OBJECTID": 108, "TYPE": "Designated", "MATERIAL": "Asphalt", "WIDTH": 8, "LIMITS": " ", "TYPE2": "Road Crossing", "NAME": "Cobb's Creek Trail", "ENTITY_TRA": "PPR", "TYPE_3": "Trail Connection", "PAVED": "Y", "MILEAGE": 0.0146812, "Shape__Length": 30.900919896795699 }, "geometry": { "type": "LineString", "coordinates": [ [ -75.248014045498095, 39.957388923279296 ], [ -75.248051849260193, 39.957178128215098 ] ] } },
{ "type": "Feature", "properties": { "OBJECTID": 109, "TYPE": "Designated", "MATERIAL": "Asphalt", "WIDTH": 8, "LIMITS": " ", "TYPE2": "Road Crossing", "NAME": "Cobb's Creek Trail", "ENTITY_TRA": "PPR", "TYPE_3": "Trail Connection", "PAVED": "Y", "MILEAGE": 0.0237221, "Shape__Length": 49.928289717572802 }, "geometry": { "type": "LineString", "coordinates": [ [ -75.247878436980699, 39.957985885660499 ], [ -75.247933540178394, 39.957755280294997 ], [ -75.2479560038431, 39.957647292615697 ] ] } },
{ "type": "Feature", "properties": { "OBJECTID": 110, "TYPE": "Designated", "MATERIAL": "Asphalt", "WIDTH": 10, "LIMITS": " ", "TYPE2": "Asphalt Trail", "NAME": "Centennial Loop", "ENTITY_TRA": "PPR", "TYPE_3": "Trail", "PAVED": "Y", "MILEAGE": 0.02860311, "Shape__Length": 60.190595650096597 }, "geometry": { "type": "LineString", "coordinates": [ [ -75.206057075527596, 39.9768751523482 ], [ -75.206103638952001, 39.976906392497497 ], [ -75.206183988279506, 39.977041651859203 ], [ -75.206192173892305, 39.977179418317597 ], [ -75.206158989558105, 39.977255682468503 ] ] } },
{ "type": "Feature", "properties": { "OBJECTID": 111, "TYPE": "Designated", "MATERIAL": "Asphalt", "WIDTH": 10, "LIMITS": " ", "TYPE2": "Asphalt Trail", "NAME": "Pennypack Park Trail", "ENTITY_TRA": "PPR", "TYPE_3": "Trail", "PAVED": "Y", "MILEAGE": 1.69763809, "Shape__Length": 3570.6897948544802 }, "geometry": { "type": "LineString", "coordinates": [ [ -75.0448489864919, 40.076710672042402 ], [ -75.044936726629899, 40.076866964329298 ], [ -75.045122312836298, 40.077140408921899 ], [ -75.045226209147103, 40.077320050729298 ], [ -75.045321571431998, 40.077499492485003 ], [ -75.045603402590004, 40.077716135748403 ], [ -75.045719497110596, 40.077804184246197 ], [ -75.045911755500001, 40.077910432804003 ], [ -75.046188712952798, 40.078035080030901 ], [ -75.046755610835206, 40.0781731100844 ], [ -75.046907940378901, 40.0782095073966 ], [ -75.047060530250704, 40.078239347396 ], [ -75.047638057584905, 40.078325119885598 ], [ -75.047765302961395, 40.0783478006541 ], [ -75.048133889766603, 40.078317089064299 ], [ -75.048389688048601, 40.078329665759703 ], [ -75.048662165172502, 40.078352477861401 ], [ -75.048814494970003, 40.0783888726193 ], [ -75.049198846435601, 40.0783913424711 ], [ -75.049540259989499, 40.078399365336402 ], [ -75.049650696717706, 40.0784150858142 ], [ -75.049889164109302, 40.0784338142632 ], [ -75.050094012643498, 40.078438626879503 ], [ -75.050274037850102, 40.078423168141398 ], [ -75.050462858688505, 40.0784013516054 ], [ -75.050870804587305, 40.078240300370801 ], [ -75.051192873410301, 40.078090355734503 ], [ -75.051421705274706, 40.077921813796401 ], [ -75.051501914201907, 40.077838380725602 ], [ -75.051591440176907, 40.077735477608798 ], [ -75.051698559111799, 40.077619861955903 ], [ -75.051874742592503, 40.077486178936198 ], [ -75.052057894927898, 40.077392035870801 ], [ -75.052246190658906, 40.077383330594103 ], [ -75.052434226699603, 40.077381182132299 ], [ -75.052536387524199, 40.077390142387003 ], [ -75.052649171469895, 40.077346849749397 ], [ -75.052915587504899, 40.077307162617302 ], [ -75.053199335344402, 40.077261319269603 ], [ -75.0533129008016, 40.077198355588003 ], [ -75.053417147068203, 40.077154861878 ], [ -75.053488296738394, 40.077084340457901 ], [ -75.053577819877205, 40.076981435816997 ], [ -75.053633201317496, 40.076877729171002 ], [ -75.053678432202005, 40.076781188240197 ], [ -75.053712040303907, 40.076613784900097 ], [ -75.053744422231503, 40.076443910951397 ], [ -75.0537248131686, 40.076292505950804 ], [ -75.053704420998699, 40.076160771315202 ], [ -75.053708070386904, 40.076068977328198 ], [ -75.053772247070498, 40.075958914671403 ], [ -75.053902879715594, 40.075896350886197 ], [ -75.053965285621203, 40.075872394640903 ], [ -75.054041414492303, 40.075840325606897 ], [ -75.054110770947105, 40.075806042368498 ], [ -75.054190365952607, 40.075760892980099 ], [ -75.054235004989295, 40.075742203612499 ], [ -75.054315643045101, 40.075733190702799 ], [ -75.054420018924603, 40.0757284441355 ], [ -75.054557274822002, 40.075767319679102 ], [ -75.054633568676607, 40.075782234629699 ], [ -75.054689523437702, 40.075809478161197 ], [ -75.054734443522904, 40.075850031706601 ], [ -75.054825822475493, 40.075942006292301 ], [ -75.054933429411193, 40.076037717761402 ], [ -75.055029827776707, 40.076112425119597 ], [ -75.055217815589799, 40.076230918283301 ], [ -75.055276869773195, 40.076296862891603 ], [ -75.055318007897398, 40.076402064890097 ], [ -75.055342065362396, 40.076450663690999 ], [ -75.055370590267302, 40.0765234170265 ], [ -75.055419923016203, 40.076586248462696 ], [ -75.055596865389901, 40.076724955516397 ], [ -75.055633711298398, 40.0767616341059 ], [ -75.055649461852497, 40.076782908518098 ], [ -75.055713185746797, 40.076915269347197 ], [ -75.0558074529566, 40.076984506252302 ], [ -75.056008911681104, 40.0770745452743 ], [ -75.056067616224993, 40.077102172425199 ], [ -75.056193559949804, 40.077157627586502 ], [ -75.0563600979266, 40.077266536148002 ], [ -75.0565107367959, 40.077345539190098 ], [ -75.056755394628695, 40.077423463794801 ], [ -75.057128862040301, 40.077484718347897 ], [ -75.057376383438793, 40.077490517933903 ], [ -75.057516851818406, 40.077395366274203 ], [ -75.0576668966509, 40.077274188680001 ], [ -75.057702887201899, 40.077202858189601 ], [ -75.057722532345295, 40.0771639238584 ], [ -75.057806897105493, 40.076975578059802 ], [ -75.057879083095401, 40.076878827289299 ], [ -75.0580586387848, 40.076718064752598 ], [ -75.058075276636799, 40.076689846324399 ], [ -75.058118890742506, 40.076607426734398 ], [ -75.058138175548507, 40.076512518249501 ], [ -75.058140822585301, 40.0764458273012 ], [ -75.058132694049306, 40.076300676929002 ], [ -75.058170478632505, 40.076209682499503 ], [ -75.058306701365296, 40.076006144835702 ], [ -75.058395307489405, 40.075820023568099 ], [ -75.058429887871696, 40.075700577438603 ], [ -75.058468711373493, 40.0755833562405 ], [ -75.058556596558205, 40.075427878708197 ], [ -75.058663989681605, 40.0753491142314 ], [ -75.058796308253093, 40.075286980958701 ], [ -75.0589790911298, 40.075208102072999 ], [ -75.059110496763594, 40.075125862805898 ], [ -75.059205942908406, 40.0750887202474 ], [ -75.059500785243003, 40.075043908039497 ], [ -75.059792430273902, 40.074948225703203 ], [ -75.0599390848583, 40.074912281298801 ], [ -75.060317741885299, 40.074842390427897 ], [ -75.060523880317206, 40.074814401587702 ], [ -75.060796997353805, 40.0748207930449 ], [ -75.060959940888694, 40.074804917225997 ], [ -75.061139694049004, 40.074795997685399 ], [ -75.061592824082098, 40.0747869103132 ], [ -75.061896492692597, 40.074740887473901 ], [ -75.062236992331606, 40.074667625335401 ], [ -75.062465559033001, 40.074613633601103 ], [ -75.062536264893495, 40.074578806603398 ], [ -75.062697965754197, 40.074500577758101 ], [ -75.062824332802606, 40.074451308251902 ], [ -75.062992495398703, 40.074389781355798 ], [ -75.063231717398295, 40.074329629057097 ], [ -75.063351778681096, 40.074309781074803 ], [ -75.063474344026702, 40.074302605202199 ], [ -75.063553647355107, 40.074320249864698 ], [ -75.0637019281356, 40.074380115963599 ], [ -75.063877784617304, 40.074469542676503 ], [ -75.063949081430806, 40.074514391603202 ], [ -75.063986142059207, 40.074537703695697 ], [ -75.064031379540097, 40.074576311063701 ], [ -75.064059348924999, 40.074598326690598 ], [ -75.064112364041506, 40.074586107799298 ], [ -75.064310090907199, 40.074566633213301 ], [ -75.064443065977002, 40.074543253753603 ], [ -75.0646298660822, 40.074485771408597 ], [ -75.064777678693005, 40.074445129216002 ], [ -75.064933463252899, 40.074420009738503 ], [ -75.065066593560502, 40.074395154586099 ], [ -75.065124844797595, 40.074376428604502 ], [ -75.065224360131694, 40.074331159616101 ], [ -75.065323557325499, 40.074301450414502 ], [ -75.065404750557406, 40.0742902352169 ], [ -75.065570023262495, 40.0742554214752 ], [ -75.065697856005002, 40.074227461210199 ], [ -75.0657665784003, 40.074188849322198 ], [ -75.065796436323097, 40.074156221697002 ], [ -75.065843168263299, 40.0740810995026 ], [ -75.065879715333196, 40.074048908320002 ], [ -75.065943133725199, 40.073984985626801 ], [ -75.065990756714797, 40.073912739591101 ], [ -75.066035453244794, 40.073793043906903 ], [ -75.066118567912696, 40.073637816342703 ], [ -75.066168475628103, 40.073551540318597 ], [ -75.066234881107306, 40.073472428099599 ], [ -75.066314961276007, 40.073384086854297 ], [ -75.066530042567805, 40.073089778034401 ], [ -75.066657833588593, 40.072870172339698 ], [ -75.066741768400306, 40.072729991099102 ], [ -75.066850578962701, 40.072546318878302 ], [ -75.066961219133105, 40.072442149436803 ], [ -75.067127077745397, 40.072324814555898 ], [ -75.067253754091396, 40.072235394453102 ], [ -75.067393361612901, 40.072134801323799 ], [ -75.067481071605499, 40.072104550078997 ], [ -75.067593525492995, 40.072092789959498 ], [ -75.067783348437104, 40.072098698447199 ], [ -75.067866899207601, 40.072093688917001 ], [ -75.068021118834196, 40.072078819670899 ], [ -75.068148493498498, 40.072049676554002 ], [ -75.068390445587198, 40.072026484170301 ], [ -75.068452159055795, 40.072009669178499 ], [ -75.068498563634293, 40.071984127157201 ], [ -75.068601811094297, 40.071923012054299 ], [ -75.068732119182897, 40.071852938482003 ], [ -75.068908484808901, 40.071774068447397 ] ] } },
{ "type": "Feature", "properties": { "OBJECTID": 112, "TYPE": "Designated", "MATERIAL": "Asphalt", "WIDTH": 10, "LIMITS": " ", "TYPE2": "Asphalt Trail", "NAME": "Pennypack Park Trail", "ENTITY_TRA": "PPR", "TYPE_3": "Trail", "PAVED": "Y", "MILEAGE": 0.01786463, "Shape__Length": 37.598465287237097 }, "geometry": { "type": "LineString", "coordinates": [ [ -75.060376734854302, 40.085696533604199 ], [ -75.060326399917301, 40.085645734391598 ], [ -75.060285106018497, 40.085596560465 ], [ -75.060266826367595, 40.085572032498298 ], [ -75.060141207004804, 40.085621251409698 ] ] } },
{ "type": "Feature", "properties": { "OBJECTID": 113, "TYPE": "Designated", "MATERIAL": "Asphalt", "WIDTH": 10, "LIMITS": " ", "TYPE2": "Asphalt Trail", "NAME": "Pennypack Park Trail", "ENTITY_TRA": "PPR", "TYPE_3": "Trail", "PAVED": "Y", "MILEAGE": 0.03142219, "Shape__Length": 66.107845910175001 }, "geometry": { "type": "LineString", "coordinates": [ [ -75.060988816812298, 40.086079962688501 ], [ -75.060883719573496, 40.086006287262101 ], [ -75.060808371117901, 40.085957421468699 ], [ -75.060690124262095, 40.085890158173399 ], [ -75.060525920485901, 40.085796021644597 ] ] } },
{ "type": "Feature", "properties": { "OBJECTID": 114, "TYPE": "Designated", "MATERIAL": "Asphalt", "WIDTH": 10, "LIMITS": " ", "TYPE2": "Asphalt Trail", "NAME": "Pennypack Park Trail", "ENTITY_TRA": "PPR", "TYPE_3": "Trail", "PAVED": "Y", "MILEAGE": 0.07472086, "Shape__Length": 157.225213144267 }, "geometry": { "type": "LineString", "coordinates": [ [ -75.060988816812298, 40.086079962688501 ], [ -75.060792141918398, 40.086116375847801 ], [ -75.060691605346904, 40.086122427591803 ], [ -75.060523247167296, 40.0861283204515 ], [ -75.0604248224777, 40.0861289502472 ], [ -75.060340902850101, 40.086122663290901 ], [ -75.060281952142503, 40.086103280947 ], [ -75.060224924451404, 40.086072889579803 ], [ -75.060197486168406, 40.086040856037101 ], [ -75.060110272264595, 40.085879409709101 ], [ -75.060100152735004, 40.085849968278197 ], [ -75.060100009342904, 40.085813127582803 ], [ -75.060122011020198, 40.085752814876997 ], [ -75.060137052699901, 40.085711164775802 ], [ -75.060148472717898, 40.085675112794597 ], [ -75.060148127605004, 40.085647556230597 ], [ -75.060141207004804, 40.085621251409698 ] ] } },
{ "type": "Feature", "properties": { "OBJECTID": 115, "TYPE": "Designated", "MATERIAL": "Asphalt", "WIDTH": 10, "LIMITS": " ", "TYPE2": "Asphalt Trail", "NAME": "Pennypack Park Trail", "ENTITY_TRA": "PPR", "TYPE_3": "Trail", "PAVED": "Y", "MILEAGE": 0.58463191, "Shape__Length": 1230.08124030269 }, "geometry": { "type": "LineString", "coordinates": [ [ -75.068785258771101, 40.087064778471401 ], [ -75.068785970825303, 40.0870485502276 ], [ -75.0687643170087, 40.086999794405401 ], [ -75.068718567405696, 40.086882634463102 ], [ -75.068647094091006, 40.0867364961492 ], [ -75.068564432380597, 40.0866184750328 ], [ -75.068524504739202, 40.0865867694231 ], [ -75.068452154544602, 40.086553182886703 ], [ -75.068334207093301, 40.086510501507703 ], [ -75.068171122566397, 40.086457088777998 ], [ -75.067942740931201, 40.086371785287803 ], [ -75.067724020779906, 40.086297025511698 ], [ -75.06758334253, 40.086244725887802 ], [ -75.067494167053994, 40.086206526490699 ], [ -75.067396259403097, 40.086171436345801 ], [ -75.067279296417098, 40.086117068706301 ], [ -75.067169148107595, 40.086061454383596 ], [ -75.067062763873295, 40.086004044637797 ], [ -75.066950988704704, 40.085928125011101 ], [ -75.066847334157799, 40.085884898086697 ], [ -75.066775587999899, 40.0858621145223 ], [ -75.0665691253311, 40.085774739324599 ], [ -75.066419753932294, 40.0857299743139 ], [ -75.066292953765398, 40.085708955051402 ], [ -75.066153038052903, 40.085679889452798 ], [ -75.065998883463806, 40.0856711304288 ], [ -75.065881741690305, 40.085660655871003 ], [ -75.065804868502198, 40.085651120705698 ], [ -75.065609426397799, 40.085667194659699 ], [ -75.064854162583103, 40.085613435598198 ], [ -75.064639709463407, 40.085600685472002 ], [ -75.064494906975298, 40.085610201596502 ], [ -75.064178706463807, 40.085664730089299 ], [ -75.064049049766396, 40.085715876297698 ], [ -75.063880641948501, 40.085812554646402 ], [ -75.063727990910905, 40.085935399647198 ], [ -75.063665139149094, 40.085995846691802 ], [ -75.063544162680799, 40.086124591119898 ], [ -75.063429747988906, 40.086289044818997 ], [ -75.063331677235098, 40.086422888211899 ], [ -75.063253741550696, 40.0865149135915 ], [ -75.063171997638094, 40.086617393894798 ], [ -75.063103201414606, 40.086699907878298 ], [ -75.063000893720499, 40.086805143901501 ], [ -75.062913901417105, 40.086906804837596 ], [ -75.062873475725596, 40.086956259541601 ], [ -75.062820073959998, 40.087047699473899 ], [ -75.062742764666893, 40.087190486771199 ], [ -75.062714648747402, 40.08723385615 ], [ -75.062684822439493, 40.087263282454501 ], [ -75.062647712316405, 40.087286166284699 ], [ -75.062605741673593, 40.0873022795625 ], [ -75.062473847647098, 40.087324994358802 ], [ -75.062331664516904, 40.0873401834899 ], [ -75.0622513554422, 40.087349311824397 ], [ -75.062198012172104, 40.087363126270397 ], [ -75.062141516776705, 40.0873803432019 ], [ -75.062044122336999, 40.087420933612499 ], [ -75.061962039954807, 40.087448395233899 ], [ -75.061900031514696, 40.087459853407999 ], [ -75.061849459841994, 40.087462726282503 ], [ -75.061807876404302, 40.087459861567197 ], [ -75.061766735909202, 40.087450943181203 ], [ -75.061710452035399, 40.087433554913403 ], [ -75.061648577996706, 40.087406469502497 ], [ -75.061590426584701, 40.087370351676903 ], [ -75.061543470076501, 40.087329266018102 ], [ -75.061514013525695, 40.087300205905898 ], [ -75.061500344718993, 40.087279103645599 ], [ -75.061493679362201, 40.087242378932999 ], [ -75.061496853665403, 40.087216137335098 ], [ -75.061530357872499, 40.086940127971701 ], [ -75.061542680336302, 40.086836266499297 ], [ -75.061551656113394, 40.086694585682103 ], [ -75.061544144442905, 40.086629913363701 ], [ -75.061529103173896, 40.086585704203998 ], [ -75.061474967354201, 40.086504422663303 ], [ -75.061411314604797, 40.0864409762736 ], [ -75.0613092183238, 40.0863471817974 ], [ -75.061149223468107, 40.086213060881903 ], [ -75.060988816812298, 40.086079962688501 ] ] } },
{ "type": "Feature", "properties": { "OBJECTID": 116, "TYPE": "Designated", "MATERIAL": "Gravel", "WIDTH": 20, "LIMITS": " ", "TYPE2": "Gravel Trail", "NAME": "Forbidden Drive", "ENTITY_TRA": "PPR", "TYPE_3": "Trail", "PAVED": "N", "MILEAGE": 4.60399007, "Shape__Length": 9693.3147333060406 }, "geometry": { "type": "LineString", "coordinates": [ [ -75.2006434255361, 40.033421754696001 ], [ -75.200619483223093, 40.0336584086917 ], [ -75.200624534926106, 40.033924632058699 ], [ -75.200646144289294, 40.034150727364498 ], [ -75.200710050105698, 40.0344529663858 ], [ -75.200804251516402, 40.034750093326402 ], [ -75.200891367908497, 40.035035492243601 ], [ -75.200946314492597, 40.035175552649903 ], [ -75.201073202587693, 40.035403984274403 ], [ -75.201229023336893, 40.035672817230697 ], [ -75.201246398967399, 40.035728695567798 ], [ -75.201295001817698, 40.035786549873102 ], [ -75.201328282661294, 40.035826165743899 ], [ -75.201437822348694, 40.035915371937499 ], [ -75.201526106473693, 40.035969395273597 ], [ -75.201607955778897, 40.035994351780602 ], [ -75.201690673362606, 40.035996187042699 ], [ -75.201759219902996, 40.035974567396501 ], [ -75.201846061173399, 40.035866578933103 ], [ -75.202018874817398, 40.035673722096803 ], [ -75.202136666023307, 40.035543568794502 ], [ -75.202225819005605, 40.0353856194047 ], [ -75.202414523316605, 40.035104434249398 ], [ -75.202660086027805, 40.034831762941501 ], [ -75.202746924403101, 40.0347237737912 ], [ -75.202947859136401, 40.034583604652397 ], [ -75.203132234518904, 40.034483562626797 ], [ -75.203369464120001, 40.034378907812197 ], [ -75.203658029518806, 40.034310100861497 ], [ -75.203838933291806, 40.034302541613698 ], [ -75.204313318414407, 40.034295701972198 ], [ -75.204463060282805, 40.0343163759159 ], [ -75.204799491802405, 40.034375896181999 ], [ -75.205282848696299, 40.034531231608902 ], [ -75.205571996768299, 40.034647553460701 ], [ -75.205846323581099, 40.034757760027397 ], [ -75.206104961049704, 40.034884974411 ], [ -75.206394482829594, 40.035192206546903 ], [ -75.206589282640707, 40.035416350291896 ], [ -75.206655422813498, 40.035487903776399 ], [ -75.206715973540994, 40.035650556212303 ], [ -75.206746207040894, 40.035847916015499 ], [ -75.206803704451602, 40.036121084248599 ], [ -75.206922227325904, 40.036372464113001 ], [ -75.207162523398694, 40.036788519063599 ], [ -75.207297172315506, 40.037011330654799 ], [ -75.207434852898601, 40.037153218209902 ], [ -75.207777679124007, 40.037444272250099 ], [ -75.207996998695705, 40.037616890812501 ], [ -75.208209666119799, 40.037766222225301 ], [ -75.208415896458504, 40.037886485966197 ], [ -75.208667680779996, 40.037996187477297 ], [ -75.208837394948802, 40.038086716774899 ], [ -75.209006459058401, 40.038194587400099 ], [ -75.209158753713496, 40.038348366689803 ], [ -75.209606821858401, 40.038844216598598 ], [ -75.209800993611196, 40.039085696465797 ], [ -75.209941877044002, 40.0393433517402 ], [ -75.210076539014395, 40.039566159120298 ], [ -75.210475224177799, 40.039974139811299 ], [ -75.210546750089804, 40.040074066178697 ], [ -75.210686989506399, 40.040349061238302 ], [ -75.210839242358801, 40.040705311623498 ], [ -75.210907956760593, 40.040880380224102 ], [ -75.211025854325797, 40.0411490965095 ], [ -75.211109080480597, 40.041344261767399 ], [ -75.211112391561002, 40.041357121937999 ], [ -75.211154900612499, 40.041522188485999 ], [ -75.211253218357896, 40.041911956189502 ], [ -75.211358456003197, 40.042116756456203 ], [ -75.211614923778299, 40.042504234444401 ], [ -75.211867764041699, 40.042787501344399 ], [ -75.212160133369807, 40.043112144486201 ], [ -75.212226714368001, 40.043252445912401 ], [ -75.212302091284698, 40.043450801073703 ], [ -75.212361779150001, 40.043666164628803 ], [ -75.212542834632799, 40.044057758706103 ], [ -75.212653179169095, 40.044528780468099 ], [ -75.212721858427102, 40.044906322174498 ], [ -75.212801300568003, 40.0451973263296 ], [ -75.212850660590803, 40.045487666008398 ], [ -75.212849104376801, 40.045730601303497 ], [ -75.212714676246506, 40.046306131160598 ], [ -75.2126142211999, 40.046778281953202 ], [ -75.212528851986605, 40.047048290726103 ], [ -75.212507541479496, 40.047215584198803 ], [ -75.212585085199606, 40.047356137347201 ], [ -75.212744280450906, 40.047527417739701 ], [ -75.212905205532806, 40.047652457195198 ], [ -75.213200215279301, 40.047815166602 ], [ -75.213553018531798, 40.048042787010701 ], [ -75.213705992651398, 40.0481792185495 ], [ -75.213798489496199, 40.048276753890597 ], [ -75.213820929584401, 40.048326380750602 ], [ -75.214000101371198, 40.048567521322198 ], [ -75.2141356602461, 40.048767203502997 ], [ -75.214211912984993, 40.048942436090201 ], [ -75.214262145870606, 40.049209653841302 ], [ -75.214271355495399, 40.049366052387199 ], [ -75.214362219542394, 40.049553177075602 ], [ -75.214544166256502, 40.049921647516001 ], [ -75.214705062585097, 40.0502491577044 ], [ -75.214913858569901, 40.050704994206903 ], [ -75.214983241508406, 40.050862719554701 ], [ -75.215275247004399, 40.051106346699498 ], [ -75.215786638885305, 40.051522577570999 ], [ -75.216056085275, 40.0517657058693 ], [ -75.216223685075406, 40.051914026934 ], [ -75.216393442956203, 40.052004544980498 ], [ -75.216908085551395, 40.052334068073201 ], [ -75.217231270338402, 40.052549452681703 ], [ -75.217563026471893, 40.052938574445299 ], [ -75.217747588514001, 40.053237676789998 ], [ -75.217839729322193, 40.053479668395298 ], [ -75.217894944425097, 40.053668619787501 ], [ -75.217993016648293, 40.053986357237903 ], [ -75.218004324301006, 40.054040823938401 ], [ -75.218090562912295, 40.054399395850297 ], [ -75.218162599169901, 40.054623648521897 ], [ -75.218213930329497, 40.054861963530001 ], [ -75.218331178994603, 40.055552959270202 ], [ -75.218425028792495, 40.056064105742799 ], [ -75.218455460161195, 40.056201384502003 ], [ -75.218495908703702, 40.056383840998897 ], [ -75.218672530355704, 40.056694336248597 ], [ -75.218798654525798, 40.056945869306503 ], [ -75.218879896254705, 40.057056081428399 ], [ -75.218886848710895, 40.057064237243203 ], [ -75.218955787835995, 40.057145115732297 ], [ -75.219102509373599, 40.057276521792197 ], [ -75.219307308993194, 40.057437226998701 ], [ -75.219686607236795, 40.057763754235097 ], [ -75.2198013577826, 40.0579166909286 ], [ -75.219959949289901, 40.058105302876399 ], [ -75.220237799268006, 40.0585279387941 ], [ -75.220548544443105, 40.058876093811797 ], [ -75.220772685891703, 40.059123996936798 ], [ -75.220802296372298, 40.059156803489699 ], [ -75.220975124735006, 40.059348281612003 ], [ -75.221234729015293, 40.059654814564603 ], [ -75.221544406118696, 40.0600318677986 ], [ -75.221805306944603, 40.0603037170143 ], [ -75.221999584716499, 40.060545175120701 ], [ -75.222250166383901, 40.060892001380999 ], [ -75.222383403934103, 40.061155256155097 ], [ -75.222485260392304, 40.061452530396302 ], [ -75.222592055473598, 40.061819332135897 ], [ -75.222728297116007, 40.062204137293101 ], [ -75.222886462788694, 40.062606778500701 ], [ -75.222962323005007, 40.062793566257596 ], [ -75.223054090249803, 40.062957563523 ], [ -75.223169287808602, 40.0630989357023 ], [ -75.223437084370502, 40.063388287371303 ], [ -75.223645561164105, 40.063653194794497 ], [ -75.223771501432694, 40.063910502852899 ], [ -75.223811462509701, 40.064252693545299 ], [ -75.2238028521963, 40.0644839031334 ], [ -75.223651950424596, 40.064694629414198 ], [ -75.223263742443507, 40.065010051710502 ], [ -75.223080173928594, 40.065087004544701 ], [ -75.222606852264093, 40.065261713232999 ], [ -75.221983681414301, 40.065489282418703 ], [ -75.221904604093993, 40.065518159382997 ], [ -75.221499846610797, 40.0656712327362 ], [ -75.221284889610104, 40.065782201139399 ], [ -75.221129901396097, 40.0659002751363 ], [ -75.220980496717402, 40.066070535849001 ], [ -75.220875368511003, 40.066264911173498 ], [ -75.220829994198297, 40.066472171300298 ], [ -75.220813203224296, 40.0667205557843 ], [ -75.220834074943795, 40.066784208294898 ], [ -75.220901091368205, 40.066988598300597 ], [ -75.221044445408793, 40.067182657147399 ], [ -75.221108491846806, 40.067282411213 ], [ -75.221153255022699, 40.0674334264747 ], [ -75.2211619978453, 40.067462922851298 ], [ -75.221252690805102, 40.067655822480802 ], [ -75.221365091370998, 40.067872339965 ], [ -75.221517175701393, 40.068033591299603 ], [ -75.221654821801707, 40.068179533983503 ], [ -75.222056330972407, 40.068518109998699 ], [ -75.222413132697596, 40.068844131485797 ], [ -75.222712766151403, 40.069087905882199 ], [ -75.223229493439305, 40.069567851125598 ], [ -75.223689485009103, 40.069953987440002 ], [ -75.224098968218499, 40.070281161462802 ], [ -75.224803591591694, 40.0707710134065 ], [ -75.225339052333197, 40.071153016666301 ], [ -75.225733718636903, 40.071474073711201 ], [ -75.225812177935296, 40.071591496421497 ], [ -75.225831307676998, 40.0716844756993 ], [ -75.225843320166007, 40.0719180320731 ], [ -75.225844414426504, 40.0719393024428 ], [ -75.225814313995102, 40.072141114421001 ], [ -75.225605570621696, 40.0724894115639 ], [ -75.225496785284903, 40.072645258921398 ], [ -75.225398761418404, 40.072785686926899 ], [ -75.225156052270904, 40.073034892772696 ], [ -75.224962143565605, 40.073186825995499 ], [ -75.224522086544397, 40.073477974761701 ], [ -75.2241123365026, 40.073764001861299 ], [ -75.223787715737203, 40.073988265280803 ], [ -75.223718406543398, 40.074064450669901 ], [ -75.223607126606893, 40.074186768697999 ], [ -75.223415783190305, 40.0744718110886 ], [ -75.2233880429946, 40.074610039945398 ], [ -75.223427804832198, 40.074755538117699 ], [ -75.223627930727105, 40.075043400374703 ], [ -75.223731965291805, 40.075282871341102 ], [ -75.223813644346706, 40.075516064611399 ], [ -75.224090082730598, 40.075979152851502 ], [ -75.224396622698293, 40.0764429018407 ], [ -75.224804848384395, 40.077007228575603 ], [ -75.224955113989097, 40.077218788522998 ], [ -75.225148582894207, 40.077685835314199 ], [ -75.225295622284406, 40.077984098571697 ], [ -75.225608627615102, 40.078476910514098 ], [ -75.225744187812694, 40.078686724519201 ], [ -75.225900570644498, 40.078928763775799 ], [ -75.225964634140695, 40.079028515040697 ], [ -75.225990947862897, 40.079076268933498 ], [ -75.226007909550702, 40.079107049954402 ], [ -75.226071472094503, 40.079245862626998 ], [ -75.226225836417498, 40.079565501949297 ], [ -75.226329123638294, 40.079768467113801 ], [ -75.226616165178797, 40.080139671795799 ], [ -75.226737084685098, 40.080294370034501 ], [ -75.227065265939004, 40.080623904742801 ], [ -75.227217639681797, 40.080763870586203 ], [ -75.227254933280406, 40.080825506188603 ], [ -75.227329294641393, 40.080954854096902 ], [ -75.227446149868896, 40.0812189329368 ], [ -75.227598493946502, 40.081399362058903 ], [ -75.227777235243707, 40.081513484146299 ], [ -75.2284210037798, 40.081830250330398 ], [ -75.229006419150707, 40.082055952599497 ], [ -75.229412595896207, 40.082204739928699 ], [ -75.229710730360907, 40.082278176365598 ], [ -75.229999372662306, 40.082393975771403 ], [ -75.230313556371698, 40.082461681696799 ], [ -75.230872078457594, 40.082559068154602 ], [ -75.231414329876998, 40.082668258717199 ], [ -75.231601262487899, 40.082751416763003 ], [ -75.231849000813398, 40.082902806208402 ], [ -75.2320045147315, 40.0829791935302 ], [ -75.232488461070403, 40.083166163565501 ], [ -75.232546478263302, 40.083193342313002 ], [ -75.232706364131502, 40.083268243169897 ], [ -75.232786272392701, 40.083339922757801 ], [ -75.232872729416499, 40.0834534147398 ], [ -75.232884012059799, 40.083480723994903 ], [ -75.232907132716903, 40.083536687229298 ], [ -75.232934522441596, 40.083630210760603 ] ] } },
{ "type": "Feature", "properties": { "OBJECTID": 117, "TYPE": "Designated", "MATERIAL": "Wood", "WIDTH": 0, "LIMITS": " ", "TYPE2": "Bridge", "NAME": "Tacony Creek Trail", "ENTITY_TRA": "PPR", "TYPE_3": "Trail", "PAVED": "N", "MILEAGE": 0.01750328, "Shape__Length": 36.7649644901431 }, "geometry": { "type": "LineString", "coordinates": [ [ -75.112455903901505, 40.0424466901313 ], [ -75.112761609822897, 40.042542367861003 ] ] } },
{ "type": "Feature", "properties": { "OBJECTID": 118, "TYPE": "Designated", "MATERIAL": "Wood", "WIDTH": 0, "LIMITS": " ", "TYPE2": "Bridge", "NAME": "Tacony Creek Trail", "ENTITY_TRA": "PPR", "TYPE_3": "Trail", "PAVED": "Y", "MILEAGE": 0.01339534, "Shape__Length": 28.121781652777599 }, "geometry": { "type": "LineString", "coordinates": [ [ -75.111104164553296, 40.045283285031999 ], [ -75.111356717346794, 40.045278749971096 ] ] } },
{ "type": "Feature", "properties": { "OBJECTID": 119, "TYPE": "Designated", "MATERIAL": "Wood", "WIDTH": 8, "LIMITS": " ", "TYPE2": "Boardwalk", "NAME": "Manayunk Canal Towpath/Lock St to Shawmont", "ENTITY_TRA": "PPR", "TYPE_3": "Trail", "PAVED": "N", "MILEAGE": 0.13488067, "Shape__Length": 283.359664339625 }, "geometry": { "type": "LineString", "coordinates": [ [ -75.223419290098207, 40.025096292885998 ], [ -75.223469010661006, 40.025113174040001 ], [ -75.2235764055267, 40.025169745197203 ], [ -75.223684314873907, 40.0252187015328 ], [ -75.223873584548897, 40.025320414143799 ], [ -75.224208584901703, 40.0254802051087 ], [ -75.224359841704, 40.025539653911999 ], [ -75.224661406139006, 40.025661718656998 ], [ -75.224870588830598, 40.0257473125438 ], [ -75.225078990387203, 40.025831613052901 ], [ -75.225336846685494, 40.025937241273397 ], [ -75.225587066204099, 40.026044312007997 ], [ -75.225623583654993, 40.026066160185401 ] ] } },
{ "type": "Feature", "properties": { "OBJECTID": 120, "TYPE": "Designated", "MATERIAL": "Wood", "WIDTH": 8, "LIMITS": " ", "TYPE2": "Boardwalk", "NAME": "Manayunk Canal Towpath/Lock St to Shawmont", "ENTITY_TRA": "PPR", "TYPE_3": "Trail", "PAVED": "N", "MILEAGE": 0.0719908, "Shape__Length": 151.25008574218799 }, "geometry": { "type": "LineString", "coordinates": [ [ -75.226293078230299, 40.026351169835102 ], [ -75.226321507068903, 40.0263466652018 ], [ -75.2264841993386, 40.026413516325498 ], [ -75.226702735042906, 40.026511291029898 ], [ -75.226951094453298, 40.026629008139203 ], [ -75.227138848244095, 40.026715169426403 ], [ -75.227181362087705, 40.026734568366798 ], [ -75.227287961377499, 40.026783210411402 ], [ -75.2274587207921, 40.026873315414797 ] ] } },
{ "type": "Feature", "properties": { "OBJECTID": 121, "TYPE": "Designated", "MATERIAL": "Wood", "WIDTH": 8, "LIMITS": " ", "TYPE2": "Bridge", "NAME": "Manayunk Canal Towpath/Lock St to Shawmont", "ENTITY_TRA": "PPR", "TYPE_3": "Trail", "PAVED": "N", "MILEAGE": 0.00643107, "Shape__Length": 13.5311147196009 }, "geometry": { "type": "LineString", "coordinates": [ [ -75.232635089282397, 40.030846934605997 ], [ -75.232710363249893, 40.0309200125782 ] ] } },
{ "type": "Feature", "properties": { "OBJECTID": 122, "TYPE": "Designated", "MATERIAL": "Wood", "WIDTH": 8, "LIMITS": " ", "TYPE2": "Bridge", "NAME": "Manayunk Canal Towpath/Lock St to Shawmont", "ENTITY_TRA": "PPR", "TYPE_3": "Trail", "PAVED": "N", "MILEAGE": 0.00705133, "Shape__Length": 14.8330767503888 }, "geometry": { "type": "LineString", "coordinates": [ [ -75.235928124630803, 40.033575250156197 ], [ -75.236017126954295, 40.033651177021099 ] ] } },
{ "type": "Feature", "properties": { "OBJECTID": 123, "TYPE": "Designated", "MATERIAL": "Wood", "WIDTH": 8, "LIMITS": " ", "TYPE2": "Bridge", "NAME": "Manayunk Canal Towpath/Lock St to Shawmont", "ENTITY_TRA": "PPR", "TYPE_3": "Trail", "PAVED": "N", "MILEAGE": 0.0223458, "Shape__Length": 46.906807411001203 }, "geometry": { "type": "LineString", "coordinates": [ [ -75.241311450105201, 40.037181434144699 ], [ -75.241732407223196, 40.037195729891501 ] ] } },
{ "type": "Feature", "properties": { "OBJECTID": 124, "TYPE": "Designated", "MATERIAL": "Wood", "WIDTH": 8, "LIMITS": " ", "TYPE2": "Bridge", "NAME": "Manayunk Canal Towpath/Lock St to Shawmont", "ENTITY_TRA": "PPR", "TYPE_3": "Trail", "PAVED": "N", "MILEAGE": 0.00843827, "Shape__Length": 17.7143075640099 }, "geometry": { "type": "LineString", "coordinates": [ [ -75.242403730569706, 40.037290318452897 ], [ -75.242561295930201, 40.037307363214303 ] ] } },
{ "type": "Feature", "properties": { "OBJECTID": 125, "TYPE": "Designated", "MATERIAL": "Wood", "WIDTH": 10, "LIMITS": " ", "TYPE2": "Boardwalk", "NAME": "Manayunk Canal Towpath/Lock St to Shawmont", "ENTITY_TRA": "PPR", "TYPE_3": "Trail", "PAVED": "N", "MILEAGE": 0.04602081, "Shape__Length": 96.768162874072104 }, "geometry": { "type": "LineString", "coordinates": [ [ -75.230304678205997, 40.0288404928463 ], [ -75.230349274634094, 40.0288682569389 ], [ -75.230419025173504, 40.028911240155502 ], [ -75.230456398473095, 40.028932468498901 ], [ -75.230553406196094, 40.028956279987199 ], [ -75.230589098858601, 40.028978108419899 ], [ -75.230723352554094, 40.029071295294798 ], [ -75.230746161373304, 40.029104958528102 ], [ -75.230774276196797, 40.0291521314279 ], [ -75.230831877862101, 40.029209516075603 ], [ -75.230873206725406, 40.029235932472098 ], [ -75.230928758685707, 40.029281474488499 ] ] } },
{ "type": "Feature", "properties": { "OBJECTID": 126, "TYPE": "Designated", "MATERIAL": "Wood", "WIDTH": 10, "LIMITS": " ", "TYPE2": "Boardwalk", "NAME": "Manayunk Canal Towpath/Lock St to Shawmont", "ENTITY_TRA": "PPR", "TYPE_3": "Trail", "PAVED": "N", "MILEAGE": 0.03887185, "Shape__Length": 81.703205578959299 }, "geometry": { "type": "LineString", "coordinates": [ [ -75.233264575929496, 40.031408521055702 ], [ -75.233332029129599, 40.031419068549702 ], [ -75.233409168612496, 40.031446836303203 ], [ -75.233534730231, 40.031481333130799 ], [ -75.233597301648004, 40.031504245954999 ], [ -75.233699749291603, 40.031565446164002 ], [ -75.233755081340902, 40.031624481491299 ], [ -75.233824394963804, 40.031704230601498 ], [ -75.233843007462994, 40.031719376815602 ] ] } },
{ "type": "Feature", "properties": { "OBJECTID": 127, "TYPE": "Designated", "MATERIAL": "Asphalt", "WIDTH": 10, "LIMITS": " ", "TYPE2": "Road Crossing", "NAME": "Centennial Loop", "ENTITY_TRA": "PPR", "TYPE_3": "Trail Connection", "PAVED": "Y", "MILEAGE": 0.01296689, "Shape__Length": 27.200901455434899 }, "geometry": { "type": "LineString", "coordinates": [ [ -75.210423235423406, 39.980699800194401 ], [ -75.210184089760801, 39.980738237192703 ] ] } },
{ "type": "Feature", "properties": { "OBJECTID": 128, "TYPE": "Designated", "MATERIAL": "Asphalt", "WIDTH": 10, "LIMITS": " ", "TYPE2": "Road Crossing", "NAME": "Centennial Loop", "ENTITY_TRA": "PPR", "TYPE_3": "Trail Connection", "PAVED": "Y", "MILEAGE": 0.01074831, "Shape__Length": 22.632023395717901 }, "geometry": { "type": "LineString", "coordinates": [ [ -75.2123333177327, 39.9809355203706 ], [ -75.212348182194106, 39.981090888869502 ] ] } },
{ "type": "Feature", "properties": { "OBJECTID": 129, "TYPE": "Designated", "MATERIAL": "Asphalt", "WIDTH": 10, "LIMITS": " ", "TYPE2": "Road Crossing", "NAME": "Centennial Loop", "ENTITY_TRA": "PPR", "TYPE_3": "Trail Connection", "PAVED": "Y", "MILEAGE": 0.0066203, "Shape__Length": 13.8857856567135 }, "geometry": { "type": "LineString", "coordinates": [ [ -75.212443142246201, 39.981595389635302 ], [ -75.212318825774602, 39.981603242012397 ] ] } },
{ "type": "Feature", "properties": { "OBJECTID": 130, "TYPE": "Designated", "MATERIAL": "Asphalt", "WIDTH": 10, "LIMITS": " ", "TYPE2": "Road Crossing", "NAME": "Centennial Loop", "ENTITY_TRA": "PPR", "TYPE_3": "Trail Connection", "PAVED": "Y", "MILEAGE": 0.00802537, "Shape__Length": 16.881258913152799 }, "geometry": { "type": "LineString", "coordinates": [ [ -75.210091967791797, 39.984205773430901 ], [ -75.210171463352196, 39.9841068231826 ] ] } },
{ "type": "Feature", "properties": { "OBJECTID": 131, "TYPE": "Designated", "MATERIAL": "Asphalt", "WIDTH": 10, "LIMITS": " ", "TYPE2": "Road Crossing", "NAME": "Kelly Drive Trail", "ENTITY_TRA": "PPR", "TYPE_3": "Trail", "PAVED": "Y", "MILEAGE": 0.00555471, "Shape__Length": 11.679888362774101 }, "geometry": { "type": "LineString", "coordinates": [ [ -75.200084109415599, 39.9872432071286 ], [ -75.200019344001603, 39.987306454077199 ] ] } },
{ "type": "Feature", "properties": { "OBJECTID": 132, "TYPE": "Designated", "MATERIAL": "Asphalt", "WIDTH": 10, "LIMITS": " ", "TYPE2": "Road Crossing", "NAME": "Kelly Drive Trail", "ENTITY_TRA": "PPR", "TYPE_3": "Trail", "PAVED": "Y", "MILEAGE": 0.00543027, "Shape__Length": 11.402784371474599 }, "geometry": { "type": "LineString", "coordinates": [ [ -75.194618968175405, 39.992411248830699 ], [ -75.194530660397007, 39.992451015641599 ] ] } },
{ "type": "Feature", "properties": { "OBJECTID": 133, "TYPE": "Designated", "MATERIAL": "Asphalt", "WIDTH": 10, "LIMITS": " ", "TYPE2": "Road Crossing", "NAME": "Kelly Drive Trail", "ENTITY_TRA": "PPR", "TYPE_3": "Trail", "PAVED": "Y", "MILEAGE": 0.00549846, "Shape__Length": 11.5541972557563 }, "geometry": { "type": "LineString", "coordinates": [ [ -75.193947938758001, 39.992796939601597 ], [ -75.193870002196604, 39.992849456358599 ] ] } },
{ "type": "Feature", "properties": { "OBJECTID": 134, "TYPE": "Designated", "MATERIAL": "Asphalt", "WIDTH": 10, "LIMITS": " ", "TYPE2": "Road Crossing", "NAME": "Kelly Drive Trail", "ENTITY_TRA": "PPR", "TYPE_3": "Trail", "PAVED": "Y", "MILEAGE": 0.00431709, "Shape__Length": 9.0921256648409496 }, "geometry": { "type": "LineString", "coordinates": [ [ -75.192635097702095, 39.994088530027398 ], [ -75.192632742129007, 39.9941510767976 ] ] } },
{ "type": "Feature", "properties": { "OBJECTID": 135, "TYPE": "Designated", "MATERIAL": "Asphalt", "WIDTH": 10, "LIMITS": " ", "TYPE2": "Road Crossing", "NAME": "Kelly Drive Trail", "ENTITY_TRA": "PPR", "TYPE_3": "Trail", "PAVED": "Y", "MILEAGE": 0.02678757, "Shape__Length": 56.263844838702099 }, "geometry": { "type": "LineString", "coordinates": [ [ -75.200148793743907, 40.010144639974101 ], [ -75.199760667193502, 40.010007778729701 ], [ -75.1997166558548, 40.009958321706797 ] ] } },
{ "type": "Feature", "properties": { "OBJECTID": 136, "TYPE": "Designated", "MATERIAL": "Asphalt", "WIDTH": 10, "LIMITS": " ", "TYPE2": "Road Crossing", "NAME": "Kelly Drive Trail", "ENTITY_TRA": "PPR", "TYPE_3": "Trail Connection", "PAVED": "Y", "MILEAGE": 0.01861316, "Shape__Length": 39.159578874611498 }, "geometry": { "type": "LineString", "coordinates": [ [ -75.179434397726098, 39.966111223368202 ], [ -75.1795764845387, 39.966357861650899 ] ] } },
{ "type": "Feature", "properties": { "OBJECTID": 137, "TYPE": "Designated", "MATERIAL": "Asphalt", "WIDTH": 10, "LIMITS": " ", "TYPE2": "Road Crossing", "NAME": "Kelly Drive Trail", "ENTITY_TRA": "PPR", "TYPE_3": "Trail Connection", "PAVED": "Y", "MILEAGE": 0.01029275, "Shape__Length": 21.595885311807098 }, "geometry": { "type": "LineString", "coordinates": [ [ -75.184644447501697, 39.969160094958802 ], [ -75.184824454332599, 39.969215536305597 ] ] } },
{ "type": "Feature", "properties": { "OBJECTID": 138, "TYPE": "Designated", "MATERIAL": "Asphalt", "WIDTH": 10, "LIMITS": " ", "TYPE2": "Road Crossing", "NAME": "Kelly Drive Trail", "ENTITY_TRA": "PPR", "TYPE_3": "Trail Connection", "PAVED": "Y", "MILEAGE": 0.00823887, "Shape__Length": 17.297622539697201 }, "geometry": { "type": "LineString", "coordinates": [ [ -75.196900380028296, 40.0090819483434 ], [ -75.197043360995494, 40.009128548997801 ] ] } },
{ "type": "Feature", "properties": { "OBJECTID": 139, "TYPE": "Designated", "MATERIAL": "Asphalt", "WIDTH": 10, "LIMITS": " ", "TYPE2": "Road Crossing", "NAME": "MLK Drive Trail", "ENTITY_TRA": "PPR", "TYPE_3": "Trail", "PAVED": "Y", "MILEAGE": 0.00825912, "Shape__Length": 17.386238917260201 }, "geometry": { "type": "LineString", "coordinates": [ [ -75.180378465616201, 39.964050319603103 ], [ -75.180364666433604, 39.964169557631202 ] ] } },
{ "type": "Feature", "properties": { "OBJECTID": 140, "TYPE": "Designated", "MATERIAL": "Asphalt", "WIDTH": 10, "LIMITS": " ", "TYPE2": "Road Crossing", "NAME": "Pennypack Park Trail", "ENTITY_TRA": "PPR", "TYPE_3": "Trail", "PAVED": "Y", "MILEAGE": 0.01679389, "Shape__Length": 35.3176179044533 }, "geometry": { "type": "LineString", "coordinates": [ [ -75.036034891549804, 40.051241308625499 ], [ -75.035792894150404, 40.0510842595463 ] ] } },
{ "type": "Feature", "properties": { "OBJECTID": 141, "TYPE": "Designated", "MATERIAL": "Asphalt", "WIDTH": 10, "LIMITS": " ", "TYPE2": "Road Crossing", "NAME": "Pennypack Park Trail", "ENTITY_TRA": "PPR", "TYPE_3": "Trail", "PAVED": "Y", "MILEAGE": 0.01046984, "Shape__Length": 22.030483171896101 }, "geometry": { "type": "LineString", "coordinates": [ [ -75.060376734854302, 40.085696533604199 ], [ -75.060525920485901, 40.085796021644597 ] ] } },
{ "type": "Feature", "properties": { "OBJECTID": 142, "TYPE": "Designated", "MATERIAL": "Asphalt", "WIDTH": 10, "LIMITS": " ", "TYPE2": "Road Crossing", "NAME": "Pennypack Park Trail", "ENTITY_TRA": "PPR", "TYPE_3": "Trail Connection", "PAVED": "Y", "MILEAGE": 0.00781205, "Shape__Length": 16.419097533773801 }, "geometry": { "type": "LineString", "coordinates": [ [ -75.022369258864998, 40.030806957015997 ], [ -75.022488649900296, 40.030740642730599 ] ] } },
{ "type": "Feature", "properties": { "OBJECTID": 143, "TYPE": "Designated", "MATERIAL": "Asphalt", "WIDTH": 10, "LIMITS": " ", "TYPE2": "Road Crossing", "NAME": "Schuylkill Banks Trail", "ENTITY_TRA": "PPR SRDC", "TYPE_3": "Trail", "PAVED": "Y", "MILEAGE": 0.01224462, "Shape__Length": 25.7607195582078 }, "geometry": { "type": "LineString", "coordinates": [ [ -75.181581108015195, 39.963805759749903 ], [ -75.181519381747705, 39.963875124422898 ], [ -75.181505210649902, 39.963967894229 ] ] } },
{ "type": "Feature", "properties": { "OBJECTID": 144, "TYPE": "Designated", "MATERIAL": "Asphalt", "WIDTH": 12, "LIMITS": " ", "TYPE2": "Asphalt Trail", "NAME": "Gray's Crescent Trail", "ENTITY_TRA": "PPR SRDC", "TYPE_3": "Trail", "PAVED": "Y", "MILEAGE": 0.15391395, "Shape__Length": 323.47117288583598 }, "geometry": { "type": "LineString", "coordinates": [ [ -75.203388260490499, 39.939177767753698 ], [ -75.203508076084105, 39.939194692742397 ], [ -75.203693498354497, 39.939191677090598 ], [ -75.204054015846907, 39.939213945066697 ], [ -75.2041268787858, 39.939232765325102 ], [ -75.204186512794394, 39.939271427553003 ], [ -75.204222474468693, 39.939352467454299 ], [ -75.204230093806402, 39.939460347184401 ], [ -75.204244520309103, 39.939817277853898 ], [ -75.204244702056201, 39.940059776492802 ], [ -75.2042431070753, 39.940158567791798 ], [ -75.204265534423399, 39.940245675561201 ], [ -75.204377405240194, 39.940410193425997 ], [ -75.204413557516304, 39.940486698216198 ], [ -75.204428888705706, 39.940584514567803 ], [ -75.204403023274907, 39.940637556588698 ], [ -75.204363543088107, 39.940687952917898 ], [ -75.204245246169293, 39.940787271476502 ] ] } },
{ "type": "Feature", "properties": { "OBJECTID": 145, "TYPE": "Designated", "MATERIAL": "Asphalt", "WIDTH": 12, "LIMITS": " ", "TYPE2": "Asphalt Trail", "NAME": "Gray's Crescent Trail", "ENTITY_TRA": "PPR SRDC", "TYPE_3": "Trail", "PAVED": "Y", "MILEAGE": 0.14946838, "Shape__Length": 313.39975132892801 }, "geometry": { "type": "LineString", "coordinates": [ [ -75.201540815238104, 39.940253764348597 ], [ -75.201604039490803, 39.940233316148898 ], [ -75.202211676638896, 39.940382305109303 ], [ -75.202859846733105, 39.940510337968597 ], [ -75.203526186309205, 39.940608175988203 ], [ -75.204050530719599, 39.940707229039901 ], [ -75.204245246169293, 39.940787271476502 ] ] } },
{ "type": "Feature", "properties": { "OBJECTID": 146, "TYPE": "Designated", "MATERIAL": "Asphalt", "WIDTH": 12, "LIMITS": " ", "TYPE2": "Asphalt Trail", "NAME": "Gray's Crescent Trail", "ENTITY_TRA": "PPR SRDC", "TYPE_3": "Trail", "PAVED": "Y", "MILEAGE": 0.28955345, "Shape__Length": 608.05912871301302 }, "geometry": { "type": "LineString", "coordinates": [ [ -75.204245246169293, 39.940787271476502 ], [ -75.203857968837596, 39.9411487599778 ], [ -75.203773028686399, 39.941292894815 ], [ -75.203685347093298, 39.941523275089303 ], [ -75.203645892079606, 39.941668252034397 ], [ -75.203511291413406, 39.9420761706279 ], [ -75.203390847116694, 39.942323123524197 ], [ -75.203246366847395, 39.942469691454498 ], [ -75.202939421769202, 39.942748163628899 ], [ -75.202731467313001, 39.942857660523899 ], [ -75.202319295499507, 39.942976885935003 ], [ -75.202066384145496, 39.943049722196299 ], [ -75.2016079199731, 39.943167916761702 ], [ -75.201216934114001, 39.943216286303503 ], [ -75.201047822692203, 39.9432370041281 ], [ -75.200863129763704, 39.9432477670941 ], [ -75.200777532592298, 39.943239641476303 ], [ -75.200538754053198, 39.943193106135297 ] ] } },
{ "type": "Feature", "properties": { "OBJECTID": 147, "TYPE": "Designated", "MATERIAL": "Asphalt", "WIDTH": 12, "LIMITS": " ", "TYPE2": "Asphalt Trail", "NAME": "Gray's Crescent Trail", "ENTITY_TRA": "PPR SRDC", "TYPE_3": "Trail", "PAVED": "Y", "MILEAGE": 0.17960642, "Shape__Length": 377.19161267845101 }, "geometry": { "type": "LineString", "coordinates": [ [ -75.197601117477802, 39.941724303919798 ], [ -75.197663102563297, 39.941795356314103 ], [ -75.197509963608496, 39.9420855712061 ], [ -75.197784723209097, 39.941827922898597 ], [ -75.197787074292705, 39.941937461028097 ], [ -75.198547007217002, 39.9424836779163 ], [ -75.198685197423103, 39.9425323661889 ], [ -75.198875071970903, 39.942657837026601 ], [ -75.199312242604904, 39.942860129014797 ], [ -75.199641760496604, 39.942912575131302 ] ] } },
{ "type": "Feature", "properties": { "OBJECTID": 148, "TYPE": "Designated", "MATERIAL": "Asphalt", "WIDTH": 12, "LIMITS": " ", "TYPE2": "Asphalt Trail", "NAME": "Gray's Crescent Trail", "ENTITY_TRA": "PPR SRDC", "TYPE_3": "Trail", "PAVED": "Y", "MILEAGE": 0.05242575, "Shape__Length": 109.969539862118 }, "geometry": { "type": "LineString", "coordinates": [ [ -75.200538754053198, 39.943193106135297 ], [ -75.200451149479804, 39.943157710862501 ], [ -75.200377050430205, 39.943112501940497 ], [ -75.200140669257195, 39.943006928377599 ], [ -75.199992344057407, 39.942954046750103 ], [ -75.199820428740395, 39.942918103734002 ], [ -75.199641760496604, 39.942912575131302 ] ] } },
{ "type": "Feature", "properties": { "OBJECTID": 149, "TYPE": "Designated", "MATERIAL": "Asphalt", "WIDTH": 12, "LIMITS": " ", "TYPE2": "Asphalt Trail", "NAME": "Gray's Crescent Trail", "ENTITY_TRA": "PPR SRDC", "TYPE_3": "Trail", "PAVED": "Y", "MILEAGE": 0.05720463, "Shape__Length": 120.03562695153801 }, "geometry": { "type": "LineString", "coordinates": [ [ -75.200538754053198, 39.943193106135297 ], [ -75.200317546099697, 39.943231959054899 ], [ -75.200143839107895, 39.943213887810998 ], [ -75.200035514490907, 39.943192032326003 ], [ -75.199931549331893, 39.943161717706602 ], [ -75.199850352476901, 39.9431171282029 ], [ -75.199740573922597, 39.943053235209298 ], [ -75.199669048352206, 39.942993303834797 ], [ -75.199649477205398, 39.942949307734601 ], [ -75.199641760496604, 39.942912575131302 ] ] } },
{ "type": "Feature", "properties": { "OBJECTID": 150, "TYPE": "Designated", "MATERIAL": "Asphalt", "WIDTH": 12, "LIMITS": " ", "TYPE2": "Asphalt Trail", "NAME": "Pennypack Park Trail", "ENTITY_TRA": "PPR", "TYPE_3": "Trail", "PAVED": "Y", "MILEAGE": 0.40107577, "Shape__Length": 843.89161091411495 }, "geometry": { "type": "LineString", "coordinates": [ [ -75.009071281352803, 40.028943224914002 ], [ -75.009017099808005, 40.029052964170603 ], [ -75.008978740911601, 40.029128537056202 ], [ -75.008878413128997, 40.029228539050202 ], [ -75.008781860150506, 40.029394016618298 ], [ -75.0086390449531, 40.029592315687204 ], [ -75.008526557037698, 40.029754945576499 ], [ -75.008485190113305, 40.029825512295503 ], [ -75.008470514665802, 40.029861209843901 ], [ -75.008484114565604, 40.029931583955999 ], [ -75.008508473356798, 40.0299642414491 ], [ -75.008524117253998, 40.030013962451697 ], [ -75.008521827032496, 40.030070657558902 ], [ -75.008455057669494, 40.030213899432198 ], [ -75.008378029791899, 40.030332962366401 ], [ -75.0083277893592, 40.030384811193102 ], [ -75.007939550741298, 40.030619813631297 ], [ -75.007887933278099, 40.030634248839597 ], [ -75.0077746557522, 40.0306574513938 ], [ -75.007711180537598, 40.030679375946299 ], [ -75.007632329681996, 40.030724373538199 ], [ -75.007557341837099, 40.0307929026566 ], [ -75.0075131156525, 40.030854765002999 ], [ -75.007485818417095, 40.030894824927998 ], [ -75.007427441891707, 40.031016320423099 ], [ -75.007393369901095, 40.031128968501299 ], [ -75.007380691073195, 40.031250487523103 ], [ -75.007395209048497, 40.0313141338478 ], [ -75.007460716688399, 40.031423188629503 ], [ -75.007531682162494, 40.031512547630101 ], [ -75.007676159468005, 40.031628264557298 ], [ -75.007843331255799, 40.031720637816299 ], [ -75.007942150214106, 40.031774353303 ], [ -75.008032330947401, 40.031811142354897 ], [ -75.008119937660098, 40.031834731495998 ], [ -75.008261918387106, 40.031858424762198 ], [ -75.008378947425399, 40.031876744769598 ], [ -75.008506670932903, 40.031907263520502 ], [ -75.0085850609983, 40.031928244473796 ], [ -75.008660057520004, 40.031956309612298 ], [ -75.0086935315246, 40.031973829628299 ], [ -75.008708136784193, 40.031996870586703 ], [ -75.008710325473899, 40.032019615168302 ], [ -75.008678221896005, 40.032045124734303 ], [ -75.0086055196291, 40.032075635633802 ], [ -75.008438657410096, 40.0321427129103 ], [ -75.008240819161301, 40.032226495913299 ], [ -75.008159630750001, 40.032267431070899 ], [ -75.008070249903398, 40.032326208038498 ], [ -75.008017252212497, 40.032407352040003 ], [ -75.007977415553796, 40.032547332419398 ], [ -75.007954850702404, 40.032605913245298 ], [ -75.007869083531105, 40.032767489305598 ], [ -75.007860801420705, 40.032818648486902 ], [ -75.007866094327397, 40.032841467207497 ], [ -75.007882502262802, 40.032896797618299 ], [ -75.007910847148693, 40.032964357510302 ], [ -75.007925578116101, 40.033022753834402 ], [ -75.0079306346789, 40.033071904047603 ], [ -75.007908724663594, 40.033132230541902 ], [ -75.007849662999305, 40.033209646176097 ], [ -75.007773921554303, 40.033315328104003 ] ] } },
{ "type": "Feature", "properties": { "OBJECTID": 151, "TYPE": "Designated", "MATERIAL": "Asphalt", "WIDTH": 12, "LIMITS": " ", "TYPE2": "Driveway", "NAME": "Cobb's Creek Trail", "ENTITY_TRA": "PPR", "TYPE_3": "Trail", "PAVED": "Y", "MILEAGE": 0.09073246, "Shape__Length": 190.45342872360399 }, "geometry": { "type": "LineString", "coordinates": [ [ -75.250582250440402, 39.952407590870997 ], [ -75.250509792853407, 39.952397351839799 ], [ -75.250461031359293, 39.952331233343003 ], [ -75.2504023112308, 39.952258292666798 ], [ -75.250362370852898, 39.952213408974899 ], [ -75.2502737979286, 39.952171466854402 ], [ -75.250162959369604, 39.952122370329199 ], [ -75.250052808544893, 39.952054617441597 ], [ -75.249944044814498, 39.951996229842301 ], [ -75.249849984479894, 39.951962170397003 ], [ -75.249799826710003, 39.951954895536304 ], [ -75.249748016208898, 39.951954612363402 ], [ -75.249640656875101, 39.951952272405201 ], [ -75.249511767548995, 39.951922788307598 ], [ -75.249344867430196, 39.951843127288903 ], [ -75.249241544754199, 39.9517781893733 ], [ -75.249185976917801, 39.951745194632302 ] ] } },
{ "type": "Feature", "properties": { "OBJECTID": 152, "TYPE": "Designated", "MATERIAL": "Asphalt", "WIDTH": 12, "LIMITS": " ", "TYPE2": "Driveway", "NAME": "Cobb's Creek Trail", "ENTITY_TRA": "PPR", "TYPE_3": "Trail Connection", "PAVED": "Y", "MILEAGE": 0.07861592, "Shape__Length": 165.050059755257 }, "geometry": { "type": "LineString", "coordinates": [ [ -75.249054312043597, 39.957943323403903 ], [ -75.249015908815394, 39.957919367700697 ], [ -75.248963129971997, 39.957909326149903 ], [ -75.248864235154699, 39.957896499756004 ], [ -75.248689667128005, 39.957867797687904 ], [ -75.248641504675504, 39.957857855734702 ], [ -75.248582386812402, 39.957831670585797 ], [ -75.248464870902893, 39.957759753562001 ], [ -75.248395058395005, 39.957710216581297 ], [ -75.248345045943495, 39.957687786062301 ], [ -75.248283095622398, 39.9576757656464 ], [ -75.248220752763004, 39.957674406178398 ], [ -75.248157951896602, 39.957685484787902 ], [ -75.248115605189, 39.957705901305303 ], [ -75.248063236053596, 39.957747439225102 ], [ -75.248007773533701, 39.957810248745702 ], [ -75.247961285180807, 39.957880368187503 ], [ -75.247878436980699, 39.957985885660499 ] ] } },
{ "type": "Feature", "properties": { "OBJECTID": 153, "TYPE": "Designated", "MATERIAL": "Asphalt", "WIDTH": 15, "LIMITS": " ", "TYPE2": "Asphalt Trail", "NAME": "Centennial Loop", "ENTITY_TRA": "PPR", "TYPE_3": "Trail", "PAVED": "Y", "MILEAGE": 0.22339133, "Shape__Length": 468.58604966652001 }, "geometry": { "type": "LineString", "coordinates": [ [ -75.219176666152507, 39.982333369639598 ], [ -75.218955492658793, 39.982362354399598 ], [ -75.218668933234198, 39.982393173521501 ], [ -75.2183695029982, 39.982426438948799 ], [ -75.2181756115844, 39.982447285233299 ], [ -75.2178961647774, 39.982477714245 ], [ -75.217726514480603, 39.9824958176698 ], [ -75.217442690098594, 39.9825294250331 ], [ -75.217291647026897, 39.9825435694747 ], [ -75.216965134901201, 39.982579510552902 ], [ -75.216849724318195, 39.982590071008801 ], [ -75.216436096393394, 39.9826393804099 ], [ -75.216430360641695, 39.982640892708602 ], [ -75.216152230032193, 39.982674076596503 ], [ -75.215773017970207, 39.982714312648 ], [ -75.215408034646103, 39.982753768779801 ], [ -75.215115694240097, 39.982787183266701 ], [ -75.215011691780603, 39.982798911079399 ] ] } },
{ "type": "Feature", "properties": { "OBJECTID": 154, "TYPE": "Designated", "MATERIAL": "Asphalt", "WIDTH": 15, "LIMITS": " ", "TYPE2": "Asphalt Trail", "NAME": "Centennial Loop", "ENTITY_TRA": "PPR", "TYPE_3": "Trail", "PAVED": "Y", "MILEAGE": 0.22273099, "Shape__Length": 467.20154987169201 }, "geometry": { "type": "LineString", "coordinates": [ [ -75.219221340833897, 39.982542035142203 ], [ -75.218724500727006, 39.9825976420817 ], [ -75.218018257391407, 39.982675935654697 ], [ -75.217770914093407, 39.982704613813397 ], [ -75.217523664785205, 39.982730733777302 ], [ -75.217144857241905, 39.982774430501301 ], [ -75.216837338955699, 39.982810312893498 ], [ -75.216766017378404, 39.9828189794206 ], [ -75.216369474415998, 39.982862283038301 ], [ -75.215843810327002, 39.982917241286799 ], [ -75.215474228360605, 39.9829582791793 ], [ -75.215164290481695, 39.982992693627601 ], [ -75.215067731989194, 39.983002668580497 ] ] } },
{ "type": "Feature", "properties": { "OBJECTID": 155, "TYPE": "Designated", "MATERIAL": "Asphalt", "WIDTH": 15, "LIMITS": " ", "TYPE2": "Driveway", "NAME": "Manayunk Canal Towpath/Lock St to Shawmont", "ENTITY_TRA": "PPR", "TYPE_3": "Trail", "PAVED": "Y", "MILEAGE": 0.07820968, "Shape__Length": 164.68976084116599 }, "geometry": { "type": "LineString", "coordinates": [ [ -75.249826305934505, 40.043367419348598 ], [ -75.249822592972194, 40.043408154203398 ], [ -75.249782336148101, 40.043449793836999 ], [ -75.249718708011798, 40.043495176525099 ], [ -75.249690141075106, 40.043549826761101 ], [ -75.249690536777095, 40.043599153669099 ], [ -75.249770870525296, 40.043640867331803 ], [ -75.249853993809097, 40.043666911296597 ], [ -75.249914303788401, 40.043711590272501 ], [ -75.249942054516296, 40.043769166425697 ], [ -75.249938611100504, 40.043862626669501 ], [ -75.249903985610601, 40.043931600553698 ], [ -75.249880977564104, 40.043985520387302 ], [ -75.249868796589396, 40.044015867250103 ], [ -75.249843910174107, 40.044120765552599 ], [ -75.249819023648698, 40.044225664749597 ], [ -75.249801794651404, 40.044272907889102 ], [ -75.249772560027594, 40.044315637958903 ], [ -75.2497604415734, 40.044344285107002 ] ] } },
{ "type": "Feature", "properties": { "OBJECTID": 156, "TYPE": "Designated", "MATERIAL": "Asphalt", "WIDTH": 20, "LIMITS": " ", "TYPE2": "Parking Lot", "NAME": "Forbidden Drive", "ENTITY_TRA": "PPR", "TYPE_3": "Trail", "PAVED": "Y", "MILEAGE": 0.03030274, "Shape__Length": 63.788622089173003 }, "geometry": { "type": "LineString", "coordinates": [ [ -75.192773685855798, 40.027463089898902 ], [ -75.192759355409706, 40.027484432774997 ], [ -75.192757332932601, 40.0275381110986 ], [ -75.192804848423506, 40.027620655173898 ], [ -75.192825038261304, 40.027655729479399 ], [ -75.193006603566602, 40.027842138411501 ] ] } },
{ "type": "Feature", "properties": { "OBJECTID": 157, "TYPE": "Designated", "MATERIAL": "Concrete", "WIDTH": 0, "LIMITS": " ", "TYPE2": "Bridge", "NAME": "Ben Franklin Bridge Walkway", "ENTITY_TRA": "DRPA", "TYPE_3": "Trail", "PAVED": "Y", "MILEAGE": 0.99294637, "Shape__Length": 2082.1486354662302 }, "geometry": { "type": "LineString", "coordinates": [ [ -75.147735045287504, 39.9551645846377 ], [ -75.1399355952544, 39.9537819455132 ], [ -75.134367077214094, 39.952846380341001 ], [ -75.129496335430105, 39.951986389196101 ] ] } },
{ "type": "Feature", "properties": { "OBJECTID": 158, "TYPE": "Designated", "MATERIAL": "Concrete", "WIDTH": 0, "LIMITS": " ", "TYPE2": "Concrete Plaza", "NAME": "Penn's Landing", "ENTITY_TRA": "DRWC", "TYPE_3": "Trail", "PAVED": "Y", "MILEAGE": 0.69238875, "Shape__Length": 1456.0607974121599 }, "geometry": { "type": "LineString", "coordinates": [ [ -75.140542421425906, 39.950017947529801 ], [ -75.140223177268297, 39.949948747572698 ], [ -75.139959518802797, 39.949829197248498 ], [ -75.139936679700298, 39.949725449097102 ], [ -75.139082594950594, 39.949613105993201 ], [ -75.139827398131303, 39.946285448747801 ], [ -75.140002926014105, 39.945556519536801 ], [ -75.140071114176607, 39.945527102916003 ], [ -75.140952740482206, 39.945619420218499 ], [ -75.141033932536502, 39.945600620945797 ], [ -75.141121523067, 39.945065824895998 ], [ -75.141294658270297, 39.944398776904499 ], [ -75.141364886099595, 39.943966813387398 ], [ -75.141314828068701, 39.941777229624201 ] ] } },
{ "type": "Feature", "properties": { "OBJECTID": 159, "TYPE": "Designated", "MATERIAL": "Concrete", "WIDTH": 0, "LIMITS": " ", "TYPE2": "Stairs", "NAME": "Manayunk Canal Towpath/Lock St to Shawmont", "ENTITY_TRA": "PPR", "TYPE_3": "Trail Connection", "PAVED": "N", "MILEAGE": 0.00901381, "Shape__Length": 18.952904829371199 }, "geometry": { "type": "LineString", "coordinates": [ [ -75.227181362087705, 40.026734568366798 ], [ -75.227166847209901, 40.026750578249398 ], [ -75.227158179625505, 40.026760591615499 ], [ -75.227140796983903, 40.026759571849702 ], [ -75.227123768451705, 40.026748993990999 ], [ -75.227096865365397, 40.026736285487303 ], [ -75.227081092366504, 40.026736576883302 ], [ -75.227070695501993, 40.026748465967799 ], [ -75.227062596448107, 40.026765506968097 ] ] } },
{ "type": "Feature", "properties": { "OBJECTID": 160, "TYPE": "Designated", "MATERIAL": "Concrete", "WIDTH": 0, "LIMITS": null, "TYPE2": "Concrete Trail", "NAME": "Schuylkill Banks Boardwalk", "ENTITY_TRA": "PPR SRDC", "TYPE_3": "Trail", "PAVED": "Y", "MILEAGE": 0.15583457, "Shape__Length": 327.43092615872303 }, "geometry": { "type": "LineString", "coordinates": [ [ -75.186873912061102, 39.946057062797998 ], [ -75.186826207721197, 39.946087022183299 ], [ -75.186800012540004, 39.946124579272599 ], [ -75.1867876257798, 39.946255895851699 ], [ -75.186765871079402, 39.946438494898402 ], [ -75.186714159438793, 39.946561303853102 ], [ -75.186563231796896, 39.946698392146601 ], [ -75.186398572149201, 39.946847950575503 ], [ -75.1861321778362, 39.947078481907099 ], [ -75.185993618101506, 39.947181905798402 ], [ -75.185963783381894, 39.947204175917598 ], [ -75.185765025892593, 39.947352532508297 ], [ -75.185598172039207, 39.947440345046303 ], [ -75.185402863171305, 39.947559942211399 ], [ -75.185202673171403, 39.947677523381998 ], [ -75.185103512326805, 39.947749907097602 ] ] } },
{ "type": "Feature", "properties": { "OBJECTID": 161, "TYPE": "Designated", "MATERIAL": "Concrete", "WIDTH": 0, "LIMITS": null, "TYPE2": "Concrete Trail", "NAME": "Schuylkill Banks Boardwalk", "ENTITY_TRA": "PPR SRDC", "TYPE_3": "Trail", "PAVED": "Y", "MILEAGE": 0.12044344, "Shape__Length": 252.99272734918301 }, "geometry": { "type": "LineString", "coordinates": [ [ -75.186308428492595, 39.946513283942799 ], [ -75.186178600662203, 39.946628282941603 ], [ -75.184906457853899, 39.947576558596403 ], [ -75.185103512326805, 39.947749907097602 ] ] } },
{ "type": "Feature", "properties": { "OBJECTID": 162, "TYPE": "Designated", "MATERIAL": "Concrete", "WIDTH": 0, "LIMITS": null, "TYPE2": "Concrete Trail", "NAME": "Schuylkill Banks Boardwalk", "ENTITY_TRA": "PPR SRDC", "TYPE_3": "Trail", "PAVED": "Y", "MILEAGE": 0.25098395, "Shape__Length": 527.17301168940799 }, "geometry": { "type": "LineString", "coordinates": [ [ -75.185103512326805, 39.947749907097602 ], [ -75.184708341617693, 39.948038362236197 ], [ -75.184550741989099, 39.948143544523496 ], [ -75.184438496545994, 39.948228762778299 ], [ -75.184343511058302, 39.948316274419199 ], [ -75.184158991963699, 39.948478068257103 ], [ -75.1838918356991, 39.948662806312001 ], [ -75.183731252205305, 39.948781271056397 ], [ -75.1835885762424, 39.948884879424199 ], [ -75.183483539934898, 39.9489759795064 ], [ -75.183313729233902, 39.949141915131499 ], [ -75.182974393239405, 39.949466165012197 ], [ -75.1827723935709, 39.9496313804528 ], [ -75.182615966360501, 39.949770914983297 ], [ -75.182472249270504, 39.949836355345703 ], [ -75.182340769125702, 39.949905884323499 ], [ -75.182184600534001, 39.949972953066897 ], [ -75.182056315104902, 39.950023480642301 ], [ -75.181946054296205, 39.950091238882301 ], [ -75.181941837894996, 39.9500938295024 ], [ -75.181729709240599, 39.950263855799697 ] ] } },
{ "type": "Feature", "properties": { "OBJECTID": 163, "TYPE": "Designated", "MATERIAL": "Concrete", "WIDTH": 6, "LIMITS": " ", "TYPE2": "Sidewalk", "NAME": "Kelly Drive Trail", "ENTITY_TRA": "PPR", "TYPE_3": "Trail", "PAVED": "Y", "MILEAGE": 0.52579283, "Shape__Length": 1105.1629446357399 }, "geometry": { "type": "LineString", "coordinates": [ [ -75.200148793743907, 40.010144639974101 ], [ -75.200204618387801, 40.010170647450003 ], [ -75.200386481887307, 40.010227657081799 ], [ -75.200541074636405, 40.010281650684597 ], [ -75.200791405038203, 40.010352508395599 ], [ -75.201022512275799, 40.010415917255997 ], [ -75.201384096374994, 40.010520426368203 ], [ -75.201685299370197, 40.010608535695802 ], [ -75.201985962701002, 40.010691094671699 ], [ -75.202159104435907, 40.010739108674002 ], [ -75.202347707012294, 40.0107914100683 ], [ -75.202747135567094, 40.010905144673302 ], [ -75.203216799016403, 40.011037216086002 ], [ -75.203775380386304, 40.011198524529497 ], [ -75.204001959287694, 40.011266472413801 ], [ -75.204072035001701, 40.0112890007454 ], [ -75.204297984615906, 40.011373714354399 ], [ -75.204442800609698, 40.011439848463503 ], [ -75.204672317651401, 40.011574979426499 ], [ -75.204858383883305, 40.011704950771097 ], [ -75.205517194143894, 40.012215953755302 ], [ -75.205943908663997, 40.012586737498097 ], [ -75.206033348245398, 40.012665837789903 ], [ -75.206217252365093, 40.0128102839547 ], [ -75.206347239185902, 40.012911304480603 ], [ -75.206463422768394, 40.013007232949597 ], [ -75.206509757815695, 40.013058745235099 ], [ -75.206607157394998, 40.013171152128002 ], [ -75.206662529056004, 40.013257295411201 ], [ -75.206729952322405, 40.013382697373899 ], [ -75.206773569228503, 40.013508872133002 ], [ -75.206790268024804, 40.013604556303797 ], [ -75.206796413060005, 40.013711271036897 ], [ -75.206796206802906, 40.013807014146401 ], [ -75.206783922670994, 40.013894258182098 ], [ -75.206764340451201, 40.0139657433213 ], [ -75.206624163679905, 40.014308369948402 ], [ -75.206534708650395, 40.014530377513204 ], [ -75.206478515332194, 40.014706764380897 ], [ -75.206485025456004, 40.014743302767897 ], [ -75.206500918417703, 40.0147705145977 ] ] } },
{ "type": "Feature", "properties": { "OBJECTID": 164, "TYPE": "Designated", "MATERIAL": "Concrete", "WIDTH": 8, "LIMITS": " ", "TYPE2": "Asphalt Trail", "NAME": "Boxer's Trail", "ENTITY_TRA": "PPR", "TYPE_3": "Trail", "PAVED": "N", "MILEAGE": 0.0137746, "Shape__Length": 28.9368134364416 }, "geometry": { "type": "LineString", "coordinates": [ [ -75.186659382428303, 39.991955677346503 ], [ -75.186553975134501, 39.991939733408501 ], [ -75.186494920645899, 39.991930800999299 ], [ -75.186476668403898, 39.991997032864198 ], [ -75.186476554146694, 39.992000059503702 ] ] } },
{ "type": "Feature", "properties": { "OBJECTID": 165, "TYPE": "Designated", "MATERIAL": "Concrete", "WIDTH": 8, "LIMITS": " ", "TYPE2": "Asphalt Trail", "NAME": "Cobb's Creek Trail", "ENTITY_TRA": "PPR", "TYPE_3": "Trail", "PAVED": "Y", "MILEAGE": 0.00610089, "Shape__Length": 12.7956474946055 }, "geometry": { "type": "LineString", "coordinates": [ [ -75.246811486579901, 39.943571359957701 ], [ -75.246744860061497, 39.943592580291202 ], [ -75.246704596407298, 39.943603704589599 ] ] } },
{ "type": "Feature", "properties": { "OBJECTID": 166, "TYPE": "Designated", "MATERIAL": "Concrete", "WIDTH": 8, "LIMITS": " ", "TYPE2": "Sidewalk", "NAME": "Pennypack Park Trail", "ENTITY_TRA": "PPR", "TYPE_3": "Trail", "PAVED": "Y", "MILEAGE": 0.0601107, "Shape__Length": 126.33126781015 }, "geometry": { "type": "LineString", "coordinates": [ [ -75.022882235921102, 40.036578904292398 ], [ -75.022625612684607, 40.0367254912045 ], [ -75.022369690760996, 40.036854573166302 ], [ -75.022180139381305, 40.036952691935603 ], [ -75.022011011460094, 40.037028769966099 ], [ -75.021938134164799, 40.0370595770653 ] ] } },
{ "type": "Feature", "properties": { "OBJECTID": 167, "TYPE": "Designated", "MATERIAL": "Concrete", "WIDTH": 8, "LIMITS": " ", "TYPE2": "Sidewalk", "NAME": "Pennypack Park Trail", "ENTITY_TRA": "PPR", "TYPE_3": "Trail", "PAVED": "Y", "MILEAGE": 0.04790135, "Shape__Length": 100.682093161577 }, "geometry": { "type": "LineString", "coordinates": [ [ -75.021346098610906, 40.037368393766997 ], [ -75.020606413687105, 40.037766872815297 ] ] } },
{ "type": "Feature", "properties": { "OBJECTID": 168, "TYPE": "Designated", "MATERIAL": "Concrete", "WIDTH": 8, "LIMITS": " ", "TYPE2": "Sidewalk", "NAME": "Pennypack Park Trail", "ENTITY_TRA": "PPR", "TYPE_3": "Trail", "PAVED": "Y", "MILEAGE": 0.03429266, "Shape__Length": 72.0008936004091 }, "geometry": { "type": "LineString", "coordinates": [ [ -75.020200467576103, 40.043464126786901 ], [ -75.020095732085395, 40.043480644588001 ], [ -75.019999327087802, 40.0434949841964 ], [ -75.019565101910999, 40.043556730669799 ] ] } },
{ "type": "Feature", "properties": { "OBJECTID": 169, "TYPE": "Designated", "MATERIAL": "Concrete", "WIDTH": 10, "LIMITS": " ", "TYPE2": "Asphalt Trail", "NAME": "Boxer's Trail", "ENTITY_TRA": "PPR", "TYPE_3": "Trail", "PAVED": "N", "MILEAGE": 0.00368383, "Shape__Length": 7.7554718854051901 }, "geometry": { "type": "LineString", "coordinates": [ [ -75.187023472684004, 39.992140549536401 ], [ -75.187002578866199, 39.992089631023703 ] ] } },
{ "type": "Feature", "properties": { "OBJECTID": 170, "TYPE": "Designated", "MATERIAL": "Concrete", "WIDTH": 10, "LIMITS": " ", "TYPE2": "Asphalt Trail", "NAME": "Boxer's Trail", "ENTITY_TRA": "PPR", "TYPE_3": "Trail", "PAVED": "N", "MILEAGE": 0.06690511, "Shape__Length": 140.36990619226501 }, "geometry": { "type": "LineString", "coordinates": [ [ -75.188009409002603, 39.992288725703602 ], [ -75.188096317766593, 39.992281577932197 ], [ -75.188278461853798, 39.992255353069702 ], [ -75.188583156453504, 39.992216716795902 ], [ -75.189010628274403, 39.9921596157252 ], [ -75.189136999542995, 39.992150318449298 ], [ -75.189196353920494, 39.99214522298 ], [ -75.189245099164097, 39.992120050601699 ] ] } },
{ "type": "Feature", "properties": { "OBJECTID": 171, "TYPE": "Designated", "MATERIAL": "Concrete", "WIDTH": 10, "LIMITS": " ", "TYPE2": "Asphalt Trail", "NAME": "Boxer's Trail", "ENTITY_TRA": "PPR", "TYPE_3": "Trail", "PAVED": "N", "MILEAGE": 0.04777111, "Shape__Length": 100.23551353740299 }, "geometry": { "type": "LineString", "coordinates": [ [ -75.187894956513105, 39.9922952577 ], [ -75.187785009918599, 39.992286746016902 ], [ -75.187624252357907, 39.992268011480498 ], [ -75.187499365353204, 39.992237962565603 ], [ -75.187261169407705, 39.992184179402201 ], [ -75.187089636472294, 39.992137942613802 ], [ -75.187023472684004, 39.992140549536401 ] ] } },
{ "type": "Feature", "properties": { "OBJECTID": 172, "TYPE": "Designated", "MATERIAL": "Concrete", "WIDTH": 10, "LIMITS": " ", "TYPE2": "Asphalt Trail", "NAME": "Boxer's Trail", "ENTITY_TRA": "PPR", "TYPE_3": "Trail", "PAVED": "N", "MILEAGE": 0.08490673, "Shape__Length": 178.67721229807901 }, "geometry": { "type": "LineString", "coordinates": [ [ -75.187092335516496, 39.993225162445299 ], [ -75.187055851786596, 39.993171701904302 ], [ -75.187028185874794, 39.993111309460701 ], [ -75.187034404290301, 39.993059899810099 ], [ -75.1870408295201, 39.993003010338299 ], [ -75.187045498265306, 39.992954855667499 ], [ -75.187035134523597, 39.992927204769202 ], [ -75.186938030338894, 39.992817551614898 ], [ -75.186820119448001, 39.992579110302898 ], [ -75.186800443145401, 39.992520329710302 ], [ -75.186786284778506, 39.992455514841303 ], [ -75.186783007282997, 39.992353440269603 ], [ -75.186795917389105, 39.992275857093396 ], [ -75.186866544333199, 39.992205658088302 ], [ -75.186974611801602, 39.992159606866998 ], [ -75.187023472684004, 39.992140549536401 ] ] } },
{ "type": "Feature", "properties": { "OBJECTID": 173, "TYPE": "Designated", "MATERIAL": "Concrete", "WIDTH": 10, "LIMITS": " ", "TYPE2": "Asphalt Trail", "NAME": "Boxer's Trail", "ENTITY_TRA": "PPR", "TYPE_3": "Trail", "PAVED": "N", "MILEAGE": 0.13824331, "Shape__Length": 290.33398201051602 }, "geometry": { "type": "LineString", "coordinates": [ [ -75.190418257584497, 39.994803194688501 ], [ -75.190412146574701, 39.994783757941399 ], [ -75.190406425828598, 39.994770470261997 ], [ -75.190383176498599, 39.994716472534002 ], [ -75.190342744538, 39.994639843966098 ], [ -75.190281877867704, 39.994533877899102 ], [ -75.190227859020695, 39.994477619917397 ], [ -75.190133212239701, 39.994379807813402 ], [ -75.190061512537497, 39.994317034898799 ], [ -75.189973747010399, 39.9942423797416 ], [ -75.189846745940201, 39.994163821135999 ], [ -75.189734344449406, 39.994115878099201 ], [ -75.189578315939897, 39.994076048473602 ], [ -75.189441506550097, 39.994048764111703 ], [ -75.189270964842805, 39.994028300034302 ], [ -75.189097942081105, 39.994021410795497 ], [ -75.188818447174, 39.994018204042099 ], [ -75.188617080917695, 39.994031885075501 ], [ -75.188337701338398, 39.994025650536599 ], [ -75.188302172536595, 39.994027886828498 ] ] } },
{ "type": "Feature", "properties": { "OBJECTID": 174, "TYPE": "Designated", "MATERIAL": "Concrete", "WIDTH": 10, "LIMITS": " ", "TYPE2": "Asphalt Trail", "NAME": "Boxer's Trail", "ENTITY_TRA": "PPR", "TYPE_3": "Trail", "PAVED": "Y", "MILEAGE": 0.03654529, "Shape__Length": 76.725637868894694 }, "geometry": { "type": "LineString", "coordinates": [ [ -75.1910200207532, 39.994983204156398 ], [ -75.190919521699001, 39.994931308255502 ], [ -75.190809734491495, 39.994865171093302 ], [ -75.190758865895504, 39.994837049991901 ], [ -75.190699134459194, 39.994820605637202 ], [ -75.190623776422896, 39.994809210765602 ], [ -75.190555550371002, 39.994794735746503 ], [ -75.190487121088594, 39.994785653189197 ], [ -75.190435418438, 39.994769035425598 ], [ -75.190406425828598, 39.994770470261997 ] ] } },
{ "type": "Feature", "properties": { "OBJECTID": 175, "TYPE": "Designated", "MATERIAL": "Asphalt", "WIDTH": 10, "LIMITS": " ", "TYPE2": "Asphalt Trail", "NAME": "Kelly Drive Trail", "ENTITY_TRA": "PPR", "TYPE_3": "Trail", "PAVED": "Y", "MILEAGE": 0.03920575, "Shape__Length": 82.365598083932298 }, "geometry": { "type": "LineString", "coordinates": [ [ -75.194530660397007, 39.992451015641599 ], [ -75.194414461787602, 39.992511026922301 ], [ -75.194308948969294, 39.992575449474302 ], [ -75.194115440362907, 39.992671298460202 ], [ -75.193947938758001, 39.992796939601597 ] ] } },
{ "type": "Feature", "properties": { "OBJECTID": 176, "TYPE": "Designated", "MATERIAL": "Asphalt", "WIDTH": 10, "LIMITS": " ", "TYPE2": "Asphalt Trail", "NAME": "Kelly Drive Trail", "ENTITY_TRA": "PPR", "TYPE_3": "Trail", "PAVED": "Y", "MILEAGE": 0.10855291, "Shape__Length": 228.28118727945599 }, "geometry": { "type": "LineString", "coordinates": [ [ -75.193870002196604, 39.992849456358599 ], [ -75.193561789048701, 39.993109679517097 ], [ -75.193353825203602, 39.993301190470604 ], [ -75.193123390166903, 39.993513066935101 ], [ -75.192893188064502, 39.993718687961803 ], [ -75.192769367048498, 39.9938369536344 ], [ -75.192694336265703, 39.993956306186703 ], [ -75.192635097702095, 39.994088530027398 ] ] } },
{ "type": "Feature", "properties": { "OBJECTID": 177, "TYPE": "Designated", "MATERIAL": "Asphalt", "WIDTH": 10, "LIMITS": " ", "TYPE2": "Asphalt Trail", "NAME": "Kelly Drive Trail", "ENTITY_TRA": "PPR", "TYPE_3": "Trail", "PAVED": "Y", "MILEAGE": 1.22061169, "Shape__Length": 2568.5579908468899 }, "geometry": { "type": "LineString", "coordinates": [ [ -75.192632742129007, 39.9941510767976 ], [ -75.192576569279097, 39.994345967266497 ], [ -75.192515603800899, 39.994524058879897 ], [ -75.192443753514297, 39.994650501899102 ], [ -75.192368903245097, 39.994782221906497 ], [ -75.1923587044204, 39.994800170673003 ], [ -75.192118598648705, 39.995124507038597 ], [ -75.191902375384998, 39.9953909493832 ], [ -75.191685914730797, 39.995663647163099 ], [ -75.191530738733903, 39.995893890045302 ], [ -75.191458925640305, 39.996071739403803 ], [ -75.191381768978204, 39.996247382886203 ], [ -75.191276719570098, 39.996587247447103 ], [ -75.191200505420895, 39.9968818492869 ], [ -75.191092547044605, 39.997298854373099 ], [ -75.191057110556201, 39.997519246371198 ], [ -75.191035503294998, 39.997660655310803 ], [ -75.191011931632104, 39.997854186069297 ], [ -75.190942943088601, 39.998244934053503 ], [ -75.190897448702202, 39.998444235372801 ], [ -75.1907997000976, 39.998878160823203 ], [ -75.190733853798804, 39.9991855130652 ], [ -75.190687964056707, 39.999395239171903 ], [ -75.190677828140693, 39.999520210852303 ], [ -75.190676019185801, 39.999712140022098 ], [ -75.190700691778602, 39.999921352542998 ], [ -75.190732356882506, 40.000232965438499 ], [ -75.190722140919206, 40.000503999411698 ], [ -75.190710432050395, 40.000670667974298 ], [ -75.190686386910002, 40.000876707627803 ], [ -75.190668784207105, 40.0010557651852 ], [ -75.190600813789999, 40.001275431764903 ], [ -75.1905151617526, 40.001532263480698 ], [ -75.190411435926194, 40.001836685219502 ], [ -75.190378511123797, 40.001990361230597 ], [ -75.190369473464102, 40.002086144022797 ], [ -75.190376229684603, 40.002194799359103 ], [ -75.190382672726898, 40.0023117937412 ], [ -75.190418738867095, 40.002506654106703 ], [ -75.190473270742004, 40.002787477689999 ], [ -75.190504779648094, 40.002959283251101 ], [ -75.190505171899503, 40.003092836574503 ], [ -75.190515387068203, 40.003253734619399 ], [ -75.190551689880905, 40.003442339995601 ], [ -75.190563397317305, 40.003563625184299 ], [ -75.190587678510099, 40.003639285280002 ], [ -75.190663979252903, 40.003774529977697 ], [ -75.190708848676394, 40.003879861473301 ], [ -75.190758747687994, 40.003995737830699 ], [ -75.190765661904095, 40.004100223175499 ], [ -75.190770062489804, 40.004271425215201 ], [ -75.190774461961098, 40.004442626327197 ], [ -75.190780591537006, 40.004567960598301 ], [ -75.190793085454501, 40.004668396855699 ], [ -75.190832533222505, 40.004917584737001 ], [ -75.190882039126393, 40.005043885011297 ], [ -75.1909861607229, 40.005304948109902 ], [ -75.191045883530904, 40.005448168988899 ], [ -75.191150242121395, 40.005702976993497 ], [ -75.191219553431395, 40.005879798286003 ], [ -75.191276526180999, 40.005952013350203 ], [ -75.191368312799995, 40.006108469032903 ], [ -75.191471886615005, 40.006240147437602 ], [ -75.191637308142106, 40.006458756362399 ], [ -75.191797699787898, 40.006666819287901 ], [ -75.191901275253102, 40.006798498202699 ], [ -75.192105048267095, 40.007007527255801 ], [ -75.192506543535899, 40.007298166026402 ], [ -75.192750789135104, 40.007441323641203 ], [ -75.192990555357994, 40.007559341984503 ], [ -75.193358576436793, 40.007730293860803 ], [ -75.193625299979004, 40.007853084589101 ], [ -75.194385000876693, 40.008143344906202 ], [ -75.194930555636105, 40.008355803482999 ], [ -75.195315951300699, 40.008497923138499 ], [ -75.196300744712303, 40.008864123963001 ], [ -75.196797174003606, 40.009063040542301 ], [ -75.196833483342999, 40.009077542367102 ], [ -75.196870967478006, 40.009083892782598 ], [ -75.196900380028296, 40.0090819483434 ] ] } },
{ "type": "Feature", "properties": { "OBJECTID": 178, "TYPE": "Designated", "MATERIAL": "Asphalt", "WIDTH": 10, "LIMITS": " ", "TYPE2": "Asphalt Trail", "NAME": "Kelly Drive Trail", "ENTITY_TRA": "PPR", "TYPE_3": "Trail", "PAVED": "Y", "MILEAGE": 0.15337389, "Shape__Length": 322.00134050014702 }, "geometry": { "type": "LineString", "coordinates": [ [ -75.197043360995494, 40.009128548997801 ], [ -75.197087189150807, 40.0091653943648 ], [ -75.197360758953494, 40.0092507681737 ], [ -75.197800389403497, 40.009394085960501 ], [ -75.1981703121496, 40.009514985446501 ], [ -75.198401131228195, 40.009582714515197 ], [ -75.198696237845198, 40.009672737152798 ], [ -75.198900415012503, 40.0097273528119 ], [ -75.199201414602399, 40.009804985606102 ], [ -75.199384058984293, 40.009854948539697 ], [ -75.199590758370206, 40.009911289440403 ], [ -75.1997166558548, 40.009958321706797 ] ] } },
{ "type": "Feature", "properties": { "OBJECTID": 179, "TYPE": "Designated", "MATERIAL": "Asphalt", "WIDTH": 10, "LIMITS": " ", "TYPE2": "Asphalt Trail", "NAME": "MLK Drive Trail", "ENTITY_TRA": "PPR", "TYPE_3": "Trail", "PAVED": "Y", "MILEAGE": 0.06188611, "Shape__Length": 129.79935008293799 }, "geometry": { "type": "LineString", "coordinates": [ [ -75.180378465616201, 39.964050319603103 ], [ -75.180512867205394, 39.9639989688919 ], [ -75.180709288786801, 39.963942212351903 ], [ -75.180824631546599, 39.963927807535299 ], [ -75.181099049023004, 39.963910169859098 ], [ -75.181283823530194, 39.963927896744998 ], [ -75.181505210649902, 39.963967894229 ] ] } },
{ "type": "Feature", "properties": { "OBJECTID": 180, "TYPE": "Designated", "MATERIAL": "Asphalt", "WIDTH": 10, "LIMITS": " ", "TYPE2": "Asphalt Trail", "NAME": "MLK Drive Trail", "ENTITY_TRA": "PPR", "TYPE_3": "Trail", "PAVED": "Y", "MILEAGE": 3.90391401, "Shape__Length": 8208.7151229323808 }, "geometry": { "type": "LineString", "coordinates": [ [ -75.184773964655406, 39.9649127448237 ], [ -75.185014771241697, 39.965102466925401 ], [ -75.185377169425806, 39.965411330365903 ], [ -75.185646400312095, 39.965627558893402 ], [ -75.186060992557799, 39.965945672207297 ], [ -75.186330593602307, 39.966152204331401 ], [ -75.186465394137102, 39.966255470592699 ], [ -75.186761623958702, 39.966480384318203 ], [ -75.187018995377699, 39.966676939453997 ], [ -75.187248192365601, 39.9668405256757 ], [ -75.187322198537899, 39.966884220592 ], [ -75.187582587360595, 39.967056587520702 ], [ -75.187842158200894, 39.967194978336103 ], [ -75.188015125547693, 39.967289392870903 ], [ -75.188180058372097, 39.967373924782699 ], [ -75.188419609504706, 39.967485995688399 ], [ -75.188498059975601, 39.967523320689402 ], [ -75.188532110769401, 39.967567740122497 ], [ -75.188681099928701, 39.9676292784156 ], [ -75.188715305825397, 39.967613871570599 ], [ -75.189092101480696, 39.967764578178098 ], [ -75.189600971100703, 39.967979676818899 ], [ -75.189799382716302, 39.9680681879953 ], [ -75.190160451722406, 39.9682460289415 ], [ -75.190464766058, 39.968424220019799 ], [ -75.190624896712194, 39.9685248124594 ], [ -75.190685212415502, 39.968597305910798 ], [ -75.190717592253606, 39.968630368015198 ], [ -75.190823859639295, 39.968710353743496 ], [ -75.191116522767103, 39.968919006614399 ], [ -75.191364787268498, 39.969134752518599 ], [ -75.1915639973803, 39.9693138305093 ], [ -75.191873038895494, 39.969645737672103 ], [ -75.1920214906269, 39.969833385234402 ], [ -75.192089599180903, 39.969922221994103 ], [ -75.192357686570702, 39.970337298600498 ], [ -75.192464144286703, 39.970524009487399 ], [ -75.192551885084896, 39.970705452079599 ], [ -75.192683483996404, 39.971005913938903 ], [ -75.192738480206799, 39.971163987879102 ], [ -75.192790586822795, 39.971343019695702 ], [ -75.192834657544196, 39.971512169452602 ], [ -75.192897417824994, 39.971743182576802 ], [ -75.193013958645906, 39.972164582194402 ], [ -75.193053102367699, 39.972353026143303 ], [ -75.193167270147399, 39.9727258633445 ], [ -75.193224121412001, 39.972778874023497 ], [ -75.193263752564107, 39.972954392975801 ], [ -75.193361123300505, 39.973326855677797 ], [ -75.193420051246704, 39.973548080096997 ], [ -75.193529836053898, 39.973814097593397 ], [ -75.193622608147706, 39.974029607535002 ], [ -75.193680620217506, 39.9741634938825 ], [ -75.193810314017398, 39.974459060698202 ], [ -75.193895780712495, 39.974645302414302 ], [ -75.193949838620895, 39.974772632192298 ], [ -75.194005570359195, 39.974911318573 ], [ -75.194004663035102, 39.975047126065299 ], [ -75.194018910369607, 39.975115357706301 ], [ -75.194032743206094, 39.9751510654744 ], [ -75.194032932196606, 39.975151551722597 ], [ -75.194117818931502, 39.975370674279802 ], [ -75.194120554826597, 39.975377735138203 ], [ -75.194139597950098, 39.975426892037603 ], [ -75.194183731691794, 39.975482853534302 ], [ -75.194220436563995, 39.975512777146399 ], [ -75.194265178389301, 39.975552580880503 ], [ -75.194335672734397, 39.975689979443302 ], [ -75.1944354446658, 39.975831262775202 ], [ -75.194475136119095, 39.975893592646401 ], [ -75.194640192415307, 39.976031479484597 ], [ -75.194844117288099, 39.976197720338497 ], [ -75.195060763827996, 39.9763610094301 ], [ -75.195208320874301, 39.976461314944302 ], [ -75.195356363341205, 39.976548694413097 ], [ -75.195663983378296, 39.976696220703602 ], [ -75.195916543430499, 39.976798862449598 ], [ -75.196161798269003, 39.976872234042403 ], [ -75.196436575613205, 39.976943028323298 ], [ -75.1966613163234, 39.977003007500997 ], [ -75.197271957472395, 39.977141101694698 ], [ -75.197663855071397, 39.9772274339511 ], [ -75.197984714874494, 39.977302483983102 ], [ -75.198023641241903, 39.977311691142503 ], [ -75.198882621555796, 39.9775148706889 ], [ -75.199174205798798, 39.977586031916303 ], [ -75.199303438761902, 39.977614776777102 ], [ -75.1997847348119, 39.977727343725498 ], [ -75.199967358310303, 39.977789614059198 ], [ -75.2000752290798, 39.977827585370498 ], [ -75.2001581403199, 39.977858532784701 ], [ -75.200253409559707, 39.9778962239279 ], [ -75.200446572562399, 39.978013705170802 ], [ -75.200582024533801, 39.978100797953203 ], [ -75.200731874756102, 39.9781962960298 ], [ -75.200874394292001, 39.978319118922798 ], [ -75.201064891752907, 39.978507687707797 ], [ -75.201223729225006, 39.9786438092003 ], [ -75.201321744970699, 39.978720368492098 ], [ -75.201532297776595, 39.978878658489599 ], [ -75.201647601001099, 39.978942664761398 ], [ -75.201906397329594, 39.979103642615797 ], [ -75.202153078894696, 39.979251415175099 ], [ -75.202300893946102, 39.979345248608503 ], [ -75.202705713114597, 39.979591933312001 ], [ -75.202870088164104, 39.979692600956398 ], [ -75.203001346667705, 39.979779597662699 ], [ -75.203137291269698, 39.979853762491103 ], [ -75.203334543576901, 39.979974563989501 ], [ -75.203793247487695, 39.980241843532198 ], [ -75.204032262960993, 39.980370037761197 ], [ -75.204367040165295, 39.980522994278999 ], [ -75.204532025460395, 39.9806075026586 ], [ -75.204653332231203, 39.980679724546199 ], [ -75.204837625263707, 39.980809937027402 ], [ -75.2049442927146, 39.980880216628101 ], [ -75.205050717078606, 39.980956958137497 ], [ -75.205205488148195, 39.981089749930199 ], [ -75.205331583817397, 39.981202500774501 ], [ -75.205451438627506, 39.9813134966993 ], [ -75.205600316488201, 39.981491433580103 ], [ -75.205711633379707, 39.981662068344903 ], [ -75.205782399318295, 39.9817929969159 ], [ -75.205909894602598, 39.982036755143596 ], [ -75.205978361638302, 39.9822290774311 ], [ -75.206037190317502, 39.9823835808496 ], [ -75.206090801448994, 39.982650371431902 ], [ -75.206112252418606, 39.982751100632903 ], [ -75.206132372124401, 39.982887373727699 ], [ -75.206139285190005, 39.983039524392098 ], [ -75.206125316315095, 39.983187977599201 ], [ -75.206092245945001, 39.9833974540254 ], [ -75.206057603109002, 39.983648936398502 ], [ -75.205997494610202, 39.983962918205698 ], [ -75.205944353378001, 39.9842592668262 ], [ -75.205912250300798, 39.984442892352 ], [ -75.205854562577699, 39.984692247449999 ], [ -75.205812848076505, 39.984907999605099 ], [ -75.205789423508406, 39.984972159755202 ], [ -75.205756387836203, 39.985068447452697 ], [ -75.205545502524501, 39.985479339400598 ], [ -75.205441743739698, 39.985667843624 ], [ -75.205405088938605, 39.985740064488702 ], [ -75.205245030803695, 39.986037007584301 ], [ -75.205174066398996, 39.986135687875397 ], [ -75.205060610694403, 39.986246361653102 ], [ -75.204873125855698, 39.986457513466597 ], [ -75.204654182828904, 39.986714361824902 ], [ -75.204605607872907, 39.986798193335197 ], [ -75.204423734924305, 39.987086010987497 ], [ -75.204321667481906, 39.987229276393997 ], [ -75.204243955136405, 39.987344071413098 ], [ -75.203873424743094, 39.987803067770002 ], [ -75.203736657700901, 39.987974669866396 ], [ -75.203496506014801, 39.9882684851124 ], [ -75.203391446093605, 39.988379343645903 ], [ -75.203265985882396, 39.9884735800239 ], [ -75.2030501283365, 39.988624021513402 ], [ -75.202891646952907, 39.9887579491891 ], [ -75.202654982355, 39.989014650351798 ], [ -75.202445462048601, 39.989220208883197 ], [ -75.202267386655606, 39.989428082347203 ], [ -75.202101406035794, 39.989705755434798 ], [ -75.202038835482995, 39.989804620291103 ], [ -75.2018810337688, 39.990032347289102 ], [ -75.201756860103501, 39.990204225897799 ], [ -75.201660559265804, 39.990305575416798 ], [ -75.201547818452298, 39.990396857832501 ], [ -75.2012507761374, 39.990637662730798 ], [ -75.201030462926298, 39.990794469134002 ], [ -75.200801382374806, 39.990960783337997 ], [ -75.200405892601694, 39.991247909770301 ], [ -75.200176930344696, 39.9914109908146 ], [ -75.199950128545296, 39.991572503020997 ], [ -75.199787334868205, 39.991652969775501 ], [ -75.199676652309293, 39.991689318673103 ], [ -75.199459972976896, 39.991749183649297 ], [ -75.199238970033406, 39.991812186750899 ], [ -75.199139919059505, 39.991874665083103 ], [ -75.198857746799405, 39.992110943561499 ], [ -75.1985250156078, 39.992405926086803 ], [ -75.198463164674905, 39.992485401105398 ], [ -75.198392984748494, 39.992674646009696 ], [ -75.198352626183805, 39.992741663011202 ], [ -75.198284604859296, 39.992829804498001 ], [ -75.198164427098206, 39.992944936546102 ], [ -75.197971854201697, 39.993084086216399 ], [ -75.197793659075501, 39.993238589442001 ], [ -75.197680664110393, 39.993336330941297 ], [ -75.197478571024703, 39.993511323674902 ], [ -75.197287161625894, 39.993681702656303 ], [ -75.197130454367496, 39.993823747047998 ], [ -75.197029697726506, 39.993931462158002 ], [ -75.196752657160999, 39.994198572422597 ], [ -75.196555585094302, 39.994407632422202 ], [ -75.196441858491895, 39.994524760564303 ], [ -75.196255712542197, 39.994722743815998 ], [ -75.196070875377302, 39.994941777274001 ], [ -75.195938762456706, 39.995100537705397 ], [ -75.195755720405401, 39.995327695365901 ], [ -75.195622390465701, 39.995518768187999 ], [ -75.195524006455301, 39.995675044134899 ], [ -75.195373704745094, 39.995917631547798 ], [ -75.195296518653393, 39.996042209560798 ], [ -75.195262124282607, 39.996097720923601 ], [ -75.195194727932602, 39.9962126444319 ], [ -75.194984406632798, 39.996494171424501 ], [ -75.194781904347906, 39.9967354484791 ], [ -75.194663361833506, 39.996868637259603 ], [ -75.194367427411905, 39.997190299219596 ], [ -75.194248517217602, 39.997333182355902 ], [ -75.194156032358194, 39.997444313024403 ], [ -75.193960130557997, 39.997677649177703 ], [ -75.193824170117793, 39.997826619681099 ], [ -75.193739599340603, 39.997950862920803 ], [ -75.193702825858097, 39.998034127742201 ], [ -75.193610675105305, 39.998192158328102 ], [ -75.193536639644805, 39.9983716136609 ], [ -75.193442755631295, 39.998631476020101 ], [ -75.193275537036499, 39.999108000863203 ], [ -75.193237301094896, 39.999230041137601 ], [ -75.193042800648399, 39.999760934778202 ], [ -75.192946143514007, 40.0000385227058 ], [ -75.192798731368299, 40.0002680870763 ], [ -75.192711049840995, 40.000363153343997 ], [ -75.192645685223098, 40.000479738996802 ], [ -75.192550699497801, 40.0007686823227 ], [ -75.192483844908693, 40.000980636890503 ], [ -75.192414219268201, 40.0012103164633 ], [ -75.192415683891198, 40.001394686945503 ], [ -75.192415567372706, 40.001621064071301 ], [ -75.192445076698107, 40.001898228721998 ], [ -75.192439905804804, 40.002147131029098 ], [ -75.192440981819004, 40.002620935810903 ], [ -75.192435261061505, 40.0027728063734 ], [ -75.192437368461597, 40.003107571865002 ], [ -75.192432198618704, 40.003356474186603 ], [ -75.192454828392599, 40.003704633518304 ], [ -75.192476693940705, 40.003905627927097 ], [ -75.1924790695561, 40.003954191042297 ], [ -75.192555593874602, 40.0043229541293 ], [ -75.192626786407004, 40.004554154337796 ], [ -75.192763353256396, 40.004891914907198 ], [ -75.1928711469033, 40.005156269122502 ], [ -75.192983601263407, 40.0054643870861 ], [ -75.193091396676294, 40.005728741088902 ], [ -75.193235699798393, 40.005972887534803 ], [ -75.193383382921894, 40.006183152822203 ], [ -75.193420048030404, 40.006326265214803 ], [ -75.193447392736005, 40.006381851732797 ], [ -75.1935139871497, 40.006456099913002 ], [ -75.193805145694, 40.006653388118202 ], [ -75.193941742297596, 40.006711407855498 ], [ -75.194020849380905, 40.006732572221097 ], [ -75.194216881354507, 40.006775744472499 ], [ -75.194508950021401, 40.006837224444801 ], [ -75.194729828480305, 40.006890649987596 ], [ -75.195370269539097, 40.007026177802601 ], [ -75.195913121484793, 40.007128807626998 ], [ -75.197214443222904, 40.007359874407797 ], [ -75.197433771952603, 40.007398708074298 ], [ -75.197517812598406, 40.007400576535801 ], [ -75.197676516515699, 40.007429976259701 ], [ -75.197750816556393, 40.007467202380397 ], [ -75.197791257208095, 40.0075101431731 ], [ -75.197818727428498, 40.007562497641203 ], [ -75.197817938404697, 40.007628992278697 ] ] } },
{ "type": "Feature", "properties": { "OBJECTID": 181, "TYPE": "Designated", "MATERIAL": "Asphalt", "WIDTH": 10, "LIMITS": " ", "TYPE2": "Asphalt Trail", "NAME": "Pennypack Park Trail", "ENTITY_TRA": "PPR", "TYPE_3": "Trail", "PAVED": "Y", "MILEAGE": 0.29704997, "Shape__Length": 624.41124395210795 }, "geometry": { "type": "LineString", "coordinates": [ [ -75.021774226857502, 40.031393809541399 ], [ -75.021275190029996, 40.031665895699199 ], [ -75.021046154573995, 40.031814319130298 ], [ -75.020850761575602, 40.031919226668997 ], [ -75.020740750097303, 40.031975395565397 ], [ -75.020672623773294, 40.032027215599101 ], [ -75.020574891399505, 40.032123755216801 ], [ -75.020487361690201, 40.032225881416501 ], [ -75.020355225572104, 40.032313588282101 ], [ -75.020207909593694, 40.032432996544003 ], [ -75.020085035887803, 40.032541376392402 ], [ -75.019946678183899, 40.032619168356902 ], [ -75.019705384991099, 40.032741687094102 ], [ -75.019622733806301, 40.0327981089468 ], [ -75.019582483254396, 40.032859003366397 ], [ -75.019562757061493, 40.0329173176277 ], [ -75.0195605886382, 40.032971212433402 ], [ -75.019575824386706, 40.0330245064211 ], [ -75.019597448353906, 40.033091819567098 ], [ -75.019630599609499, 40.033218189993299 ], [ -75.019712260597601, 40.033348386177998 ], [ -75.019794888469306, 40.033454556939802 ], [ -75.019855784827001, 40.033496083634603 ], [ -75.019948472984595, 40.033525006931498 ], [ -75.020460278759003, 40.033590610917202 ], [ -75.0207271372756, 40.0336103128624 ], [ -75.020900877778899, 40.033611769878398 ], [ -75.021186388159094, 40.033599849826999 ], [ -75.0214087458873, 40.0336024612144 ], [ -75.021598991387194, 40.033625684190099 ] ] } },
{ "type": "Feature", "properties": { "OBJECTID": 182, "TYPE": "Designated", "MATERIAL": "Asphalt", "WIDTH": 10, "LIMITS": " ", "TYPE2": "Asphalt Trail", "NAME": "Pennypack Park Trail", "ENTITY_TRA": "PPR", "TYPE_3": "Trail", "PAVED": "Y", "MILEAGE": 0.02868196, "Shape__Length": 60.415706093087103 }, "geometry": { "type": "LineString", "coordinates": [ [ -75.022071146884102, 40.034072429691598 ], [ -75.022149547452102, 40.034164694040399 ], [ -75.022193895376105, 40.034276503533597 ], [ -75.022225750662301, 40.034463536618098 ] ] } },
{ "type": "Feature", "properties": { "OBJECTID": 183, "TYPE": "Designated", "MATERIAL": "Asphalt", "WIDTH": 10, "LIMITS": " ", "TYPE2": "Asphalt Trail", "NAME": "Pennypack Park Trail", "ENTITY_TRA": "PPR", "TYPE_3": "Trail", "PAVED": "Y", "MILEAGE": 0.15876791, "Shape__Length": 334.31262330037998 }, "geometry": { "type": "LineString", "coordinates": [ [ -75.022225750662301, 40.034463536618098 ], [ -75.022337735098205, 40.034444820492197 ], [ -75.022527017659201, 40.034492067314602 ], [ -75.022791842078504, 40.0345624825218 ], [ -75.022831905115595, 40.0346035137662 ], [ -75.022842685661601, 40.034681256165101 ], [ -75.022783673749203, 40.035198215066202 ], [ -75.022786113868094, 40.035310495172098 ], [ -75.022796074470193, 40.0354950969949 ], [ -75.022807538197398, 40.035642327119099 ], [ -75.022819364009095, 40.035720607034698 ], [ -75.022820312539906, 40.035816304704298 ], [ -75.022808086751596, 40.035888161144399 ], [ -75.022769000527006, 40.036082285768003 ], [ -75.022742048878399, 40.036233947869498 ], [ -75.022712267283794, 40.036369510257501 ], [ -75.022691598733402, 40.036377549771899 ] ] } },
{ "type": "Feature", "properties": { "OBJECTID": 184, "TYPE": "Designated", "MATERIAL": "Asphalt", "WIDTH": 10, "LIMITS": " ", "TYPE2": "Asphalt Trail", "NAME": "Pennypack Park Trail", "ENTITY_TRA": "PPR", "TYPE_3": "Trail", "PAVED": "Y", "MILEAGE": 0.17403232, "Shape__Length": 366.26127421557402 }, "geometry": { "type": "LineString", "coordinates": [ [ -75.022225750662301, 40.034463536618098 ], [ -75.022187052978197, 40.034561479727003 ], [ -75.022167120627003, 40.034633102615601 ], [ -75.022166617210203, 40.034723983920898 ], [ -75.022177649078202, 40.0348818913331 ], [ -75.022195479364896, 40.034996593220498 ], [ -75.022172997948502, 40.035060851598203 ], [ -75.022148228613204, 40.035094949502998 ], [ -75.022018595608401, 40.0352067652234 ], [ -75.021881802913001, 40.035323754010797 ], [ -75.021814570806498, 40.035439723371503 ], [ -75.021723175126098, 40.035637949311102 ], [ -75.021686983637096, 40.035760000136101 ], [ -75.021684837185603, 40.035813388163298 ], [ -75.021699088933303, 40.035891214050899 ], [ -75.021754262534202, 40.035988715262803 ], [ -75.021817240754103, 40.036065026047602 ], [ -75.021911473980694, 40.036142079194804 ], [ -75.022033168020002, 40.036227800312297 ], [ -75.022117627238302, 40.036288589516303 ], [ -75.022213256068198, 40.036330939788101 ], [ -75.022257973671501, 40.036342690171999 ], [ -75.022455602240299, 40.036355399443302 ], [ -75.022555991226199, 40.036365799247797 ], [ -75.022630729083602, 40.036377777608301 ], [ -75.022691598733402, 40.036377549771899 ] ] } },
{ "type": "Feature", "properties": { "OBJECTID": 185, "TYPE": "Designated", "MATERIAL": "Asphalt", "WIDTH": 10, "LIMITS": " ", "TYPE2": "Asphalt Trail", "NAME": "Pennypack Park Trail", "ENTITY_TRA": "PPR", "TYPE_3": "Trail", "PAVED": "Y", "MILEAGE": 0.00566816, "Shape__Length": 11.9270433665322 }, "geometry": { "type": "LineString", "coordinates": [ [ -75.022691598733402, 40.036377549771899 ], [ -75.0227576866736, 40.0364421173864 ] ] } },
{ "type": "Feature", "properties": { "OBJECTID": 186, "TYPE": "Designated", "MATERIAL": "Asphalt", "WIDTH": 10, "LIMITS": " ", "TYPE2": "Asphalt Trail", "NAME": "Pennypack Park Trail", "ENTITY_TRA": "PPR", "TYPE_3": "Trail", "PAVED": "Y", "MILEAGE": 0.38177894, "Shape__Length": 804.28262079935303 }, "geometry": { "type": "LineString", "coordinates": [ [ -75.019695061946607, 40.043682898022404 ], [ -75.0197465087805, 40.0438102869837 ], [ -75.019783394326097, 40.043940691661298 ], [ -75.019808204577799, 40.0440525061275 ], [ -75.019822204135906, 40.044159840377503 ], [ -75.019834135751097, 40.044397763520202 ], [ -75.019883876790004, 40.044507135752397 ], [ -75.019968873636998, 40.044604045371003 ], [ -75.020010276675507, 40.0446967588503 ], [ -75.019984194281705, 40.044771680929898 ], [ -75.019902857351198, 40.0448738109434 ], [ -75.019735882142399, 40.045090343702398 ], [ -75.019708004599906, 40.045179827403402 ], [ -75.019702979810205, 40.045256276247997 ], [ -75.019685160617101, 40.045340591773403 ], [ -75.019640342082198, 40.045481285374102 ], [ -75.019560002287307, 40.045740019278597 ], [ -75.019538339148795, 40.0458522861341 ], [ -75.019527467169098, 40.045952540693399 ], [ -75.019539706500098, 40.046063555397197 ], [ -75.019580432317298, 40.046150642934599 ], [ -75.019648992697597, 40.0462393868265 ], [ -75.019697056837799, 40.046324261838699 ], [ -75.019711237620498, 40.0463755591108 ], [ -75.019691534665, 40.046462540246502 ], [ -75.019655408079799, 40.046540876420501 ], [ -75.019607979643297, 40.0466224373492 ], [ -75.019585139992301, 40.046687749165599 ], [ -75.019582380821504, 40.046749175360603 ], [ -75.019618752680302, 40.046924716225298 ], [ -75.019619854414401, 40.047049274885303 ], [ -75.019632526787007, 40.0471350864633 ], [ -75.019666908539506, 40.047228166566804 ], [ -75.019673574871703, 40.047279913266699 ], [ -75.019698019286295, 40.047496729170497 ], [ -75.019717233642297, 40.047766978716403 ], [ -75.0197179645685, 40.0479134017245 ], [ -75.019709593330006, 40.048077754790903 ], [ -75.019719354300406, 40.048192103023702 ], [ -75.019736481193604, 40.0483355439641 ], [ -75.019735862214503, 40.048454649058598 ], [ -75.019709693758301, 40.048527616465897 ], [ -75.019647783898705, 40.048595520118099 ], [ -75.019556456927205, 40.048646294644399 ], [ -75.019488269404505, 40.048676355961099 ], [ -75.019293190105302, 40.048758217673601 ], [ -75.019158687452503, 40.048810520946901 ] ] } },
{ "type": "Feature", "properties": { "OBJECTID": 187, "TYPE": "Designated", "MATERIAL": "Asphalt", "WIDTH": 10, "LIMITS": " ", "TYPE2": "Asphalt Trail", "NAME": "Pennypack Park Trail", "ENTITY_TRA": "PPR", "TYPE_3": "Trail", "PAVED": "Y", "MILEAGE": 0.06346879, "Shape__Length": 133.605830886338 }, "geometry": { "type": "LineString", "coordinates": [ [ -75.026758378216002, 40.0491310831517 ], [ -75.026670124677295, 40.049106460082697 ], [ -75.026535323684001, 40.049048852263198 ], [ -75.026426436751805, 40.048990948614303 ], [ -75.026372120837806, 40.048941691336204 ], [ -75.026319198160294, 40.048878671004303 ], [ -75.026255948464097, 40.048753124832601 ], [ -75.026242264652296, 40.0487035072398 ], [ -75.0262159794122, 40.048558737643503 ], [ -75.026189738796603, 40.048470363456097 ], [ -75.026183835023701, 40.048437753934998 ], [ -75.026182347577802, 40.048423463066598 ], [ -75.026178959723694, 40.048405167898899 ] ] } },
{ "type": "Feature", "properties": { "OBJECTID": 188, "TYPE": "Designated", "MATERIAL": "Asphalt", "WIDTH": 10, "LIMITS": " ", "TYPE2": "Asphalt Trail", "NAME": "Pennypack Park Trail", "ENTITY_TRA": "PPR", "TYPE_3": "Trail", "PAVED": "Y", "MILEAGE": 0.29140786, "Shape__Length": 612.02136423714103 }, "geometry": { "type": "LineString", "coordinates": [ [ -75.026758378216002, 40.0491310831517 ], [ -75.026956081894895, 40.049151392259397 ], [ -75.027177930684303, 40.049173938474397 ], [ -75.027368686181404, 40.049174944668103 ], [ -75.027581766404793, 40.049199066365297 ], [ -75.027696358915307, 40.049218829985001 ], [ -75.027805905236406, 40.049256827497999 ], [ -75.028762792630999, 40.049654868250499 ], [ -75.029210807973797, 40.0498238702273 ], [ -75.029455312213202, 40.049899064640996 ], [ -75.029696001402598, 40.049930988755897 ], [ -75.030192176419106, 40.049973472178003 ], [ -75.030233087864104, 40.049976974549999 ], [ -75.030524365663993, 40.050004675675901 ], [ -75.030664535130001, 40.049992064987201 ], [ -75.030822487600901, 40.049995803893097 ], [ -75.031025507655997, 40.0499697887292 ], [ -75.031039039576498, 40.049969310676701 ], [ -75.0311149452466, 40.049966626285197 ], [ -75.031278756947799, 40.0499922988311 ], [ -75.031549866680905, 40.050039243203699 ], [ -75.031843110129302, 40.050065015076498 ], [ -75.0320043952741, 40.050093798502203 ] ] } },
{ "type": "Feature", "properties": { "OBJECTID": 189, "TYPE": "Designated", "MATERIAL": "Asphalt", "WIDTH": 10, "LIMITS": " ", "TYPE2": "Asphalt Trail", "NAME": "Pennypack Park Trail", "ENTITY_TRA": "PPR", "TYPE_3": "Trail", "PAVED": "Y", "MILEAGE": 0.72693995, "Shape__Length": 1528.4781786766 }, "geometry": { "type": "LineString", "coordinates": [ [ -75.018895877162507, 40.049011003598999 ], [ -75.018840780527299, 40.049034661094097 ], [ -75.018653821489806, 40.049068310895898 ], [ -75.018514627330703, 40.049137459801599 ], [ -75.018378527126501, 40.049219244666197 ], [ -75.018311298663903, 40.049279855057399 ], [ -75.0182768060005, 40.0493250167181 ], [ -75.018224974949504, 40.049381095059701 ], [ -75.018179824344401, 40.049447544836802 ], [ -75.0181318356573, 40.049586719075002 ], [ -75.018055121369798, 40.0497632456172 ], [ -75.0180110569205, 40.049910969568202 ], [ -75.017971786293899, 40.050064203049402 ], [ -75.017962006361699, 40.050285002693201 ], [ -75.017950780587498, 40.050635665371601 ], [ -75.017877531908994, 40.050785778634101 ], [ -75.017811948392605, 40.050919885751803 ], [ -75.017784558607204, 40.0510271522447 ], [ -75.017758713915597, 40.051132647057102 ], [ -75.017760579085703, 40.0512142623991 ], [ -75.017798705480601, 40.051342276929603 ], [ -75.017920542220693, 40.051449144027103 ], [ -75.018216614141096, 40.051626793004601 ], [ -75.018593582766698, 40.051825261614702 ], [ -75.018797336592201, 40.051909300799302 ], [ -75.0189356104853, 40.051960256755301 ], [ -75.019004040266196, 40.051981531093702 ], [ -75.019092671955605, 40.051995595102703 ], [ -75.0192405188659, 40.051995071965202 ], [ -75.019544828421004, 40.0519762799332 ], [ -75.019708573842394, 40.0519701510472 ], [ -75.019880820211995, 40.051930303651098 ], [ -75.020107203848198, 40.051860144205797 ], [ -75.020459598970902, 40.051627276724098 ], [ -75.020627795878397, 40.051544950802203 ], [ -75.020998822294501, 40.051415965742102 ], [ -75.021317658610201, 40.051311747076298 ], [ -75.021677670363204, 40.051197220621901 ], [ -75.021878928794095, 40.051122862247702 ], [ -75.022255966818307, 40.050818600098999 ], [ -75.022465827460195, 40.050668756242501 ], [ -75.022686836998602, 40.050568596957 ], [ -75.023130425379406, 40.050404184560001 ], [ -75.023424188401506, 40.050266202584503 ], [ -75.023617462299597, 40.050152421575397 ], [ -75.023897145324995, 40.050039474411903 ], [ -75.024081836972897, 40.049989150406098 ], [ -75.024193344442594, 40.049951469561201 ], [ -75.024550056379098, 40.049818024018201 ], [ -75.025127534295393, 40.049578450018601 ], [ -75.025492347794398, 40.049449699987903 ], [ -75.025953428999699, 40.049310164564098 ], [ -75.026242026192904, 40.049242882393401 ], [ -75.026477386028702, 40.049190728442497 ], [ -75.026758378216002, 40.0491310831517 ] ] } },
{ "type": "Feature", "properties": { "OBJECTID": 190, "TYPE": "Designated", "MATERIAL": "Asphalt", "WIDTH": 10, "LIMITS": " ", "TYPE2": "Asphalt Trail", "NAME": "Pennypack Park Trail", "ENTITY_TRA": "PPR", "TYPE_3": "Trail", "PAVED": "Y", "MILEAGE": 0.00423786, "Shape__Length": 8.9038995815735404 }, "geometry": { "type": "LineString", "coordinates": [ [ -75.032294922241803, 40.050275440357403 ], [ -75.032367178528602, 40.0503016980363 ] ] } },
{ "type": "Feature", "properties": { "OBJECTID": 191, "TYPE": "Designated", "MATERIAL": "Asphalt", "WIDTH": 10, "LIMITS": " ", "TYPE2": "Asphalt Trail", "NAME": "Pennypack Park Trail", "ENTITY_TRA": "PPR", "TYPE_3": "Trail", "PAVED": "Y", "MILEAGE": 0.95496086, "Shape__Length": 2010.11984672626 }, "geometry": { "type": "LineString", "coordinates": [ [ -75.032367178528602, 40.0503016980363 ], [ -75.032443635625896, 40.0502911668165 ], [ -75.032534565413002, 40.050238959981399 ], [ -75.032595359196904, 40.0501927170233 ], [ -75.032703071005997, 40.050059374320597 ], [ -75.032857607099501, 40.0498413137258 ], [ -75.032928592586899, 40.049791528142499 ], [ -75.032934938014805, 40.049751505663998 ], [ -75.032953185443404, 40.0495091105916 ], [ -75.032985823914103, 40.0493508502461 ], [ -75.033089807547995, 40.049208225599898 ], [ -75.033110556603802, 40.049179765490202 ], [ -75.033161200694593, 40.049098082567298 ], [ -75.033220120747202, 40.048930527643499 ], [ -75.033224334140797, 40.048854057585203 ], [ -75.033225147492203, 40.048839308557902 ], [ -75.033225259445402, 40.048724925195899 ], [ -75.033229154169703, 40.048674537598103 ], [ -75.033212420575794, 40.048580030438103 ], [ -75.033189840217105, 40.048484669560096 ], [ -75.033186292892296, 40.048402819583103 ], [ -75.033206164667504, 40.0483526044071 ], [ -75.033304440136504, 40.048247954654897 ], [ -75.033374863474705, 40.048182320434599 ], [ -75.033456961734998, 40.048128343468001 ], [ -75.033513178066102, 40.048048894344099 ], [ -75.033559912783701, 40.047977526890101 ], [ -75.033576637373301, 40.0479395221953 ], [ -75.033574841931497, 40.0478814041563 ], [ -75.033540393848, 40.047819106185599 ], [ -75.033492189539999, 40.0477059166912 ], [ -75.033490749857805, 40.047624976174198 ], [ -75.033525988753397, 40.047360187112901 ], [ -75.0335602459581, 40.047144421860203 ], [ -75.033616107993694, 40.047025069293099 ], [ -75.033689659717396, 40.046898092202298 ], [ -75.033748040303706, 40.046823385049102 ], [ -75.033832242986406, 40.046737057547602 ], [ -75.034013057706005, 40.0465786954409 ], [ -75.034129658857296, 40.046480635247299 ], [ -75.0342699698421, 40.046395831321902 ], [ -75.034428811597294, 40.046318818800501 ], [ -75.034556271982495, 40.046275679093 ], [ -75.0346977515904, 40.046257389185598 ], [ -75.034874573520895, 40.046246800499702 ], [ -75.035031162754706, 40.046237422818102 ], [ -75.035118870967196, 40.046238497405803 ], [ -75.0352272662183, 40.0462497129094 ], [ -75.035331335686607, 40.046275248331 ], [ -75.035471115613802, 40.046339700622802 ], [ -75.035688469595996, 40.046456405081599 ], [ -75.035858697578902, 40.046555974025303 ], [ -75.035939577641301, 40.046598268380698 ], [ -75.036164786269893, 40.0467170487888 ], [ -75.036348542108996, 40.046819833451302 ], [ -75.036517077782605, 40.046939307990698 ], [ -75.0366679086804, 40.047062580097297 ], [ -75.036812793642397, 40.047168787090399 ], [ -75.036935506840607, 40.047269376588801 ], [ -75.037132075314602, 40.047488188267799 ], [ -75.037244506510106, 40.047537481877697 ], [ -75.037353709223495, 40.047611871825801 ], [ -75.037499999666494, 40.0477440947218 ], [ -75.037798967481805, 40.047973898393401 ], [ -75.037802872323894, 40.047978663442997 ], [ -75.037870935206897, 40.0480617128799 ], [ -75.037922525390101, 40.048137373094697 ], [ -75.038053117516398, 40.048195892505603 ], [ -75.038202349239, 40.048226341606103 ], [ -75.038365617605095, 40.048318101423 ], [ -75.038580584945706, 40.048447628833003 ], [ -75.038706199212896, 40.048509659414897 ], [ -75.038923343269005, 40.048595775309401 ], [ -75.039243293375606, 40.048737956381203 ], [ -75.039441157982395, 40.048840826395498 ], [ -75.039481787066904, 40.048881381760602 ], [ -75.039508987831894, 40.048935502765502 ], [ -75.039536597991102, 40.049160251987203 ], [ -75.039512234317598, 40.0493057907034 ], [ -75.039513815404305, 40.0494467938762 ], [ -75.039500025263706, 40.049508240068498 ], [ -75.039495381137002, 40.049650284843601 ], [ -75.039491303638897, 40.049752348926297 ], [ -75.039495145872195, 40.049862520114601 ], [ -75.039515108671395, 40.049930305968601 ], [ -75.039540173410401, 40.050025139210497 ], [ -75.039570700153305, 40.050200814781199 ], [ -75.039575146570002, 40.050485900562002 ], [ -75.039568971619303, 40.050594038698001 ], [ -75.039564811301403, 40.0506499570903 ], [ -75.039541643841005, 40.050710600861599 ], [ -75.0395044223459, 40.050759872451501 ], [ -75.039487892866404, 40.050792091488901 ], [ -75.039481749675005, 40.050854528153401 ], [ -75.039470968072493, 40.050955969107598 ], [ -75.039445104635405, 40.051131925255902 ], [ -75.039436477592801, 40.0511718635329 ], [ -75.039405204630697, 40.051250638008398 ], [ -75.039367878694406, 40.0513300409539 ], [ -75.039314961128298, 40.051447674323001 ], [ -75.039286297812296, 40.051536545355901 ], [ -75.039238827216593, 40.051636311427302 ], [ -75.039167166633106, 40.051719937405899 ], [ -75.039092626451804, 40.051814825210599 ], [ -75.039020699767903, 40.0519658704957 ], [ -75.039004569358596, 40.052155812604198 ], [ -75.038992659775303, 40.052198135064501 ], [ -75.038965134819193, 40.052258470469397 ], [ -75.038759471297993, 40.052578613510398 ], [ -75.038649155702899, 40.052715113382199 ], [ -75.038578540242398, 40.052772512467698 ], [ -75.038447677119393, 40.052841615119803 ], [ -75.038317217255297, 40.052877388242699 ], [ -75.038234078083093, 40.052910252328701 ] ] } },
{ "type": "Feature", "properties": { "OBJECTID": 192, "TYPE": "Designated", "MATERIAL": "Asphalt", "WIDTH": 10, "LIMITS": " ", "TYPE2": "Asphalt Trail", "NAME": "Pennypack Park Trail", "ENTITY_TRA": "PPR", "TYPE_3": "Trail", "PAVED": "Y", "MILEAGE": 0.19515967, "Shape__Length": 409.95410179803599 }, "geometry": { "type": "LineString", "coordinates": [ [ -75.032367178528602, 40.0503016980363 ], [ -75.032599184336803, 40.050380845636901 ], [ -75.0328273222825, 40.050459211964601 ], [ -75.032913211483404, 40.050485145690402 ], [ -75.033041155946094, 40.050516363916898 ], [ -75.033189984353797, 40.050504668559697 ], [ -75.033263435501595, 40.050502008486397 ], [ -75.033346860493594, 40.050508378509299 ], [ -75.0333965773182, 40.050522930347 ], [ -75.033547538645394, 40.050572783641996 ], [ -75.033656463988194, 40.050605073314998 ], [ -75.033760813349105, 40.050647990731903 ], [ -75.033822407828794, 40.050683155483 ], [ -75.033876636288298, 40.0507230486702 ], [ -75.033964927982694, 40.050768650713998 ], [ -75.034047434616099, 40.050799406227902 ], [ -75.034136903034295, 40.050815617478698 ], [ -75.034264309475802, 40.0508204685026 ], [ -75.034352534175198, 40.050815115019603 ], [ -75.034662512051895, 40.050794333939102 ], [ -75.034882107317898, 40.0507872672095 ], [ -75.035024015622199, 40.0508083943526 ], [ -75.035178107449198, 40.050843905308199 ], [ -75.035227346721598, 40.050868971148802 ], [ -75.035284088240104, 40.0509058594576 ], [ -75.035338570688396, 40.050936206775503 ], [ -75.035385755490694, 40.050956066372002 ], [ -75.035502693890606, 40.050983344537102 ], [ -75.035669044579194, 40.051031402402899 ], [ -75.035718677283199, 40.051046671168002 ], [ -75.035778278545095, 40.051076857184498 ], [ -75.035792894150404, 40.0510842595463 ] ] } },
{ "type": "Feature", "properties": { "OBJECTID": 193, "TYPE": "Designated", "MATERIAL": "Asphalt", "WIDTH": 10, "LIMITS": " ", "TYPE2": "Asphalt Trail", "NAME": "Pennypack Park Trail", "ENTITY_TRA": "PPR", "TYPE_3": "Trail", "PAVED": "Y", "MILEAGE": 0.1843748, "Shape__Length": 387.85613664446203 }, "geometry": { "type": "LineString", "coordinates": [ [ -75.038234078083093, 40.052910252328701 ], [ -75.038153903803703, 40.052876948243899 ], [ -75.037960692400105, 40.0528465270433 ], [ -75.0375441930085, 40.0527973170324 ], [ -75.037443577092006, 40.052782820411103 ], [ -75.037342526368704, 40.052768261172702 ], [ -75.037207905321694, 40.0527434670039 ], [ -75.037100627009096, 40.052713143461801 ], [ -75.037007228686505, 40.0526623044696 ], [ -75.036901898585299, 40.052603089461897 ], [ -75.036829990719099, 40.052547728174602 ], [ -75.036746210455206, 40.052482447885403 ], [ -75.036642087444505, 40.052370430653497 ], [ -75.036590156206202, 40.052308822784603 ], [ -75.036475167845694, 40.052176524673897 ], [ -75.036440657509104, 40.052110093104602 ], [ -75.036430434286501, 40.052064306143301 ], [ -75.036439692654696, 40.051933291098301 ], [ -75.0364485527314, 40.051862479452403 ], [ -75.036445567601305, 40.051761282059999 ], [ -75.036416443223601, 40.051635536188599 ], [ -75.036383786774294, 40.051573007589802 ], [ -75.036332324707402, 40.051495498984004 ], [ -75.036277880713101, 40.051433096334002 ], [ -75.036200278654206, 40.051364103236203 ], [ -75.036060603932697, 40.051260400252502 ], [ -75.036034891549804, 40.051241308625499 ] ] } },
{ "type": "Feature", "properties": { "OBJECTID": 194, "TYPE": "Designated", "MATERIAL": "Asphalt", "WIDTH": 10, "LIMITS": " ", "TYPE2": "Asphalt Trail", "NAME": "Pennypack Park Trail", "ENTITY_TRA": "PPR", "TYPE_3": "Trail", "PAVED": "Y", "MILEAGE": 0.64581777, "Shape__Length": 1360.5917222180501 }, "geometry": { "type": "LineString", "coordinates": [ [ -75.034924428700805, 40.061473156618199 ], [ -75.034939040626895, 40.061437078676597 ], [ -75.034951585229706, 40.0614122781069 ], [ -75.035084201225203, 40.061154583355901 ], [ -75.035187766110397, 40.061041837283497 ], [ -75.035267340945197, 40.060926468093498 ], [ -75.035308321360304, 40.0608389845925 ], [ -75.035340732181794, 40.060676506778996 ], [ -75.035341810425294, 40.0606711007134 ], [ -75.0353323544212, 40.060479421754998 ], [ -75.035325055554296, 40.060353923773199 ], [ -75.0353328290646, 40.0602265725339 ], [ -75.035363807627903, 40.060054515130403 ], [ -75.035401247379994, 40.059921693512599 ], [ -75.0354693792126, 40.059690860653802 ], [ -75.035580630773794, 40.059452818094897 ], [ -75.035700770907695, 40.059260239868998 ], [ -75.035755160395894, 40.059105191370001 ], [ -75.035778443687093, 40.058924724580201 ], [ -75.035735059290005, 40.058739930098497 ], [ -75.035690462990402, 40.058581180704302 ], [ -75.035673762645999, 40.058474706202297 ], [ -75.035662932013594, 40.058399513431802 ], [ -75.035681401742593, 40.0582724139757 ], [ -75.0357518416575, 40.058107008646601 ], [ -75.035802855051401, 40.058046954884901 ], [ -75.035884292774398, 40.057998569419802 ], [ -75.036002117212306, 40.057950868646401 ], [ -75.036068112575705, 40.057907173169902 ], [ -75.036057601184098, 40.057811769278899 ], [ -75.036040618306203, 40.057657624314103 ], [ -75.036026216613905, 40.057616143881702 ], [ -75.035990172718797, 40.057480154457799 ], [ -75.035928153647603, 40.057190082418401 ], [ -75.035930467523201, 40.057057887872197 ], [ -75.035972293858904, 40.056956624563298 ], [ -75.036037625479295, 40.056795664052501 ], [ -75.036143241967295, 40.056649452924802 ], [ -75.036382920619104, 40.056428845745202 ], [ -75.036530636936305, 40.056315682689402 ], [ -75.036645426167496, 40.056256682538802 ], [ -75.036742069191305, 40.056182855819799 ], [ -75.037030191706407, 40.055827071327997 ], [ -75.037164996075305, 40.055659619693003 ], [ -75.037210804672398, 40.055581946748603 ], [ -75.037302682535895, 40.055420044606997 ], [ -75.037385766058605, 40.0552644980149 ], [ -75.037444301595599, 40.055082119632601 ], [ -75.037540503720507, 40.0548120319418 ], [ -75.037587701771699, 40.054604003195202 ], [ -75.037643861320404, 40.054326965422298 ], [ -75.037905267265501, 40.053977498039401 ], [ -75.038073865048204, 40.053886406308798 ], [ -75.038115886504698, 40.053834720981598 ], [ -75.038193606850996, 40.053642851142101 ], [ -75.038253787149898, 40.053466140109002 ], [ -75.038282713848503, 40.053336500226301 ], [ -75.038294873261407, 40.053171893919298 ], [ -75.038267252778894, 40.053082023442798 ], [ -75.038243476926795, 40.052990396553398 ], [ -75.038234078083093, 40.052910252328701 ] ] } },
{ "type": "Feature", "properties": { "OBJECTID": 195, "TYPE": "Designated", "MATERIAL": "Asphalt", "WIDTH": 10, "LIMITS": " ", "TYPE2": "Asphalt Trail", "NAME": "Pennypack Park Trail", "ENTITY_TRA": "PPR", "TYPE_3": "Trail", "PAVED": "Y", "MILEAGE": 0.08960234, "Shape__Length": 188.611677146076 }, "geometry": { "type": "LineString", "coordinates": [ [ -75.034924428700805, 40.061473156618199 ], [ -75.034694441815603, 40.0612669473933 ], [ -75.034669678434696, 40.061244745020701 ], [ -75.0344482084882, 40.0610163724267 ], [ -75.034128017980393, 40.060693786457001 ], [ -75.033881477230906, 40.060451695322698 ] ] } },
{ "type": "Feature", "properties": { "OBJECTID": 196, "TYPE": "Designated", "MATERIAL": "Asphalt", "WIDTH": 10, "LIMITS": " ", "TYPE2": "Asphalt Trail", "NAME": "Pennypack Park Trail", "ENTITY_TRA": "PPR", "TYPE_3": "Trail", "PAVED": "Y", "MILEAGE": 4.315e-05, "Shape__Length": 0.090927813440438099 }, "geometry": { "type": "LineString", "coordinates": [ [ -75.034924186685799, 40.061473753702998 ], [ -75.034924428700805, 40.061473156618199 ] ] } },
{ "type": "Feature", "properties": { "OBJECTID": 197, "TYPE": "Designated", "MATERIAL": "Asphalt", "WIDTH": 10, "LIMITS": " ", "TYPE2": "Asphalt Trail", "NAME": "Pennypack Park Trail", "ENTITY_TRA": "PPR", "TYPE_3": "Trail", "PAVED": "Y", "MILEAGE": 0.00233252, "Shape__Length": 4.9056367585535998 }, "geometry": { "type": "LineString", "coordinates": [ [ -75.034958628429195, 40.0614943997358 ], [ -75.034925283397797, 40.0614739228863 ], [ -75.034924428700805, 40.061473156618199 ] ] } },
{ "type": "Feature", "properties": { "OBJECTID": 198, "TYPE": "Designated", "MATERIAL": "Asphalt", "WIDTH": 10, "LIMITS": " ", "TYPE2": "Asphalt Trail", "NAME": "Pennypack Park Trail", "ENTITY_TRA": "PPR", "TYPE_3": "Trail", "PAVED": "Y", "MILEAGE": 0.09566723, "Shape__Length": 201.623372164562 }, "geometry": { "type": "LineString", "coordinates": [ [ -75.064143364135901, 40.074757159060702 ], [ -75.064170090259495, 40.074819457332701 ], [ -75.064192758196398, 40.074922777114899 ], [ -75.064208092797301, 40.0750076568713 ], [ -75.064266721147007, 40.075128053838398 ], [ -75.064272188878306, 40.0751826784592 ], [ -75.0642660322127, 40.075240645494098 ], [ -75.064227384839, 40.075338484803297 ], [ -75.064204555232493, 40.075416328419799 ], [ -75.064197707033898, 40.075482367045701 ], [ -75.0642050376578, 40.075534198725499 ], [ -75.064205693389795, 40.0755790679341 ], [ -75.064187200908805, 40.075616013685298 ], [ -75.064062262444196, 40.075760738481698 ], [ -75.0639753342234, 40.075867103058201 ], [ -75.063918459834298, 40.075951743988199 ], [ -75.063869079206199, 40.076036321272802 ], [ -75.063858563327301, 40.076051265250697 ] ] } },
{ "type": "Feature", "properties": { "OBJECTID": 199, "TYPE": "Designated", "MATERIAL": "Asphalt", "WIDTH": 10, "LIMITS": " ", "TYPE2": "Asphalt Trail", "NAME": "Pennypack Park Trail", "ENTITY_TRA": "PPR", "TYPE_3": "Trail", "PAVED": "Y", "MILEAGE": 1.18851159, "Shape__Length": 2501.79338954486 }, "geometry": { "type": "LineString", "coordinates": [ [ -75.042268350841496, 40.074597177184799 ], [ -75.042253258133499, 40.074536303502299 ], [ -75.042261802221404, 40.074445154654697 ], [ -75.042207096859201, 40.0743404657631 ], [ -75.042101191685902, 40.074253957370303 ], [ -75.042010303238897, 40.074202435464898 ], [ -75.041823919462402, 40.074155939941399 ], [ -75.041727063040696, 40.074142970923198 ], [ -75.041669077809701, 40.074131986570301 ], [ -75.041610001304207, 40.074113495956702 ], [ -75.041389654590603, 40.073953348234198 ], [ -75.041114103863904, 40.073754727785598 ], [ -75.041042847683798, 40.073717115123799 ], [ -75.040978327881504, 40.073698930162898 ], [ -75.040878589631404, 40.073694438930602 ], [ -75.040817483707499, 40.073695232973797 ], [ -75.040748229098995, 40.073678544632003 ], [ -75.040717458372498, 40.073647897129398 ], [ -75.040297729316805, 40.073046821154101 ], [ -75.040314185714706, 40.072983090485003 ], [ -75.040321042104495, 40.072915926613099 ], [ -75.040298345145303, 40.0727876874302 ], [ -75.040257347498098, 40.072664894253897 ], [ -75.040242608473307, 40.072581191478399 ], [ -75.040273750947605, 40.072498037183102 ], [ -75.040310242356796, 40.0724550823006 ], [ -75.040429708220501, 40.0723895050454 ], [ -75.040647927728699, 40.0723241196415 ], [ -75.040914243252701, 40.072255797651799 ], [ -75.040995707103704, 40.072219041454801 ], [ -75.041111667596496, 40.072171547842302 ], [ -75.041211035658904, 40.072121526609301 ], [ -75.041424519532796, 40.071948306764099 ], [ -75.0416001678676, 40.071869092442299 ], [ -75.042022446810194, 40.071544765803999 ], [ -75.042040300896602, 40.071525497709999 ], [ -75.042067474057106, 40.071486761288398 ], [ -75.042267534981306, 40.071183021128498 ], [ -75.042375706469301, 40.071041186717999 ], [ -75.042567753293994, 40.070724131673998 ], [ -75.042732624783497, 40.070445813763499 ], [ -75.042923359963396, 40.070127098194497 ], [ -75.043193337074797, 40.069668574319202 ], [ -75.043241055610196, 40.069546277155503 ], [ -75.043248717874803, 40.0692865022706 ], [ -75.043215144302593, 40.069156687496999 ], [ -75.043159914176201, 40.0689431416627 ], [ -75.043113520282404, 40.068607343249802 ], [ -75.043094983863398, 40.0684297098556 ], [ -75.043080502234602, 40.068150447120402 ], [ -75.043028454326404, 40.067742324275599 ], [ -75.042978921813997, 40.067485206222798 ], [ -75.042889768526706, 40.067267796536498 ], [ -75.042830030348796, 40.0671385284274 ], [ -75.042777728190799, 40.067025350711504 ], [ -75.042758506917806, 40.066973892147601 ], [ -75.042743375640896, 40.066931528723003 ], [ -75.042707750694504, 40.066875758695197 ], [ -75.042655069179602, 40.066824572284702 ], [ -75.042574593629695, 40.066777110063803 ], [ -75.042527292168501, 40.066749211832899 ], [ -75.042446434088106, 40.066701524252601 ], [ -75.042239368505093, 40.0666037800409 ], [ -75.041950397523706, 40.066502794121099 ], [ -75.041626615915604, 40.066393922722703 ], [ -75.041444521686202, 40.066336643377298 ], [ -75.041129591146202, 40.066222869324797 ], [ -75.040779096405402, 40.066096245758601 ], [ -75.0404493835333, 40.065905397727199 ], [ -75.040186456856802, 40.0657557005961 ], [ -75.039885791704293, 40.065584538157403 ], [ -75.039676641446206, 40.065474599232701 ], [ -75.039323277931899, 40.065225768698703 ], [ -75.0391653310582, 40.065128567469799 ], [ -75.038996141584605, 40.064976174508999 ], [ -75.038778984674195, 40.0648529193532 ], [ -75.038529529206997, 40.0646829615104 ], [ -75.038331013730399, 40.064520767639898 ], [ -75.038074730445203, 40.064307989157697 ], [ -75.037835473616795, 40.064119951155597 ], [ -75.037644358869699, 40.063963124364498 ], [ -75.037476282701107, 40.063828296953098 ], [ -75.037026702395494, 40.063457012423001 ], [ -75.036734000219596, 40.063232840239998 ], [ -75.036526772253296, 40.0630379183483 ], [ -75.036215414279297, 40.062744785505402 ], [ -75.035484024025806, 40.0620252808991 ], [ -75.035287229167807, 40.061820463537899 ] ] } },
{ "type": "Feature", "properties": { "OBJECTID": 200, "TYPE": "Designated", "MATERIAL": "Asphalt", "WIDTH": 10, "LIMITS": " ", "TYPE2": "Asphalt Trail", "NAME": "Pennypack Park Trail", "ENTITY_TRA": "PPR", "TYPE_3": "Trail", "PAVED": "Y", "MILEAGE": 0.05795712, "Shape__Length": 121.823474790144 }, "geometry": { "type": "LineString", "coordinates": [ [ -75.043236394647707, 40.074946671935201 ], [ -75.043052028769395, 40.074857012598201 ], [ -75.042908244190002, 40.074820811232897 ], [ -75.042865228783299, 40.074799579296403 ], [ -75.042770885305799, 40.074757654802298 ], [ -75.0426290427244, 40.074728463036003 ], [ -75.042465802168394, 40.074708461336797 ], [ -75.042362166104795, 40.0746704759026 ], [ -75.042264148792896, 40.074597078175501 ] ] } },
{ "type": "Feature", "properties": { "OBJECTID": 201, "TYPE": "Designated", "MATERIAL": "Asphalt", "WIDTH": 10, "LIMITS": " ", "TYPE2": "Asphalt Trail", "NAME": "Pennypack Park Trail", "ENTITY_TRA": "PPR", "TYPE_3": "Trail", "PAVED": "Y", "MILEAGE": 0.13032258, "Shape__Length": 274.51543264683897 }, "geometry": { "type": "LineString", "coordinates": [ [ -75.043708591054894, 40.075102176011796 ], [ -75.043767027239795, 40.0751363665238 ], [ -75.0438983533287, 40.075270715682301 ], [ -75.044043088402802, 40.075497260331602 ], [ -75.044157869103401, 40.075618094905003 ], [ -75.044256626800802, 40.075712299154297 ], [ -75.044320197591802, 40.075831927829803 ], [ -75.044437237314, 40.076110323046898 ], [ -75.044433313832897, 40.0762086729167 ], [ -75.044476415138305, 40.076413136241101 ], [ -75.044558365972804, 40.076500382181798 ], [ -75.044728006963098, 40.076623132923601 ], [ -75.0448489864919, 40.076710672042402 ] ] } },
{ "type": "Feature", "properties": { "OBJECTID": 202, "TYPE": "Designated", "MATERIAL": "Asphalt", "WIDTH": 10, "LIMITS": " ", "TYPE2": "Asphalt Trail", "NAME": "Pennypack Park Trail", "ENTITY_TRA": "PPR", "TYPE_3": "Trail", "PAVED": "Y", "MILEAGE": 0.92676821, "Shape__Length": 1951.0456112792699 }, "geometry": { "type": "LineString", "coordinates": [ [ -75.063766357201999, 40.076153816551397 ], [ -75.063735451188407, 40.076179869512998 ], [ -75.063572610840097, 40.0763383191751 ], [ -75.063405841795202, 40.076486993276902 ], [ -75.0632966729966, 40.0765948386681 ], [ -75.063239978271397, 40.0766588009636 ], [ -75.063172423193905, 40.076732359522602 ], [ -75.063103480945699, 40.076808746422898 ], [ -75.063032177502507, 40.076890815918297 ], [ -75.062967183310306, 40.0769778823013 ], [ -75.062908260116799, 40.077055177330102 ], [ -75.062828727296804, 40.077132648195601 ], [ -75.062750242498595, 40.077187365158302 ], [ -75.062664067680004, 40.077230038221501 ], [ -75.062545444047601, 40.077281904439801 ], [ -75.062416118910093, 40.077335710712497 ], [ -75.062324599543601, 40.077374098429502 ], [ -75.062191733592499, 40.077437743933501 ], [ -75.0620846726937, 40.0774983237893 ], [ -75.0619937331453, 40.0775603069063 ], [ -75.061950925009398, 40.077600242724003 ], [ -75.061919197941705, 40.077639666420502 ], [ -75.061904548299594, 40.077679488651498 ], [ -75.061897927056705, 40.077725297778201 ], [ -75.061900824312701, 40.077808805717801 ], [ -75.061919177774698, 40.077912813483998 ], [ -75.061950500967797, 40.078004707331097 ], [ -75.062002658390696, 40.078136605496702 ], [ -75.062071879589794, 40.078269345140797 ], [ -75.062115745337493, 40.078337123934404 ], [ -75.0621512056981, 40.078382057516301 ], [ -75.062241673898001, 40.078448542011699 ], [ -75.062341820985097, 40.078505716146402 ], [ -75.062414253649493, 40.078557473764498 ], [ -75.062444786136197, 40.078589398988797 ], [ -75.062468361706195, 40.078624968423298 ], [ -75.062489692612303, 40.078670267080298 ], [ -75.062497540961502, 40.0787005742677 ], [ -75.062499814241306, 40.078747812326 ], [ -75.062498495131607, 40.078777991636002 ], [ -75.062487619288405, 40.078824081534997 ], [ -75.062468497519802, 40.078849896166602 ], [ -75.062405682047597, 40.078930371646202 ], [ -75.062334543340697, 40.079002612445201 ], [ -75.062288130769701, 40.079060819248802 ], [ -75.062267688941702, 40.079096231520801 ], [ -75.0622353898504, 40.079155254931401 ], [ -75.062212033526805, 40.0791964287802 ], [ -75.0621683271888, 40.079281230933603 ], [ -75.062103010701406, 40.079363143502498 ], [ -75.062047751676005, 40.079426219794001 ], [ -75.061979428470096, 40.079505678718803 ], [ -75.061914094415798, 40.079569557309199 ], [ -75.061872503366402, 40.079604115333801 ], [ -75.0618127476464, 40.079641867959403 ], [ -75.061743448328002, 40.079681401242802 ], [ -75.061700761666998, 40.079700510431699 ], [ -75.061616249905299, 40.079727112850001 ], [ -75.061523185260597, 40.0797411564293 ], [ -75.061355557432194, 40.079775658215397 ], [ -75.061191195479097, 40.079817425589901 ], [ -75.061042694793798, 40.079871399038304 ], [ -75.060903842664302, 40.079941823139698 ], [ -75.060681084430698, 40.0800808444003 ], [ -75.060496230562705, 40.0801962853471 ], [ -75.060445590191406, 40.080227909962097 ], [ -75.060350209243296, 40.080285278231102 ], [ -75.060198921958701, 40.080343722166397 ], [ -75.060035183781494, 40.080403066571201 ], [ -75.059923728912494, 40.0804522101948 ], [ -75.059769690570704, 40.080543496194501 ], [ -75.059703739325897, 40.080621789359498 ], [ -75.059619915911099, 40.080710527102298 ], [ -75.059498682728105, 40.080783870521401 ], [ -75.0594164707327, 40.0808412345731 ], [ -75.059392901431707, 40.080857680082097 ], [ -75.059336046426907, 40.080920442069399 ], [ -75.059323260077306, 40.080981213648499 ], [ -75.059287227362404, 40.081185395302903 ], [ -75.059275136882505, 40.081255440490096 ], [ -75.059251258270805, 40.081309713548102 ], [ -75.059209625977999, 40.081342115302 ], [ -75.059021221506697, 40.0813973045978 ], [ -75.058869268968806, 40.081472419516501 ], [ -75.0587512346181, 40.081553095903402 ], [ -75.058677744574197, 40.081606207133298 ], [ -75.0584924672998, 40.081738949565398 ], [ -75.058388441595795, 40.081779425612801 ], [ -75.058158874833893, 40.081855106096498 ], [ -75.057973190811097, 40.081919893189699 ], [ -75.057909946848, 40.081949404124202 ], [ -75.0578459464205, 40.0819979688006 ], [ -75.057652574536803, 40.082178200873699 ], [ -75.057614896648502, 40.082227701916999 ], [ -75.057592789717702, 40.082276928875501 ], [ -75.057589067770095, 40.082305675091298 ], [ -75.057593525385101, 40.082336546561997 ], [ -75.057615488571798, 40.082381024805002 ], [ -75.057642929258506, 40.082421144157799 ], [ -75.057748961381904, 40.082536373787498 ], [ -75.057815888462997, 40.082614879839298 ], [ -75.057872183549094, 40.082666108198801 ], [ -75.057921802486703, 40.082708632851599 ], [ -75.057964004700295, 40.082735902992297 ], [ -75.058016720268299, 40.082756833633702 ], [ -75.058089756605796, 40.0827788195663 ], [ -75.058141833535501, 40.082796839236103 ], [ -75.058177034729198, 40.0828219945641 ], [ -75.058218769113793, 40.082848258897798 ], [ -75.058263260757499, 40.082872675775903 ], [ -75.058298018491897, 40.082884683461899 ], [ -75.058372349745497, 40.082898402725903 ], [ -75.058443187012799, 40.082902387237098 ], [ -75.058508209129798, 40.082906294094101 ], [ -75.058645304900807, 40.082892816270103 ], [ -75.058773192267097, 40.082876738503202 ], [ -75.058832296003104, 40.082873355012403 ], [ -75.058941355663094, 40.082866541347002 ], [ -75.059019192513702, 40.082856274498397 ], [ -75.059078579773796, 40.082845745037098 ], [ -75.059196692713101, 40.082841357858896 ], [ -75.059295870272507, 40.082844871827803 ], [ -75.059375828996707, 40.082863431937497 ], [ -75.059458037046099, 40.082903501191197 ], [ -75.059572653747907, 40.082987240313798 ], [ -75.059658513905205, 40.0830917627353 ], [ -75.059702540561801, 40.083155533834002 ], [ -75.059731118829504, 40.083217431362598 ], [ -75.059745206980494, 40.083277722847498 ], [ -75.059746268543705, 40.083329291872801 ], [ -75.059742968707596, 40.083388165386197 ], [ -75.059731747961607, 40.083445869555902 ], [ -75.059693509812405, 40.083539584949001 ], [ -75.059641705658507, 40.083671877215103 ], [ -75.059590264228802, 40.083818468497903 ], [ -75.059576734525805, 40.0838743444532 ], [ -75.059575582234103, 40.083922399850501 ], [ -75.0595705356004, 40.084057613906502 ], [ -75.059594108128707, 40.084323983354501 ], [ -75.059606589391194, 40.084400564138697 ], [ -75.059624849349802, 40.084459872932399 ], [ -75.059648754606499, 40.084511215287797 ], [ -75.059679603605701, 40.084594186399499 ], [ -75.0596895161285, 40.084635873615902 ], [ -75.059699890728098, 40.084697522544197 ], [ -75.059700330354204, 40.084775856010602 ], [ -75.059713454879798, 40.084914436392701 ], [ -75.059731415544604, 40.085024524551599 ], [ -75.059743842288697, 40.085053491114301 ], [ -75.059767214573995, 40.0850916927631 ], [ -75.059823273635303, 40.085180479939702 ], [ -75.059938645283907, 40.085340485220598 ], [ -75.060015012259399, 40.085446118637797 ], [ -75.060082479427706, 40.085544770574003 ], [ -75.060123196120202, 40.085598968800802 ], [ -75.060141207004804, 40.085621251409698 ] ] } },
{ "type": "Feature", "properties": { "OBJECTID": 203, "TYPE": "Designated", "MATERIAL": "Asphalt", "WIDTH": 10, "LIMITS": " ", "TYPE2": "Asphalt Trail", "NAME": "Pennypack Park Trail", "ENTITY_TRA": "PPR", "TYPE_3": "Trail", "PAVED": "Y", "MILEAGE": 0.1564656, "Shape__Length": 329.41486545566801 }, "geometry": { "type": "LineString", "coordinates": [ [ -75.0448489864919, 40.076710672042402 ], [ -75.044904805433404, 40.076698135934002 ], [ -75.044990728315, 40.076669760629997 ], [ -75.045077170183404, 40.076628371025699 ], [ -75.045152836981302, 40.076573699498802 ], [ -75.045212252251702, 40.076501276829397 ], [ -75.045297545193407, 40.076346955995803 ], [ -75.045406638039694, 40.076162797463702 ], [ -75.045497577106303, 40.076008609376501 ], [ -75.045564195523895, 40.0758972730994 ], [ -75.045678935027695, 40.075713248121801 ], [ -75.0457741359793, 40.075593899135903 ], [ -75.045851271337199, 40.075502352115102 ], [ -75.045932409032801, 40.075452151900201 ], [ -75.045978280035101, 40.075435860829799 ], [ -75.046068118138905, 40.075451001993002 ], [ -75.046134502498901, 40.075487303815301 ], [ -75.046277528841699, 40.075586202468202 ], [ -75.046375895147506, 40.075671023822402 ], [ -75.046424473116204, 40.075728618201303 ], [ -75.046473051131301, 40.0757862134597 ], [ -75.046538398455994, 40.0758485444345 ], [ -75.046543700725906, 40.075857354366804 ], [ -75.046611642121405, 40.075854610481898 ] ] } },
{ "type": "Feature", "properties": { "OBJECTID": 204, "TYPE": "Designated", "MATERIAL": "Wood", "WIDTH": 10, "LIMITS": " ", "TYPE2": "Bridge", "NAME": "Pennypack Park Trail", "ENTITY_TRA": "PPR", "TYPE_3": "Trail", "PAVED": "Y", "MILEAGE": 0.03971191, "Shape__Length": 83.554375567659093 }, "geometry": { "type": "LineString", "coordinates": [ [ -75.021598991387194, 40.033625684190099 ], [ -75.022071146884102, 40.034072429691598 ] ] } },
{ "type": "Feature", "properties": { "OBJECTID": 205, "TYPE": "Designated", "MATERIAL": "Wood", "WIDTH": 10, "LIMITS": " ", "TYPE2": "Bridge", "NAME": "Pennypack Park Trail", "ENTITY_TRA": "PPR", "TYPE_3": "Trail", "PAVED": "Y", "MILEAGE": 0.01963419, "Shape__Length": 41.302448158169497 }, "geometry": { "type": "LineString", "coordinates": [ [ -75.019158687452503, 40.048810520946901 ], [ -75.018895877162507, 40.049011003598999 ] ] } },
{ "type": "Feature", "properties": { "OBJECTID": 206, "TYPE": "Designated", "MATERIAL": "Wood", "WIDTH": 10, "LIMITS": " ", "TYPE2": "Bridge", "NAME": "Pennypack Park Trail", "ENTITY_TRA": "PPR", "TYPE_3": "Trail", "PAVED": "Y", "MILEAGE": 0.01985799, "Shape__Length": 41.757865678431003 }, "geometry": { "type": "LineString", "coordinates": [ [ -75.032294922241803, 40.050275440357403 ], [ -75.0320043952741, 40.050093798502203 ] ] } },
{ "type": "Feature", "properties": { "OBJECTID": 207, "TYPE": "Designated", "MATERIAL": "Wood", "WIDTH": 10, "LIMITS": " ", "TYPE2": "Bridge", "NAME": "Pennypack Park Trail", "ENTITY_TRA": "PPR", "TYPE_3": "Trail", "PAVED": "Y", "MILEAGE": 0.00859904, "Shape__Length": 18.1090222840661 }, "geometry": { "type": "LineString", "coordinates": [ [ -75.063858563327301, 40.076051265250697 ], [ -75.063766357201999, 40.076153816551397 ] ] } },
{ "type": "Feature", "properties": { "OBJECTID": 208, "TYPE": "Designated", "MATERIAL": "Wood", "WIDTH": 10, "LIMITS": " ", "TYPE2": "Bridge", "NAME": "Pennypack Park Trail", "ENTITY_TRA": "PPR", "TYPE_3": "Trail", "PAVED": "Y", "MILEAGE": 0.01258838, "Shape__Length": 26.544482072045401 }, "geometry": { "type": "LineString", "coordinates": [ [ -75.068785258771101, 40.087064778471401 ], [ -75.068830520327595, 40.087243894232003 ] ] } },
{ "type": "Feature", "properties": { "OBJECTID": 209, "TYPE": "Designated", "MATERIAL": "Concrete", "WIDTH": 10, "LIMITS": " ", "TYPE2": "Asphalt Trail", "NAME": "Schuylkill Banks Trail", "ENTITY_TRA": "PPR SRDC", "TYPE_3": "Trail", "PAVED": "Y", "MILEAGE": 0.08323118, "Shape__Length": 175.09204310630099 }, "geometry": { "type": "LineString", "coordinates": [ [ -75.180260595381199, 39.953063982695603 ], [ -75.180260598649099, 39.953108998207 ], [ -75.180196438463298, 39.9533743693964 ], [ -75.180166917458607, 39.953458704110403 ], [ -75.180097987200099, 39.953618145491703 ], [ -75.180028402754502, 39.9537561830683 ], [ -75.179963585259799, 39.953884194626497 ], [ -75.179925004178699, 39.9539373675549 ], [ -75.179804959038904, 39.954094538260101 ], [ -75.179780340206506, 39.9541266348443 ], [ -75.179722718646104, 39.954180955181499 ] ] } },
{ "type": "Feature", "properties": { "OBJECTID": 210, "TYPE": "Designated", "MATERIAL": "Concrete", "WIDTH": 10, "LIMITS": " ", "TYPE2": "Bridge", "NAME": "Pennypack Park Trail", "ENTITY_TRA": "PPR", "TYPE_3": "Trail", "PAVED": "Y", "MILEAGE": 0.03794337, "Shape__Length": 79.746918010963896 }, "geometry": { "type": "LineString", "coordinates": [ [ -75.021938134164799, 40.0370595770653 ], [ -75.021346098610906, 40.037368393766997 ] ] } },
{ "type": "Feature", "properties": { "OBJECTID": 211, "TYPE": "Designated", "MATERIAL": "Concrete", "WIDTH": 10, "LIMITS": " ", "TYPE2": "Ramp", "NAME": "Schuylkill Banks Trail", "ENTITY_TRA": "PPR SRDC", "TYPE_3": "Trail", "PAVED": "Y", "MILEAGE": 0.01363319, "Shape__Length": 28.638897245007001 }, "geometry": { "type": "LineString", "coordinates": [ [ -75.180188724657, 39.953055934082002 ], [ -75.180212236218296, 39.952995337048598 ], [ -75.180247143363005, 39.953000622262799 ], [ -75.180299632318096, 39.953005175044503 ], [ -75.1803078756395, 39.9529805926934 ], [ -75.180309889684594, 39.952966002678401 ], [ -75.180343335803599, 39.952971255135999 ] ] } },
{ "type": "Feature", "properties": { "OBJECTID": 212, "TYPE": "Designated", "MATERIAL": "Concrete", "WIDTH": 10, "LIMITS": " ", "TYPE2": "Ramp", "NAME": "Schuylkill Banks Trail", "ENTITY_TRA": "PPR SRDC", "TYPE_3": "Trail", "PAVED": "Y", "MILEAGE": 0.04833511, "Shape__Length": 101.69029246129401 }, "geometry": { "type": "LineString", "coordinates": [ [ -75.180188724657, 39.953055934082002 ], [ -75.180156137860706, 39.9530475544979 ], [ -75.180141622609, 39.953083254476503 ], [ -75.180097991705495, 39.953192603223002 ], [ -75.180036793322003, 39.953340959636201 ], [ -75.179955845180103, 39.953547414992599 ], [ -75.179910836574905, 39.953654481186902 ], [ -75.179899180486302, 39.9536919336918 ] ] } },
{ "type": "Feature", "properties": { "OBJECTID": 213, "TYPE": "Designated", "MATERIAL": "Concrete", "WIDTH": 10, "LIMITS": " ", "TYPE2": "Ramp", "NAME": "Schuylkill Banks Trail", "ENTITY_TRA": "PPR SRDC", "TYPE_3": "Trail", "PAVED": "Y", "MILEAGE": 0.00206862, "Shape__Length": 4.3386332378781196 }, "geometry": { "type": "LineString", "coordinates": [ [ -75.180225675694899, 39.953065435870798 ], [ -75.180188724657, 39.953055934082002 ] ] } },
{ "type": "Feature", "properties": { "OBJECTID": 214, "TYPE": "Designated", "MATERIAL": "Concrete", "WIDTH": 10, "LIMITS": " ", "TYPE2": "Ramp", "NAME": "Schuylkill Banks Trail", "ENTITY_TRA": "PPR SRDC", "TYPE_3": "Trail", "PAVED": "Y", "MILEAGE": 0.04788477, "Shape__Length": 100.742823556761 }, "geometry": { "type": "LineString", "coordinates": [ [ -75.179899180486302, 39.9536919336918 ], [ -75.179926740969194, 39.953697077829197 ], [ -75.179953711026201, 39.9536424950876 ], [ -75.180053517529203, 39.953401563323801 ], [ -75.180155508721796, 39.953141542942497 ], [ -75.180188724657, 39.953055934082002 ] ] } },
{ "type": "Feature", "properties": { "OBJECTID": 215, "TYPE": "Designated", "MATERIAL": "Concrete", "WIDTH": 10, "LIMITS": " ", "TYPE2": "Ramp", "NAME": "Schuylkill Banks Trail", "ENTITY_TRA": "PPR SRDC", "TYPE_3": "Trail", "PAVED": "Y", "MILEAGE": 0.04825615, "Shape__Length": 101.487170567181 }, "geometry": { "type": "LineString", "coordinates": [ [ -75.179822615319907, 39.954285189657902 ], [ -75.179781648250597, 39.954285398079598 ], [ -75.179762675843406, 39.954245570867599 ], [ -75.179726561195494, 39.954233503580802 ], [ -75.179702164319295, 39.954228224850802 ], [ -75.179680131767299, 39.954223457704302 ], [ -75.179730333883597, 39.954095117929 ], [ -75.179878988717107, 39.953723002310198 ], [ -75.179899180486302, 39.9536919336918 ] ] } },
{ "type": "Feature", "properties": { "OBJECTID": 216, "TYPE": "Designated", "MATERIAL": "Concrete", "WIDTH": 10, "LIMITS": " ", "TYPE2": "Stairs", "NAME": "Schuylkill Banks Trail", "ENTITY_TRA": "PPR SRDC", "TYPE_3": "Trail Connection", "PAVED": "Y", "MILEAGE": 0.01608084, "Shape__Length": 33.8379624862933 }, "geometry": { "type": "LineString", "coordinates": [ [ -75.179926740969194, 39.953697077829197 ], [ -75.179908681071595, 39.953750123936402 ], [ -75.179869774043496, 39.953850571931703 ], [ -75.179859856688594, 39.9538807453714 ], [ -75.179845148483693, 39.953921506484001 ] ] } },
{ "type": "Feature", "properties": { "OBJECTID": 217, "TYPE": "Designated", "MATERIAL": "Concrete", "WIDTH": 15, "LIMITS": " ", "TYPE2": "Sidewalk", "NAME": "Kelly Drive Trail", "ENTITY_TRA": "PPR", "TYPE_3": "Trail", "PAVED": "Y", "MILEAGE": 0.08811034, "Shape__Length": 185.095290988725 }, "geometry": { "type": "LineString", "coordinates": [ [ -75.180364666433604, 39.964169557631202 ], [ -75.1802703952239, 39.964185914300998 ], [ -75.180190489443504, 39.964212381235498 ], [ -75.180112696813893, 39.964252661999502 ], [ -75.179995548653594, 39.9643377064153 ], [ -75.179856021403197, 39.964441811274497 ], [ -75.179551490772198, 39.964676258465097 ], [ -75.179357972370596, 39.964838564966797 ], [ -75.179307837793004, 39.964908418887802 ], [ -75.179160483206402, 39.965019352040898 ] ] } },
{ "type": "Feature", "properties": { "OBJECTID": 218, "TYPE": "Designated", "MATERIAL": "Concrete", "WIDTH": 20, "LIMITS": " ", "TYPE2": "Asphalt Trail", "NAME": "Boxer's Trail", "ENTITY_TRA": "PPR", "TYPE_3": "Trail", "PAVED": "N", "MILEAGE": 0.04322163, "Shape__Length": 90.734150491001202 }, "geometry": { "type": "LineString", "coordinates": [ [ -75.188135574715204, 39.993798503110703 ], [ -75.188026310804503, 39.993771831813397 ], [ -75.187833121282097, 39.993722779257702 ], [ -75.187749690003798, 39.993679100231297 ], [ -75.187625283753306, 39.993612709262798 ], [ -75.187399841969494, 39.993540772977397 ] ] } },
{ "type": "Feature", "properties": { "OBJECTID": 219, "TYPE": "Designated", "MATERIAL": "Concrete", "WIDTH": 20, "LIMITS": " ", "TYPE2": "Asphalt Trail", "NAME": "Boxer's Trail", "ENTITY_TRA": "PPR", "TYPE_3": "Trail", "PAVED": "N", "MILEAGE": 0.00505923, "Shape__Length": 10.6247358446312 }, "geometry": { "type": "LineString", "coordinates": [ [ -75.188290591566997, 39.993842661319 ], [ -75.188292390212794, 39.993825228209602 ], [ -75.188221686120102, 39.993812541731401 ] ] } },
{ "type": "Feature", "properties": { "OBJECTID": 220, "TYPE": "Designated", "MATERIAL": "Concrete", "WIDTH": 20, "LIMITS": " ", "TYPE2": "Asphalt Trail", "NAME": "Centennial Loop", "ENTITY_TRA": "PPR", "TYPE_3": "Trail", "PAVED": "Y", "MILEAGE": 0.04463261, "Shape__Length": 93.718418156719196 }, "geometry": { "type": "LineString", "coordinates": [ [ -75.206007702484797, 39.977434608074397 ], [ -75.206087710502104, 39.977492907032101 ], [ -75.206162956946002, 39.977545352881499 ], [ -75.206205790618498, 39.977565464 ], [ -75.206524155442494, 39.977676949569002 ], [ -75.206618425387006, 39.977720235468901 ], [ -75.206707800916803, 39.977781137352501 ] ] } },
{ "type": "Feature", "properties": { "OBJECTID": 221, "TYPE": "Designated", "MATERIAL": "Dirt", "WIDTH": 0, "LIMITS": " ", "TYPE2": "Dirt Trail", "NAME": "Manayunk Canal Towpath/Lock St to Shawmont", "ENTITY_TRA": "PPR", "TYPE_3": "Trail", "PAVED": "N", "MILEAGE": 0.37480532, "Shape__Length": 788.08851078928501 }, "geometry": { "type": "LineString", "coordinates": [ [ -75.236017126954295, 40.033651177021099 ], [ -75.236079095014702, 40.033710356393797 ], [ -75.2361574848494, 40.033774146041402 ], [ -75.236267965211397, 40.033867549026198 ], [ -75.236342913922698, 40.0339346653737 ], [ -75.236419695193305, 40.034012024613297 ], [ -75.236512549166093, 40.034073579837397 ], [ -75.236674382279006, 40.034184262796003 ], [ -75.236819226589901, 40.034305628054803 ], [ -75.236915590104701, 40.034391918988597 ], [ -75.237002273350498, 40.034464818319897 ], [ -75.237107448248395, 40.034552152407798 ], [ -75.237183976044705, 40.034606547370302 ], [ -75.237401967220507, 40.034754171387803 ], [ -75.237540936541095, 40.034854999684597 ], [ -75.237701745051396, 40.034957580406299 ], [ -75.237804837388296, 40.035041467019802 ], [ -75.237971319973894, 40.035176059359898 ], [ -75.238112030508802, 40.035289679450798 ], [ -75.238187485791201, 40.0353431997153 ], [ -75.238282427372496, 40.035402248375902 ], [ -75.238381917407906, 40.035463947124803 ], [ -75.238535543232203, 40.035557440722201 ], [ -75.238609008008098, 40.035604965219299 ], [ -75.238763042014696, 40.035687413155202 ], [ -75.239001043719895, 40.035814639656202 ], [ -75.239162595570704, 40.035903204239403 ], [ -75.239433714830895, 40.036050284517998 ], [ -75.239612545605198, 40.036150280387098 ], [ -75.239692629974797, 40.036204326056797 ], [ -75.239786595534994, 40.036265902792302 ], [ -75.239854886412104, 40.036333720836403 ], [ -75.239947055309401, 40.036413965452901 ], [ -75.240094944287705, 40.036543045893502 ], [ -75.240203091763505, 40.036610034485101 ], [ -75.240410136241394, 40.036754862593597 ], [ -75.2404812666922, 40.036805736072402 ], [ -75.240564369527206, 40.036861972487998 ], [ -75.240621634381995, 40.036898937073502 ], [ -75.240720117343102, 40.036958060990997 ], [ -75.240890360981993, 40.0370510646922 ], [ -75.241028386591694, 40.037117854615403 ], [ -75.241127844010506, 40.037150638258602 ], [ -75.241218929911497, 40.037170484534698 ], [ -75.241311450105201, 40.037181434144699 ] ] } },
{ "type": "Feature", "properties": { "OBJECTID": 222, "TYPE": "Designated", "MATERIAL": "Dirt", "WIDTH": 0, "LIMITS": "No Bicycles", "TYPE2": "Dirt Trail", "NAME": "Heinz Wildlife Refuge Trail", "ENTITY_TRA": "Heinz Wildlife Refuge", "TYPE_3": "Outside Philly Trail", "PAVED": "N", "MILEAGE": 0.0159226, "Shape__Length": 33.395951066557998 }, "geometry": { "type": "LineString", "coordinates": [ [ -75.266070275998999, 39.880148017072798 ], [ -75.266307036392107, 39.880006632026202 ] ] } },
{ "type": "Feature", "properties": { "OBJECTID": 223, "TYPE": "Designated", "MATERIAL": "Dirt", "WIDTH": 0, "LIMITS": "No Bicycles", "TYPE2": "Dirt Trail", "NAME": "Heinz Wildlife Refuge Trail", "ENTITY_TRA": "Heinz Wildlife Refuge", "TYPE_3": "Outside Philly Trail", "PAVED": "N", "MILEAGE": 0.00046802, "Shape__Length": 0.98360828881781404 }, "geometry": { "type": "LineString", "coordinates": [ [ -75.266070275998999, 39.880148017072798 ], [ -75.266067308582393, 39.880154403820903 ] ] } },
{ "type": "Feature", "properties": { "OBJECTID": 224, "TYPE": "Designated", "MATERIAL": "Dirt", "WIDTH": 0, "LIMITS": "No Bicycles", "TYPE2": "Dirt Trail", "NAME": "Heinz Wildlife Refuge Trail", "ENTITY_TRA": "Heinz Wildlife Refuge", "TYPE_3": "Trail", "PAVED": "N", "MILEAGE": 0.18703269, "Shape__Length": 392.780835328423 }, "geometry": { "type": "LineString", "coordinates": [ [ -75.253989476462294, 39.883037971630301 ], [ -75.252004580715806, 39.885276438428399 ] ] } },
{ "type": "Feature", "properties": { "OBJECTID": 225, "TYPE": "Designated", "MATERIAL": "Dirt", "WIDTH": 0, "LIMITS": "No Bicycles", "TYPE2": "Dirt Trail", "NAME": "Heinz Wildlife Refuge Trail", "ENTITY_TRA": "Heinz Wildlife Refuge", "TYPE_3": "Trail", "PAVED": "N", "MILEAGE": 0.17168257, "Shape__Length": 360.34353557351398 }, "geometry": { "type": "LineString", "coordinates": [ [ -75.252443584851804, 39.884808919934599 ], [ -75.252520490475703, 39.884914310815702 ], [ -75.252643760313006, 39.884979224949099 ], [ -75.252928200318195, 39.8850545658714 ], [ -75.253231337639306, 39.885109570804403 ], [ -75.253463399391094, 39.884900283273502 ], [ -75.2536326846338, 39.884689627874401 ], [ -75.253737164275606, 39.884532875203298 ], [ -75.253733014072196, 39.884401414038003 ], [ -75.253757542276901, 39.884222176318303 ], [ -75.253808466572806, 39.884057342851698 ], [ -75.253875806069303, 39.883934352125699 ], [ -75.254088151675404, 39.883773034341303 ], [ -75.254258794756396, 39.8837698364636 ], [ -75.254394072633502, 39.883752039806097 ] ] } },
{ "type": "Feature", "properties": { "OBJECTID": 226, "TYPE": "Designated", "MATERIAL": "Dirt", "WIDTH": 0, "LIMITS": "No Bicycles", "TYPE2": "Dirt Trail", "NAME": "Heinz Wildlife Refuge Trail", "ENTITY_TRA": "Heinz Wildlife Refuge", "TYPE_3": "Trail", "PAVED": "N", "MILEAGE": 0.35136081, "Shape__Length": 736.87316879951698 }, "geometry": { "type": "LineString", "coordinates": [ [ -75.256621589065503, 39.888357035365402 ], [ -75.256761940847099, 39.888201059478199 ], [ -75.256953064075205, 39.888129160017797 ], [ -75.257159591274899, 39.888126738157702 ], [ -75.257494315936796, 39.888299961610201 ], [ -75.257764996694505, 39.888506361471102 ], [ -75.258029747167299, 39.888629661388499 ], [ -75.258431669301004, 39.888928799435497 ], [ -75.258829686553199, 39.8890895654771 ], [ -75.259112632417796, 39.889206343202403 ], [ -75.259135236326998, 39.889324377517497 ], [ -75.259069531437902, 39.889647920122698 ], [ -75.259001943834505, 39.889777821714802 ], [ -75.259121431935398, 39.889946361936303 ], [ -75.259469692018499, 39.889995415348899 ], [ -75.259775134535502, 39.889988223864897 ], [ -75.260421132678204, 39.889995343751401 ], [ -75.260945228277095, 39.890145012409498 ], [ -75.261558762036401, 39.890303534704998 ] ] } },
{ "type": "Feature", "properties": { "OBJECTID": 227, "TYPE": "Designated", "MATERIAL": "Dirt", "WIDTH": 8, "LIMITS": " ", "TYPE2": "Dirt Trail", "NAME": "Manayunk Canal Towpath/Lock St to Shawmont", "ENTITY_TRA": "PPR", "TYPE_3": "Trail", "PAVED": "N", "MILEAGE": 0.03623241, "Shape__Length": 76.066485421406099 }, "geometry": { "type": "LineString", "coordinates": [ [ -75.241732407223196, 40.037195729891501 ], [ -75.241844902836505, 40.037204988943003 ], [ -75.241953738517594, 40.0372235211521 ], [ -75.242003196700097, 40.037232254105596 ], [ -75.242120781007102, 40.037253528787502 ], [ -75.242233182553903, 40.037265337007298 ], [ -75.242352028442198, 40.037282387219101 ], [ -75.242403730569706, 40.037290318452897 ] ] } },
{ "type": "Feature", "properties": { "OBJECTID": 228, "TYPE": "Designated", "MATERIAL": "Dirt", "WIDTH": 8, "LIMITS": " ", "TYPE2": "Dirt Trail", "NAME": "Manayunk Canal Towpath/Lock St to Shawmont", "ENTITY_TRA": "PPR", "TYPE_3": "Trail", "PAVED": "N", "MILEAGE": 0.59742439, "Shape__Length": 1256.7516696426701 }, "geometry": { "type": "LineString", "coordinates": [ [ -75.242561295930201, 40.037307363214303 ], [ -75.242611704514701, 40.037326321269603 ], [ -75.242706207963096, 40.037373450870703 ], [ -75.242876015904699, 40.037478346822198 ], [ -75.243031956745199, 40.037569333990398 ], [ -75.243089380446506, 40.037602049896499 ], [ -75.243197117404094, 40.037650319341502 ], [ -75.243331603854401, 40.037693219607803 ], [ -75.243444170547406, 40.0377305390641 ], [ -75.243530616799703, 40.037756235069502 ], [ -75.243727043970097, 40.037835350313699 ], [ -75.2438139999513, 40.0378772128782 ], [ -75.243996088675999, 40.037949212317898 ], [ -75.2441333900302, 40.038005777985902 ], [ -75.244243534358503, 40.038078758136002 ], [ -75.244354886336495, 40.038178975319198 ], [ -75.244402613640702, 40.038204675646099 ], [ -75.244485925323303, 40.038255386996198 ], [ -75.244588866446307, 40.038313754189197 ], [ -75.244734894302695, 40.038403672190903 ], [ -75.244797282058201, 40.038451801495803 ], [ -75.244899760019507, 40.038552674205299 ], [ -75.2449588008799, 40.038601580056003 ], [ -75.244990613871593, 40.038638837829502 ], [ -75.245032383465997, 40.038706074226198 ], [ -75.245115028770599, 40.0388048140412 ], [ -75.245197047106799, 40.038920546300702 ], [ -75.245264844272995, 40.039001956024002 ], [ -75.245334257130096, 40.039099556580901 ], [ -75.245384588133504, 40.039174632526503 ], [ -75.245454605293006, 40.039285851123303 ], [ -75.245516029316406, 40.0393900798367 ], [ -75.245615304383705, 40.039547854289999 ], [ -75.2456601928357, 40.039638542713803 ], [ -75.245745121366895, 40.039765392225497 ], [ -75.245774700891801, 40.039833213086098 ], [ -75.245789284224202, 40.039917713179598 ], [ -75.245812584102794, 40.040005805436898 ], [ -75.245845809848802, 40.040124725198801 ], [ -75.245861992345596, 40.040165893714203 ], [ -75.245914942512698, 40.040229972252703 ], [ -75.245968661974999, 40.040333182190899 ], [ -75.246048229017603, 40.040539420576003 ], [ -75.246110323038494, 40.040655568299002 ], [ -75.246246504479004, 40.040862615337502 ], [ -75.246347578749393, 40.041001721038299 ], [ -75.246459989064505, 40.041133420707602 ], [ -75.246570370170602, 40.041230213153497 ], [ -75.246783823489196, 40.041381971282597 ], [ -75.246920162544299, 40.041464872677899 ], [ -75.247052653181001, 40.041562146418002 ], [ -75.247250749754699, 40.041680406306902 ], [ -75.247329817336706, 40.041726345942301 ], [ -75.247459933153706, 40.041798056844698 ], [ -75.247579260733005, 40.041862305739102 ], [ -75.247741214129903, 40.041940662724102 ], [ -75.247858723607493, 40.041994241845003 ], [ -75.247929167853201, 40.042034041279202 ], [ -75.248000622789505, 40.042076412480803 ], [ -75.248083362364596, 40.042142839853497 ], [ -75.248195402282803, 40.0422307379785 ], [ -75.248302125934302, 40.042336802168599 ], [ -75.2484514928191, 40.042456549310103 ], [ -75.248607828370297, 40.042537334276702 ], [ -75.2489433343369, 40.042745741273002 ], [ -75.249167131461405, 40.042911325784097 ], [ -75.2493441687526, 40.043030824474798 ], [ -75.249509704599603, 40.043132214928498 ], [ -75.249590799014399, 40.043183299351099 ], [ -75.249675642231495, 40.043252747264802 ], [ -75.249763973860297, 40.043317594009203 ], [ -75.249826305934505, 40.043367419348598 ], [ -75.249862546794404, 40.0434047720302 ], [ -75.249924242855002, 40.043441828180399 ], [ -75.249972195079593, 40.043461579027799 ] ] } },
{ "type": "Feature", "properties": { "OBJECTID": 229, "TYPE": "Designated", "MATERIAL": "Gravel", "WIDTH": 0, "LIMITS": " ", "TYPE2": "Bridge", "NAME": "Forbidden Drive", "ENTITY_TRA": "PPR", "TYPE_3": "Trail", "PAVED": "N", "MILEAGE": 0.01077933, "Shape__Length": 22.715179500373701 }, "geometry": { "type": "LineString", "coordinates": [ [ -75.200641768201905, 40.033265521828604 ], [ -75.2006434255361, 40.033421754696001 ] ] } },
{ "type": "Feature", "properties": { "OBJECTID": 230, "TYPE": "Designated", "MATERIAL": "Gravel", "WIDTH": 0, "LIMITS": " ", "TYPE2": "Dirt Trail", "NAME": "Forbidden Drive", "ENTITY_TRA": "PPR", "TYPE_3": "Trail", "PAVED": "N", "MILEAGE": 0.41721548, "Shape__Length": 878.29072382095706 }, "geometry": { "type": "LineString", "coordinates": [ [ -75.198057481415006, 40.028140449792801 ], [ -75.198115234460005, 40.028165416896499 ], [ -75.198226471289104, 40.028280338370401 ], [ -75.198385619014203, 40.028419636796897 ], [ -75.198457982975896, 40.028496450447903 ], [ -75.198481019229106, 40.0285449641311 ], [ -75.198474455487698, 40.028658797092199 ], [ -75.1984610701207, 40.028814695030398 ], [ -75.198457810595002, 40.028901397391699 ], [ -75.198646699350704, 40.0292816205368 ], [ -75.198737493413702, 40.029468758660499 ], [ -75.198790041033206, 40.0296724013293 ], [ -75.198789086703997, 40.029897995962799 ], [ -75.198743886531304, 40.030099468133898 ], [ -75.198627754111598, 40.030386139302102 ], [ -75.198551824036898, 40.030604282969598 ], [ -75.1985212261675, 40.030817649262303 ], [ -75.198529311691402, 40.031002950018902 ], [ -75.198649314898304, 40.0312138766323 ], [ -75.198729853714795, 40.031273515598102 ], [ -75.199003069433502, 40.0314126402086 ], [ -75.199105732185004, 40.031484340992101 ], [ -75.199236952114106, 40.031597170625801 ], [ -75.199351177893206, 40.031761688071697 ], [ -75.199518257370102, 40.031921593781099 ], [ -75.199943084629595, 40.032231847792602 ], [ -75.200224911134896, 40.032342235631504 ], [ -75.200447670508197, 40.032422385755098 ], [ -75.200564506216097, 40.032517540245898 ], [ -75.200648876897404, 40.032675608232097 ], [ -75.200664487169604, 40.032861074812999 ], [ -75.200633677779607, 40.033080222166497 ], [ -75.200641768201905, 40.033265521828604 ] ] } },
{ "type": "Feature", "properties": { "OBJECTID": 231, "TYPE": "Designated", "MATERIAL": "Gravel", "WIDTH": 0, "LIMITS": " ", "TYPE2": "Gravel Trail", "NAME": "Heinz Wildlife Refuge Trail", "ENTITY_TRA": "Heinz Wildlife Refuge", "TYPE_3": "Trail", "PAVED": "N", "MILEAGE": 1.35142018, "Shape__Length": 2835.9660746393902 }, "geometry": { "type": "LineString", "coordinates": [ [ -75.265004041624906, 39.8809938798723 ], [ -75.264726395032, 39.8812463576186 ], [ -75.264581908119794, 39.881527572145103 ], [ -75.264501641536697, 39.881887729209403 ], [ -75.264429867844598, 39.882015421895296 ], [ -75.263883055675095, 39.882287908751401 ], [ -75.263413681037306, 39.882277725150402 ], [ -75.262638785884505, 39.882364307944599 ], [ -75.261997996059506, 39.882453797110003 ], [ -75.261621640827698, 39.882652425039502 ], [ -75.261479028110202, 39.882881977068003 ], [ -75.261536632333105, 39.883141726042403 ], [ -75.261926676511905, 39.8834862437689 ], [ -75.262245889577599, 39.883932620836902 ], [ -75.263174275648595, 39.884237118546601 ], [ -75.263731029125594, 39.884611096548497 ], [ -75.263788643377794, 39.884870845290699 ], [ -75.263510032202504, 39.885149148949999 ], [ -75.262797438171106, 39.885366334673797 ], [ -75.262450819412507, 39.885669010193297 ], [ -75.262408788170305, 39.885900746571401 ], [ -75.262498983061107, 39.8861870525811 ], [ -75.262760600481798, 39.886373679724201 ], [ -75.262891882014898, 39.886454077744801 ], [ -75.263595988881306, 39.886469355668297 ], [ -75.263863276485296, 39.886501004464598 ], [ -75.264264678645503, 39.8865355606696 ], [ -75.264457357648894, 39.886772388134801 ], [ -75.264437788847999, 39.887171618457401 ], [ -75.264355372788401, 39.887726620716002 ], [ -75.264140978021501, 39.888083868646397 ], [ -75.263767576153398, 39.888318677109297 ], [ -75.263361295818498, 39.888299603341999 ], [ -75.2629282425182, 39.888212656847401 ], [ -75.262425296897007, 39.888201741571201 ], [ -75.262047966263594, 39.8884261997473 ], [ -75.261843775492395, 39.888685373665901 ], [ -75.261764430967503, 39.889019699063098 ], [ -75.2616974780356, 39.889456090739301 ], [ -75.261579454598902, 39.890225519587801 ], [ -75.261460904860897, 39.8907140925024 ], [ -75.261374186503801, 39.891177638675202 ], [ -75.261080222959805, 39.891606854621003 ], [ -75.260717792315504, 39.891944696661902 ], [ -75.260135432324702, 39.892160218077201 ], [ -75.259526421069907, 39.892223066949697 ], [ -75.258687124566407, 39.892246289498502 ], [ -75.258281495340796, 39.892292786374099 ], [ -75.257572292742395, 39.892540108385397 ] ] } },
{ "type": "Feature", "properties": { "OBJECTID": 232, "TYPE": "Designated", "MATERIAL": "Gravel", "WIDTH": 0, "LIMITS": " ", "TYPE2": "Gravel Trail", "NAME": "Pennypack Lorimer Connector", "ENTITY_TRA": "PPR?", "TYPE_3": "Outside Philly Trail", "PAVED": "N", "MILEAGE": 0.33775032, "Shape__Length": 711.19189346942096 }, "geometry": { "type": "LineString", "coordinates": [ [ -75.071452027856495, 40.092454408860597 ], [ -75.071910922887199, 40.093072504887402 ], [ -75.072969747492706, 40.094075763540602 ], [ -75.074286672846895, 40.095219997761099 ], [ -75.075143361656799, 40.0957798485721 ], [ -75.075567721197103, 40.0961609134715 ] ] } },
{ "type": "Feature", "properties": { "OBJECTID": 233, "TYPE": "Designated", "MATERIAL": "Gravel", "WIDTH": 0, "LIMITS": " ", "TYPE2": "Gravel Trail", "NAME": "Pennypack Lorimer Connector", "ENTITY_TRA": "PPR?", "TYPE_3": "Trail", "PAVED": "N", "MILEAGE": 0.18718004, "Shape__Length": 394.45400507775901 }, "geometry": { "type": "LineString", "coordinates": [ [ -75.069829755952298, 40.090026380578003 ], [ -75.070348753060202, 40.090937527182497 ], [ -75.070517969918797, 40.091507249810299 ], [ -75.071369390510299, 40.092433889385099 ] ] } },
{ "type": "Feature", "properties": { "OBJECTID": 234, "TYPE": "Designated", "MATERIAL": "Gravel", "WIDTH": 0, "LIMITS": "No Bicycles", "TYPE2": "Dirt Trail", "NAME": "Heinz Wildlife Refuge Trail", "ENTITY_TRA": "Heinz Wildlife Refuge", "TYPE_3": "Trail", "PAVED": "N", "MILEAGE": 1.66708261, "Shape__Length": 3501.16921838793 }, "geometry": { "type": "LineString", "coordinates": [ [ -75.258425791412094, 39.892284707728798 ], [ -75.257845417995, 39.8907206785222 ], [ -75.257322272962796, 39.8898104458153 ], [ -75.255539054653696, 39.886058680534703 ], [ -75.254360990088401, 39.883675262258301 ], [ -75.254002807876901, 39.883012630606103 ], [ -75.255540461803704, 39.881258412437901 ], [ -75.257602611425298, 39.879260199603202 ], [ -75.260782325735804, 39.877368577472701 ], [ -75.262708206535507, 39.876618651387801 ], [ -75.263514717854207, 39.878735984773797 ], [ -75.263254520852996, 39.879808629422598 ], [ -75.263743838430102, 39.880528648582398 ], [ -75.264702772648207, 39.8804926971277 ] ] } },
{ "type": "Feature", "properties": { "OBJECTID": 235, "TYPE": "Designated", "MATERIAL": "Asphalt", "WIDTH": 10, "LIMITS": " ", "TYPE2": "Asphalt Trail", "NAME": "Centennial Loop", "ENTITY_TRA": "PPR", "TYPE_3": "Trail", "PAVED": "Y", "MILEAGE": 0.10631943, "Shape__Length": 223.84693904148 }, "geometry": { "type": "LineString", "coordinates": [ [ -75.215559619332893, 39.984809501543801 ], [ -75.215553384790098, 39.984786302764597 ], [ -75.215513894060393, 39.984639354209897 ], [ -75.215461621995303, 39.984437905681702 ], [ -75.215419225426103, 39.984281927057303 ], [ -75.215363043614005, 39.984081876074299 ], [ -75.215287794639494, 39.983824283226802 ], [ -75.215219646346597, 39.983583166962902 ], [ -75.215145283744704, 39.983301854909399 ] ] } },
{ "type": "Feature", "properties": { "OBJECTID": 236, "TYPE": "Designated", "MATERIAL": "Asphalt", "WIDTH": 10, "LIMITS": " ", "TYPE2": "Asphalt Trail", "NAME": "Centennial Loop", "ENTITY_TRA": "PPR", "TYPE_3": "Trail", "PAVED": "Y", "MILEAGE": 0.14906254, "Shape__Length": 312.88361616552601 }, "geometry": { "type": "LineString", "coordinates": [ [ -75.215077176493097, 39.984799801098902 ], [ -75.214961495396494, 39.984783828315102 ], [ -75.214834446835098, 39.984760897270597 ], [ -75.214656118019505, 39.984709998787302 ], [ -75.214526997975298, 39.9846646597016 ], [ -75.214142562314507, 39.984450440733298 ], [ -75.213889150077094, 39.984308436971297 ], [ -75.213666519947296, 39.9841984181705 ], [ -75.213417499209001, 39.984094524506098 ], [ -75.213215936937203, 39.9840431102255 ], [ -75.212965081267498, 39.983988369655798 ], [ -75.212649075717707, 39.9839657306714 ], [ -75.212555633770407, 39.983959548121298 ], [ -75.212547586021799, 39.983959015198401 ] ] } },
{ "type": "Feature", "properties": { "OBJECTID": 237, "TYPE": "Designated", "MATERIAL": "Asphalt", "WIDTH": 10, "LIMITS": " ", "TYPE2": "Asphalt Trail", "NAME": "Centennial Loop", "ENTITY_TRA": "PPR", "TYPE_3": "Trail", "PAVED": "Y", "MILEAGE": 0.01383875, "Shape__Length": 29.074914138870302 }, "geometry": { "type": "LineString", "coordinates": [ [ -75.215077176493097, 39.984799801098902 ], [ -75.215145217105601, 39.984846025937998 ], [ -75.215239065484994, 39.984901766744997 ], [ -75.2152758238161, 39.984929412154997 ] ] } },
{ "type": "Feature", "properties": { "OBJECTID": 238, "TYPE": "Designated", "MATERIAL": "Asphalt", "WIDTH": 10, "LIMITS": " ", "TYPE2": "Asphalt Trail", "NAME": "Centennial Loop", "ENTITY_TRA": "PPR", "TYPE_3": "Trail", "PAVED": "Y", "MILEAGE": 0.01730915, "Shape__Length": 36.375983430585698 }, "geometry": { "type": "LineString", "coordinates": [ [ -75.215077176493097, 39.984799801098902 ], [ -75.215234021682306, 39.984803265200298 ], [ -75.2152758238161, 39.984929412154997 ] ] } },
{ "type": "Feature", "properties": { "OBJECTID": 239, "TYPE": "Designated", "MATERIAL": "Asphalt", "WIDTH": 10, "LIMITS": " ", "TYPE2": "Asphalt Trail", "NAME": "Centennial Loop", "ENTITY_TRA": "PPR", "TYPE_3": "Trail", "PAVED": "Y", "MILEAGE": 0.05537215, "Shape__Length": 116.58508272695001 }, "geometry": { "type": "LineString", "coordinates": [ [ -75.2152758238161, 39.984929412154997 ], [ -75.215371912584402, 39.9852912541444 ], [ -75.215410815402507, 39.985437512207803 ], [ -75.215472143653201, 39.985654739024 ], [ -75.215483364548206, 39.985715816953402 ] ] } },
{ "type": "Feature", "properties": { "OBJECTID": 240, "TYPE": "Designated", "MATERIAL": "Asphalt", "WIDTH": 10, "LIMITS": " ", "TYPE2": "Asphalt Trail", "NAME": "Cobb's Creek Trail", "ENTITY_TRA": "PPR", "TYPE_3": "Trail", "PAVED": "Y", "MILEAGE": 1.47810424, "Shape__Length": 3106.0301439360801 }, "geometry": { "type": "LineString", "coordinates": [ [ -75.245446526106093, 39.924579687875699 ], [ -75.245383998683394, 39.924724857858102 ], [ -75.2453233492339, 39.924859324490697 ], [ -75.245268125211794, 39.924972468673801 ], [ -75.245216292585894, 39.925064868569699 ], [ -75.245133682225401, 39.925181571667203 ], [ -75.245027016125206, 39.925291510743897 ], [ -75.244934416378598, 39.925386165333201 ], [ -75.244823541159107, 39.925463787365103 ], [ -75.244690754264496, 39.925553404827099 ], [ -75.244584691172605, 39.925610340455897 ], [ -75.2444510965381, 39.925669311643198 ], [ -75.244356106229205, 39.925727985555497 ], [ -75.244264581178697, 39.925811253842298 ], [ -75.2441690526597, 39.925891850527798 ], [ -75.244115406599306, 39.925962147723197 ], [ -75.244066669419993, 39.926052258695002 ], [ -75.243911916164805, 39.926382942571799 ], [ -75.243824914024501, 39.926602595439299 ], [ -75.2436304328468, 39.927030733440503 ], [ -75.243615216451104, 39.927090763816899 ], [ -75.243613288665301, 39.927252888782398 ], [ -75.243601500961006, 39.927609192075899 ], [ -75.2435896953818, 39.927892727146997 ], [ -75.243590335222507, 39.9283699054346 ], [ -75.243582567069197, 39.928580569907602 ], [ -75.243583637921603, 39.928766453834101 ], [ -75.243560807748807, 39.928938561757398 ], [ -75.243551857523997, 39.929175152607897 ], [ -75.243545609857406, 39.9293445785082 ], [ -75.243533963481894, 39.929470272024098 ], [ -75.243522497755905, 39.929594017035299 ], [ -75.2435159464127, 39.929664723461102 ], [ -75.243507315890199, 39.929818057795401 ], [ -75.243484644709497, 39.9300947889379 ], [ -75.243484844984195, 39.930175425917902 ], [ -75.243478747541005, 39.930254703503202 ], [ -75.243454522192096, 39.930309150828599 ], [ -75.243406556869701, 39.930395614131498 ], [ -75.243326556012207, 39.930551097862498 ], [ -75.243123573746303, 39.930957608535799 ], [ -75.2430359935382, 39.931158373423699 ], [ -75.242954408302495, 39.931391158175998 ], [ -75.2429334116121, 39.931504227055399 ], [ -75.242924743964494, 39.931593069247697 ], [ -75.242907419720694, 39.931721177604103 ], [ -75.242899331148394, 39.931808755746999 ], [ -75.242871403879093, 39.9319205423607 ], [ -75.242821096273005, 39.932036725782197 ], [ -75.2427501541966, 39.932146555656601 ], [ -75.242657815516907, 39.932258887368903 ], [ -75.242537122102405, 39.932384893324397 ], [ -75.2423795859752, 39.932502945996298 ], [ -75.242303664194196, 39.9325477411289 ], [ -75.241695415734895, 39.9328667718761 ], [ -75.241316722984905, 39.933065748829002 ], [ -75.240987388493807, 39.933236419406498 ], [ -75.240478031777698, 39.933465495177501 ], [ -75.240248452606707, 39.9335683257383 ], [ -75.240068316536593, 39.933624481644301 ], [ -75.239881126288694, 39.933662984666803 ], [ -75.239723114730097, 39.9336705281927 ], [ -75.239626687803195, 39.933673791048598 ], [ -75.239484381308898, 39.933661729098702 ], [ -75.239355303969802, 39.933637462488498 ], [ -75.239213236020007, 39.933587897917803 ], [ -75.239062418815095, 39.933523846427804 ], [ -75.238962622058807, 39.933460912745304 ], [ -75.238867596556105, 39.933394510098204 ], [ -75.238773097787998, 39.933313824620903 ], [ -75.238712554513199, 39.933263953301903 ], [ -75.238619226817505, 39.933206824613499 ], [ -75.238510097369598, 39.933163490914602 ], [ -75.238388866200395, 39.933134160233003 ], [ -75.238281783206403, 39.933125146775701 ], [ -75.238155313643702, 39.933125044718501 ], [ -75.238044127745695, 39.933133279021 ], [ -75.237965440350806, 39.933152895549398 ], [ -75.237882845767402, 39.933184429494503 ], [ -75.237808818978905, 39.9332177494272 ], [ -75.237718699771605, 39.933266194086002 ], [ -75.237570780757096, 39.933377655747499 ], [ -75.2373192927231, 39.933567409713199 ], [ -75.237135317926999, 39.933693419416997 ], [ -75.236896146118596, 39.933836224808203 ], [ -75.236392742153498, 39.934200104884802 ], [ -75.236273903138695, 39.934321538429998 ], [ -75.2360630733384, 39.934494305194399 ], [ -75.235800235615102, 39.9346912728722 ], [ -75.235593505971494, 39.934846790850003 ], [ -75.235458985070395, 39.934970546741397 ], [ -75.2353329227915, 39.9350998236485 ], [ -75.235196896874697, 39.935264227112498 ], [ -75.235069797981396, 39.9354214893768 ], [ -75.234974796049499, 39.935554114872801 ], [ -75.234902250028696, 39.935683973852903 ], [ -75.234615329290804, 39.936224422791803 ], [ -75.234550274401897, 39.936351641074502 ], [ -75.234278980926106, 39.936845975780003 ], [ -75.234199480276402, 39.936987171323999 ], [ -75.234089039597507, 39.937209910302997 ], [ -75.234029239375104, 39.937389988807702 ], [ -75.233996040623893, 39.937529449202799 ], [ -75.234001351603098, 39.937636769823598 ], [ -75.234021989452501, 39.937773059420898 ], [ -75.234040000662702, 39.937848144396298 ], [ -75.234088785033407, 39.937971021104303 ], [ -75.234185015137101, 39.938130364795498 ], [ -75.234282699592995, 39.938250431644697 ], [ -75.234486877249296, 39.938440730472202 ], [ -75.234712326154096, 39.938620775354401 ], [ -75.234946128013803, 39.9388260163784 ], [ -75.235135659338596, 39.938973111711299 ], [ -75.2355834535159, 39.939354570349899 ], [ -75.235853576335003, 39.939582046643899 ], [ -75.235995529856496, 39.939710256026899 ], [ -75.236265457424494, 39.939930554184798 ], [ -75.236503906917207, 39.940135893687497 ], [ -75.236631964641603, 39.940245293070703 ], [ -75.236641932523796, 39.940252100477402 ] ] } },
{ "type": "Feature", "properties": { "OBJECTID": 241, "TYPE": "Designated", "MATERIAL": "Asphalt", "WIDTH": 10, "LIMITS": " ", "TYPE2": "Asphalt Trail", "NAME": "Cobb's Creek Trail", "ENTITY_TRA": "PPR", "TYPE_3": "Trail", "PAVED": "Y", "MILEAGE": 0.22702873, "Shape__Length": 477.01472888762498 }, "geometry": { "type": "LineString", "coordinates": [ [ -75.236768716963994, 39.940355491891196 ], [ -75.236862579392593, 39.9404299110968 ], [ -75.237033481387201, 39.9405742487182 ], [ -75.237294320735401, 39.940799487162003 ], [ -75.237493311376397, 39.940964172090098 ], [ -75.237636311360802, 39.941083231905601 ], [ -75.238007538754303, 39.941399682287098 ], [ -75.238035467754898, 39.941418576940798 ], [ -75.238125745531505, 39.941495999746898 ], [ -75.23820653288, 39.941564365976298 ], [ -75.238521589395404, 39.941840119107198 ], [ -75.238680420098902, 39.941964458018099 ], [ -75.238758098496106, 39.942030288840897 ], [ -75.239191824561203, 39.942390033969097 ], [ -75.239238983991399, 39.942429550467097 ], [ -75.239290144325807, 39.942498691822003 ], [ -75.239318237002493, 39.942567926484102 ], [ -75.2393518575455, 39.942657424767297 ], [ -75.239346902409196, 39.942746145343598 ], [ -75.239334109646705, 39.942832195004797 ], [ -75.239319845702497, 39.942871347238302 ], [ -75.239308183332696, 39.9428834247718 ] ] } },
{ "type": "Feature", "properties": { "OBJECTID": 242, "TYPE": "Designated", "MATERIAL": "Asphalt", "WIDTH": 10, "LIMITS": " ", "TYPE2": "Asphalt Trail", "NAME": "Kelly Drive Trail", "ENTITY_TRA": "PPR", "TYPE_3": "Trail", "PAVED": "Y", "MILEAGE": 0.08026249, "Shape__Length": 168.89289038407099 }, "geometry": { "type": "LineString", "coordinates": [ [ -75.179160483206402, 39.965019352040898 ], [ -75.179095970709596, 39.965063820277202 ], [ -75.179056524351296, 39.965132121475897 ], [ -75.1791515057769, 39.965393310377301 ], [ -75.179246328508299, 39.965658742994897 ], [ -75.179336277812794, 39.965907079557802 ], [ -75.179434397726098, 39.966111223368202 ] ] } },
{ "type": "Feature", "properties": { "OBJECTID": 243, "TYPE": "Designated", "MATERIAL": "Asphalt", "WIDTH": 10, "LIMITS": " ", "TYPE2": "Asphalt Trail", "NAME": "Kelly Drive Trail", "ENTITY_TRA": "PPR", "TYPE_3": "Trail", "PAVED": "Y", "MILEAGE": 0.33780367, "Shape__Length": 709.35173407517505 }, "geometry": { "type": "LineString", "coordinates": [ [ -75.1795764845387, 39.966357861650899 ], [ -75.1796901795108, 39.966518654170798 ], [ -75.179765531703197, 39.966617724349298 ], [ -75.179837484311903, 39.9666871561394 ], [ -75.179959933338196, 39.966783171625998 ], [ -75.180029378090694, 39.966844183926902 ], [ -75.180169710317003, 39.966928018907403 ], [ -75.180331300578004, 39.967033563026902 ], [ -75.180515752904697, 39.967118384751203 ], [ -75.180575451768107, 39.967145203125 ], [ -75.180706040826294, 39.967194843910299 ], [ -75.180836789403898, 39.967240240748403 ], [ -75.180951315381407, 39.967276779477302 ], [ -75.181044425359701, 39.967295851842003 ], [ -75.181348328232602, 39.967359989631497 ], [ -75.1816421160282, 39.967472738578202 ], [ -75.1817451319355, 39.967521760047902 ], [ -75.181831283318402, 39.9675788977842 ], [ -75.181932695347697, 39.967670353221997 ], [ -75.182066234177498, 39.967788008155303 ], [ -75.182350018711801, 39.968019444922199 ], [ -75.182516327310395, 39.968146326430002 ], [ -75.182683759128494, 39.968243503973 ], [ -75.182842999566802, 39.968338375212603 ], [ -75.183156126629299, 39.968523750769599 ], [ -75.183318366609697, 39.9686123182777 ], [ -75.183470217358504, 39.9686836646163 ], [ -75.183888131691305, 39.968871381892598 ], [ -75.184165064320695, 39.968992241008998 ], [ -75.1844426378089, 39.969096126122103 ], [ -75.184579971353102, 39.969139657438198 ], [ -75.184644447501697, 39.969160094958802 ] ] } },
{ "type": "Feature", "properties": { "OBJECTID": 244, "TYPE": "Designated", "MATERIAL": "Asphalt", "WIDTH": 10, "LIMITS": " ", "TYPE2": "Asphalt Trail", "NAME": "Kelly Drive Trail", "ENTITY_TRA": "PPR", "TYPE_3": "Trail", "PAVED": "Y", "MILEAGE": 1.83884412, "Shape__Length": 3864.5329929650302 }, "geometry": { "type": "LineString", "coordinates": [ [ -75.184824454332599, 39.969215536305597 ], [ -75.184960787847601, 39.969260599040503 ], [ -75.185528217302405, 39.969397455766 ], [ -75.186284589512297, 39.969500634853297 ], [ -75.188108469664598, 39.969741601320898 ], [ -75.189054165522506, 39.969867180186398 ], [ -75.189380703999802, 39.9699092906733 ], [ -75.189644696382004, 39.970004792239898 ], [ -75.189788662796303, 39.970070603884601 ], [ -75.189899641237702, 39.970148197957897 ], [ -75.190045726758498, 39.970301694917801 ], [ -75.190122774674506, 39.970416091201997 ], [ -75.1901521489782, 39.970500211408897 ], [ -75.190173432377506, 39.970655096497097 ], [ -75.190214782326606, 39.970925194245801 ], [ -75.190233079324997, 39.971159305018297 ], [ -75.190227422604593, 39.971309415636298 ], [ -75.190211713116298, 39.9714384364501 ], [ -75.190197811020994, 39.971512595549299 ], [ -75.190187952497297, 39.971565190021202 ], [ -75.190126528620993, 39.971755789461 ], [ -75.190069738492895, 39.9719673586985 ], [ -75.190060390087396, 39.972071481489202 ], [ -75.190060938439203, 39.972200864986199 ], [ -75.1900870535233, 39.972299518724 ], [ -75.190161589531399, 39.972480631700698 ], [ -75.190251285628406, 39.972691295285699 ], [ -75.190361560795694, 39.972931630313902 ], [ -75.190489155489502, 39.973216171155897 ], [ -75.190615062536494, 39.973473547540898 ], [ -75.190747489052697, 39.973701856685302 ], [ -75.190944443339205, 39.974017157194403 ], [ -75.191098237867195, 39.974254288436597 ], [ -75.191241507566005, 39.974482838729998 ], [ -75.1914182010091, 39.974760127133003 ], [ -75.1914962347375, 39.974882591196298 ], [ -75.191594918827704, 39.974862191402998 ], [ -75.191732470447903, 39.974913197017003 ], [ -75.191907791797206, 39.975154981335898 ], [ -75.192016425476893, 39.975295120144303 ], [ -75.192082500787805, 39.975368184363099 ], [ -75.192275518677107, 39.975581615879697 ], [ -75.192341895838993, 39.9756550137297 ], [ -75.192518006287202, 39.975875948177702 ], [ -75.192615331112407, 39.976028353826102 ], [ -75.192687284832004, 39.976134288571203 ], [ -75.192752128942402, 39.976212939108002 ], [ -75.192821331636793, 39.976247867141304 ], [ -75.192873488995602, 39.976303281735802 ], [ -75.192891557972501, 39.976399668672101 ], [ -75.192953770974398, 39.9764761737217 ], [ -75.1930303610187, 39.976603077962402 ], [ -75.193120302044804, 39.976663507776898 ], [ -75.193163190390607, 39.9766769828543 ], [ -75.193396486873596, 39.976819897716197 ], [ -75.193530536216699, 39.976933475455802 ], [ -75.193677272296497, 39.977070287890299 ], [ -75.193880176997496, 39.977300162949099 ], [ -75.194129823342394, 39.977585330973703 ], [ -75.194233515901601, 39.977712837947799 ], [ -75.194398832721404, 39.977860495951703 ], [ -75.194509044690093, 39.977958935397197 ], [ -75.194683199080501, 39.978088010979803 ], [ -75.194963089342494, 39.978290385728201 ], [ -75.195195767779694, 39.978449975906301 ], [ -75.195306766084002, 39.978527564732403 ], [ -75.195938863683395, 39.9789568729149 ], [ -75.1961710763497, 39.979128970126403 ], [ -75.196457021647404, 39.979314782836198 ], [ -75.197189138811595, 39.979825599590498 ], [ -75.197580829482106, 39.980084706749601 ], [ -75.197715675732894, 39.980177430623698 ], [ -75.197874991742097, 39.980268611769098 ], [ -75.198017576665706, 39.9803719401094 ], [ -75.198203838235301, 39.980467893420403 ], [ -75.198380042568999, 39.980542756420498 ], [ -75.198610136902602, 39.980627163235503 ], [ -75.1987443898945, 39.980663533687597 ], [ -75.198889169656496, 39.980708484896198 ], [ -75.199050054622106, 39.980757966458697 ], [ -75.199211566230105, 39.980790768793703 ], [ -75.199383134902007, 39.980844661696899 ], [ -75.199659851828898, 39.980915496334802 ], [ -75.199793949377494, 39.9809560355353 ], [ -75.199991837785703, 39.981031377838796 ], [ -75.200194677577201, 39.981119349264297 ], [ -75.200375523698895, 39.981215178616402 ], [ -75.200651275365999, 39.981384060135298 ], [ -75.200857345435097, 39.981530527757101 ], [ -75.201053045807498, 39.981664245216699 ], [ -75.201577895942293, 39.982061925570498 ], [ -75.201761976910404, 39.982216249202303 ], [ -75.201883204389105, 39.982310752292399 ], [ -75.201978423932403, 39.982375464561102 ], [ -75.202072862668103, 39.982461025772501 ], [ -75.202606533155503, 39.982913149129701 ], [ -75.202740055889606, 39.983033181114301 ], [ -75.202811204593402, 39.983097141255399 ], [ -75.202978561000293, 39.983263611068701 ], [ -75.203162777543298, 39.983486794548 ], [ -75.2032853635328, 39.983689829612999 ], [ -75.203364274712598, 39.983900242329099 ], [ -75.203402635410399, 39.984034637618898 ], [ -75.203431379729096, 39.984208464593202 ], [ -75.203419079442, 39.984391813566802 ], [ -75.203393332078207, 39.984499746567302 ], [ -75.203344182490994, 39.984653065540599 ], [ -75.2032913317788, 39.984760397119899 ], [ -75.203117169929499, 39.984992319755698 ], [ -75.2029991150782, 39.985102377702297 ], [ -75.202770614698196, 39.985264235624598 ], [ -75.202586571844293, 39.9853978675241 ], [ -75.202486029478493, 39.985474927863898 ], [ -75.202096857946103, 39.985798061319898 ], [ -75.201918703776499, 39.985919303479001 ], [ -75.201741487740804, 39.986015526391498 ], [ -75.201505866903403, 39.986150098193498 ], [ -75.201356378147906, 39.986230243298102 ], [ -75.201062665225393, 39.986394823317802 ], [ -75.200895661473297, 39.986507965589396 ], [ -75.2007391861803, 39.986629686585502 ], [ -75.200576350069994, 39.986776306812899 ], [ -75.200413356739801, 39.986927095884901 ], [ -75.200084109415599, 39.9872432071286 ] ] } },
{ "type": "Feature", "properties": { "OBJECTID": 245, "TYPE": "Designated", "MATERIAL": "Asphalt", "WIDTH": 10, "LIMITS": " ", "TYPE2": "Asphalt Trail", "NAME": "Kelly Drive Trail", "ENTITY_TRA": "PPR", "TYPE_3": "Trail", "PAVED": "Y", "MILEAGE": 0.03599317, "Shape__Length": 75.699663967028101 }, "geometry": { "type": "LineString", "coordinates": [ [ -75.200019344001603, 39.987306454077199 ], [ -75.199838362596296, 39.987502748038402 ], [ -75.199730827078, 39.987621382564299 ], [ -75.199631331105195, 39.987734312077997 ] ] } },
{ "type": "Feature", "properties": { "OBJECTID": 246, "TYPE": "Designated", "MATERIAL": "Asphalt", "WIDTH": 10, "LIMITS": " ", "TYPE2": "Asphalt Trail", "NAME": "Kelly Drive Trail", "ENTITY_TRA": "PPR", "TYPE_3": "Trail", "PAVED": "Y", "MILEAGE": 0.00021228, "Shape__Length": 0.44646270935802401 }, "geometry": { "type": "LineString", "coordinates": [ [ -75.199631331105195, 39.987734312077997 ], [ -75.199629024273094, 39.987731798372501 ] ] } },
{ "type": "Feature", "properties": { "OBJECTID": 247, "TYPE": "Designated", "MATERIAL": "Asphalt", "WIDTH": 10, "LIMITS": " ", "TYPE2": "Asphalt Trail", "NAME": "Kelly Drive Trail", "ENTITY_TRA": "PPR", "TYPE_3": "Trail", "PAVED": "Y", "MILEAGE": 0.31061718, "Shape__Length": 653.27782950585299 }, "geometry": { "type": "LineString", "coordinates": [ [ -75.199631331105195, 39.987734312077997 ], [ -75.199611822627801, 39.987756455069601 ], [ -75.199532015876002, 39.9878590126538 ], [ -75.199424322644902, 39.987981816866302 ], [ -75.199350406286001, 39.988071985768201 ], [ -75.199270912016502, 39.988166203220302 ], [ -75.199135330196995, 39.988309253774297 ], [ -75.199005950952895, 39.988431575659497 ], [ -75.198888510056307, 39.9885249494696 ], [ -75.198708384867402, 39.988698308610701 ], [ -75.198349383952504, 39.9890116680305 ], [ -75.198046156483997, 39.989284533700001 ], [ -75.197833030838595, 39.989469677297798 ], [ -75.197490755771199, 39.9897708857387 ], [ -75.197428304341898, 39.989844615530203 ], [ -75.1972739436182, 39.990054018135197 ], [ -75.197028535178205, 39.9903761592645 ], [ -75.196771891012403, 39.990708482730497 ], [ -75.196679823979593, 39.990848325095897 ], [ -75.196417676526806, 39.9911826130515 ], [ -75.196268574242197, 39.991396303976401 ] ] } },
{ "type": "Feature", "properties": { "OBJECTID": 248, "TYPE": "Designated", "MATERIAL": "Asphalt", "WIDTH": 10, "LIMITS": " ", "TYPE2": "Asphalt Trail", "NAME": "Kelly Drive Trail", "ENTITY_TRA": "PPR", "TYPE_3": "Trail", "PAVED": "Y", "MILEAGE": 0.31381617, "Shape__Length": 659.97207960832395 }, "geometry": { "type": "LineString", "coordinates": [ [ -75.196268574242197, 39.991396303976401 ], [ -75.196341400667094, 39.991335325960002 ], [ -75.196408335207394, 39.991286736296502 ], [ -75.1964706334374, 39.991217177059902 ], [ -75.196522088824295, 39.991147376577601 ], [ -75.196624841317501, 39.991011945487699 ], [ -75.196710861404597, 39.990888661579099 ], [ -75.196784784332294, 39.990798494385203 ], [ -75.196864283960196, 39.990704278636798 ], [ -75.196916208842296, 39.990621968963801 ], [ -75.197018333923396, 39.990503215629403 ], [ -75.197160286359093, 39.990335270133997 ], [ -75.197302081343693, 39.990171494433802 ], [ -75.197455108859899, 39.989997534726498 ], [ -75.197608998708105, 39.989800641793899 ], [ -75.197715757835795, 39.989702857325099 ], [ -75.197923698332801, 39.989511339347999 ], [ -75.198024723094804, 39.989421774022098 ], [ -75.198237848067393, 39.989236630068199 ], [ -75.198462361460003, 39.9890371318142 ], [ -75.198614052994898, 39.988898614455501 ], [ -75.198776585117102, 39.988760336969399 ], [ -75.198877764286706, 39.988666600916702 ], [ -75.199265508754493, 39.988310060143 ], [ -75.199417823487295, 39.988154861820497 ], [ -75.199509568015301, 39.988023357197001 ], [ -75.199644365508902, 39.9879011551754 ], [ -75.199673740402503, 39.9878412963999 ], [ -75.199660296923795, 39.987765879099797 ], [ -75.199631331105195, 39.987734312077997 ] ] } },
{ "type": "Feature", "properties": { "OBJECTID": 249, "TYPE": "Designated", "MATERIAL": "Asphalt", "WIDTH": 10, "LIMITS": " ", "TYPE2": "Asphalt Trail", "NAME": "Kelly Drive Trail", "ENTITY_TRA": "PPR", "TYPE_3": "Trail", "PAVED": "Y", "MILEAGE": 0.11313484, "Shape__Length": 237.69524080122901 }, "geometry": { "type": "LineString", "coordinates": [ [ -75.196268574242197, 39.991396303976401 ], [ -75.196088513166202, 39.991567574005202 ], [ -75.195953937253094, 39.991683516882098 ], [ -75.195831378784504, 39.991768427882697 ], [ -75.195509895152298, 39.9919490703722 ], [ -75.195161617615994, 39.9921207678006 ], [ -75.194867864213904, 39.992285331938803 ], [ -75.194618968175405, 39.992411248830699 ], [ -75.194618811256305, 39.992415418798402 ] ] } },
{ "type": "Feature", "properties": { "OBJECTID": 250, "TYPE": "Designated", "MATERIAL": "Asphalt", "WIDTH": 10, "LIMITS": " ", "TYPE2": "Asphalt Trail", "NAME": "Schuylkill Banks Trail", "ENTITY_TRA": "PPR SRDC", "TYPE_3": "Trail", "PAVED": "Y", "MILEAGE": 0.56029342, "Shape__Length": 1178.9991192033999 }, "geometry": { "type": "LineString", "coordinates": [ [ -75.180336669092696, 39.9530701738205 ], [ -75.180296000535094, 39.9530625088492 ], [ -75.180260595381199, 39.953063982695603 ], [ -75.180225675694899, 39.953065435870798 ], [ -75.180069858868194, 39.9534722903066 ], [ -75.179950152712195, 39.953775256920501 ], [ -75.179910677035494, 39.953852050544597 ], [ -75.179879658724303, 39.953898638907802 ], [ -75.179845148483693, 39.953921506484001 ], [ -75.179801204347399, 39.954000452491897 ], [ -75.179722718646104, 39.954180955181499 ], [ -75.179702164319295, 39.954228224850802 ], [ -75.179640983096206, 39.954368930983698 ], [ -75.179570858004297, 39.954559867217498 ], [ -75.179452008059997, 39.954855534563997 ], [ -75.179347387372601, 39.9551076152568 ], [ -75.179160115452603, 39.955572304352401 ], [ -75.179045558281999, 39.9558162818931 ], [ -75.178925721984399, 39.956083782674398 ], [ -75.178919463521297, 39.956133176442599 ], [ -75.178902542012807, 39.956232428396902 ], [ -75.178816903435802, 39.956446657319603 ], [ -75.178658864328398, 39.956873161891401 ], [ -75.178619754500104, 39.957017510403297 ], [ -75.178584689617907, 39.9571709551834 ], [ -75.178560345416201, 39.9573116945121 ], [ -75.178553562792402, 39.957452264335998 ], [ -75.178549787487796, 39.957590650838497 ], [ -75.178552284758894, 39.957717918889998 ], [ -75.178559721154201, 39.957830663410597 ], [ -75.178586399449102, 39.958014762370901 ], [ -75.178602250786298, 39.958098425222097 ], [ -75.178622072249397, 39.958175132942898 ], [ -75.178648187602903, 39.958276201826799 ], [ -75.178666521913797, 39.958332901672399 ], [ -75.17882266753, 39.958806974521302 ], [ -75.179038730485402, 39.9594760244714 ], [ -75.179102677368704, 39.959641820927501 ], [ -75.179110355156993, 39.959709539124901 ], [ -75.179114286735796, 39.9597602875129 ], [ -75.179243141669701, 39.9601116880294 ], [ -75.179388744624603, 39.960466809081403 ], [ -75.179531167260095, 39.960798023296803 ] ] } },
{ "type": "Feature", "properties": { "OBJECTID": 251, "TYPE": "Designated", "MATERIAL": "Asphalt", "WIDTH": 10, "LIMITS": " ", "TYPE2": "Asphalt Trail", "NAME": "Schuylkill Banks Trail", "ENTITY_TRA": "PPR SRDC", "TYPE_3": "Trail", "PAVED": "Y", "MILEAGE": 0.03363412, "Shape__Length": 70.721383986333905 }, "geometry": { "type": "LineString", "coordinates": [ [ -75.179531167260095, 39.960798023296803 ], [ -75.1796697097801, 39.960958156400899 ], [ -75.179796469333098, 39.961131284644303 ], [ -75.179870853694794, 39.961208863013503 ] ] } },
{ "type": "Feature", "properties": { "OBJECTID": 252, "TYPE": "Designated", "MATERIAL": "Asphalt", "WIDTH": 10, "LIMITS": " ", "TYPE2": "Asphalt Trail", "NAME": "Schuylkill Banks Trail", "ENTITY_TRA": "PPR SRDC", "TYPE_3": "Trail", "PAVED": "Y", "MILEAGE": 0.04523507, "Shape__Length": 95.174057956320794 }, "geometry": { "type": "LineString", "coordinates": [ [ -75.179531167260095, 39.960798023296803 ], [ -75.179705033433606, 39.961152034538202 ], [ -75.179838666013893, 39.961409454054603 ] ] } },
{ "type": "Feature", "properties": { "OBJECTID": 253, "TYPE": "Designated", "MATERIAL": "Asphalt", "WIDTH": 10, "LIMITS": " ", "TYPE2": "Asphalt Trail", "NAME": "Schuylkill Banks Trail", "ENTITY_TRA": "PPR SRDC", "TYPE_3": "Trail", "PAVED": "Y", "MILEAGE": 0.00682832, "Shape__Length": 14.317725867951999 }, "geometry": { "type": "LineString", "coordinates": [ [ -75.179870853694794, 39.961208863013503 ], [ -75.179742596746095, 39.9612162478074 ] ] } },
{ "type": "Feature", "properties": { "OBJECTID": 254, "TYPE": "Designated", "MATERIAL": "Asphalt", "WIDTH": 10, "LIMITS": " ", "TYPE2": "Asphalt Trail", "NAME": "Schuylkill Banks Trail", "ENTITY_TRA": "PPR SRDC", "TYPE_3": "Trail", "PAVED": "Y", "MILEAGE": 0.01566216, "Shape__Length": 32.941563723209804 }, "geometry": { "type": "LineString", "coordinates": [ [ -75.179870853694794, 39.961208863013503 ], [ -75.179923771220501, 39.961290062758401 ], [ -75.179838666013893, 39.961409454054603 ] ] } },
{ "type": "Feature", "properties": { "OBJECTID": 255, "TYPE": "Designated", "MATERIAL": "Asphalt", "WIDTH": 10, "LIMITS": " ", "TYPE2": "Asphalt Trail", "NAME": "Schuylkill Banks Trail", "ENTITY_TRA": "PPR SRDC", "TYPE_3": "Trail", "PAVED": "Y", "MILEAGE": 0.17966654, "Shape__Length": 377.75890741094997 }, "geometry": { "type": "LineString", "coordinates": [ [ -75.179838666013893, 39.961409454054603 ], [ -75.180114384763201, 39.961837245976703 ], [ -75.180207319092304, 39.961982287463798 ], [ -75.180328406137704, 39.962145985045197 ], [ -75.180511825953403, 39.962385829979198 ], [ -75.180617003680197, 39.962513255714697 ], [ -75.180711129870204, 39.962629063999699 ], [ -75.1807725256986, 39.962697229021998 ], [ -75.180960786951104, 39.9628866907196 ], [ -75.181131996486897, 39.963062267746899 ], [ -75.181332734706402, 39.963253463276999 ], [ -75.181538803091897, 39.963444777752201 ], [ -75.181697801960496, 39.963570571770397 ] ] } },
{ "type": "Feature", "properties": { "OBJECTID": 256, "TYPE": "Designated", "MATERIAL": "Asphalt", "WIDTH": 10, "LIMITS": " ", "TYPE2": "Asphalt Trail", "NAME": "Schuylkill Banks Trail", "ENTITY_TRA": "PPR SRDC", "TYPE_3": "Trail", "PAVED": "Y", "MILEAGE": 0.0177873, "Shape__Length": 37.420667337028398 }, "geometry": { "type": "LineString", "coordinates": [ [ -75.181697801960496, 39.963570571770397 ], [ -75.181696959052005, 39.9636365393361 ], [ -75.181663920513301, 39.963699808486197 ], [ -75.181632181995894, 39.9637410472792 ], [ -75.181592553624796, 39.963792540448502 ], [ -75.181581108015195, 39.963805759749903 ] ] } },
{ "type": "Feature", "properties": { "OBJECTID": 257, "TYPE": "Designated", "MATERIAL": "Asphalt", "WIDTH": 10, "LIMITS": " ", "TYPE2": "Asphalt Trail", "NAME": "Schuylkill Banks Trail", "ENTITY_TRA": "PPR SRDC", "TYPE_3": "Trail", "PAVED": "Y", "MILEAGE": 0.11158743, "Shape__Length": 234.59927757081601 }, "geometry": { "type": "LineString", "coordinates": [ [ -75.181697801960496, 39.963570571770397 ], [ -75.181766539589205, 39.963621034417898 ], [ -75.181821878340799, 39.963652171361097 ], [ -75.182024260406706, 39.963780305506504 ], [ -75.182092852322, 39.963818898374903 ], [ -75.1821742666028, 39.963861192102698 ], [ -75.182277986548598, 39.963959482720298 ], [ -75.182383849327195, 39.9640544964615 ], [ -75.182512888522297, 39.964154161666897 ], [ -75.182577730868601, 39.964232994153697 ], [ -75.182581509184203, 39.9642375873578 ], [ -75.182610824353901, 39.964273227776097 ], [ -75.182674707746102, 39.964395350323699 ], [ -75.182716273351403, 39.964471705786003 ], [ -75.182727873724502, 39.964534174724797 ], [ -75.182728194776502, 39.964543743432699 ], [ -75.182729348813197, 39.964578119381699 ], [ -75.182718065197903, 39.964665570372603 ], [ -75.182711337846996, 39.9647726617263 ], [ -75.182687366626993, 39.964827712300398 ], [ -75.182699897020001, 39.964867431711397 ] ] } },
{ "type": "Feature", "properties": { "OBJECTID": 258, "TYPE": "Designated", "MATERIAL": "Asphalt", "WIDTH": 10, "LIMITS": " ", "TYPE2": "Asphalt Trail", "NAME": "Wissahickon Bike Path", "ENTITY_TRA": "PPR", "TYPE_3": "Trail", "PAVED": "Y", "MILEAGE": 0.99296625, "Shape__Length": 2088.4406660838999 }, "geometry": { "type": "LineString", "coordinates": [ [ -75.206939742737006, 40.015059245945402 ], [ -75.206860216726696, 40.015239207662098 ], [ -75.206780168428097, 40.015427625379402 ], [ -75.206732332523899, 40.015513866626399 ], [ -75.206687613889301, 40.015625119339603 ], [ -75.206676008972295, 40.015718398907097 ], [ -75.206668766447805, 40.015759234073698 ], [ -75.206645413434501, 40.015833419774701 ], [ -75.206603946307595, 40.015910110869001 ], [ -75.206594878243493, 40.015962293359102 ], [ -75.206627171993304, 40.0160478118828 ], [ -75.206632824288306, 40.016113412893198 ], [ -75.206616725736495, 40.016161204949 ], [ -75.206554030745494, 40.016240400031698 ], [ -75.206445212652199, 40.016358686894499 ], [ -75.206362428129196, 40.016403621355003 ], [ -75.206248046741194, 40.016426030811601 ], [ -75.206137834364796, 40.0164454141497 ], [ -75.2060443858159, 40.016476061004802 ], [ -75.205943668318895, 40.0165408839256 ], [ -75.205872454094703, 40.016601664436301 ], [ -75.205793604488505, 40.0166498031532 ], [ -75.205657446395193, 40.0167122611035 ], [ -75.205644641263802, 40.016717871716899 ], [ -75.205562621817506, 40.016753810750501 ], [ -75.205498219071202, 40.016777540496697 ], [ -75.205402785354195, 40.016801510577103 ], [ -75.205328079108796, 40.016810252578701 ], [ -75.2051911143311, 40.016820406949797 ], [ -75.205045719310505, 40.0168047128642 ], [ -75.204948945458, 40.016790096273503 ], [ -75.204808186917404, 40.016758915505903 ], [ -75.204716049559195, 40.016728812343402 ], [ -75.204547747283101, 40.016675195710299 ], [ -75.204315785600997, 40.0165889883055 ], [ -75.204191585262905, 40.016548819654901 ], [ -75.204159522980603, 40.016538755479097 ], [ -75.203943851092106, 40.016500556197798 ], [ -75.203836142853305, 40.0164877703088 ], [ -75.203759057216999, 40.0164919381942 ], [ -75.203652766553802, 40.016519398925801 ], [ -75.203539183778602, 40.0165935535952 ], [ -75.2033197371385, 40.016831487178003 ], [ -75.203067180356996, 40.017213513177701 ], [ -75.202871574236397, 40.017554206181899 ], [ -75.202783910333295, 40.017675791761398 ], [ -75.202706518192798, 40.017818903057403 ], [ -75.2026357796761, 40.017932344119799 ], [ -75.202589838897396, 40.018046681263499 ], [ -75.202510054218294, 40.018329962472897 ], [ -75.202457194345797, 40.018428029827597 ], [ -75.202389047268198, 40.0185365285854 ], [ -75.202349568441605, 40.018623203158398 ], [ -75.202301133754304, 40.018729994833997 ], [ -75.202248438093505, 40.018805499223703 ], [ -75.202129484200299, 40.019022107276903 ], [ -75.202080184987494, 40.019134524473898 ], [ -75.202067617587701, 40.019203308410297 ], [ -75.202050270971498, 40.019285930224498 ], [ -75.202021829668297, 40.019322952958397 ], [ -75.201906533789995, 40.019422246669897 ], [ -75.201839959293295, 40.019503538202699 ], [ -75.201747075726502, 40.019616487362299 ], [ -75.201629810612303, 40.019788530970601 ], [ -75.201541893677998, 40.019930297067198 ], [ -75.201505333197503, 40.020006080855403 ], [ -75.201434928064302, 40.020156534669802 ], [ -75.201331133127596, 40.0203654748193 ], [ -75.201224778118799, 40.020542019251899 ], [ -75.201104473485501, 40.020794928447302 ], [ -75.2010535605515, 40.020930515685301 ], [ -75.200956968976399, 40.0210344548222 ], [ -75.200901552832306, 40.021182312816798 ], [ -75.200844697938194, 40.021368474744598 ], [ -75.200794817477401, 40.021516455582599 ], [ -75.200655243121005, 40.021692263002599 ], [ -75.200500020897195, 40.021842164092199 ], [ -75.200269314264702, 40.022084102360303 ], [ -75.199991120343398, 40.022410178303502 ], [ -75.199922379893493, 40.0224571159197 ], [ -75.199894452370799, 40.022476185374998 ], [ -75.199760310631802, 40.0225072841992 ], [ -75.199569691215302, 40.0225669454532 ], [ -75.199187651629103, 40.022707548077697 ], [ -75.198719668806902, 40.022859930859802 ], [ -75.198511924355401, 40.022911637895298 ], [ -75.198414095031893, 40.022945942263803 ], [ -75.198205425353393, 40.023043537062101 ], [ -75.197707220500504, 40.023326381811103 ], [ -75.197558963657102, 40.023438097119403 ], [ -75.197287153853694, 40.023593922566697 ], [ -75.197055056749804, 40.023725072369899 ], [ -75.196669802165204, 40.023950788085799 ], [ -75.196552427800199, 40.024024784388899 ], [ -75.196539272264104, 40.024033078443203 ], [ -75.196400871690201, 40.024030000949402 ], [ -75.196329102338595, 40.024040582989699 ], [ -75.196225670122303, 40.024080412962199 ], [ -75.196115886559497, 40.024152490012298 ], [ -75.1959897679005, 40.024269262013703 ], [ -75.195934425709794, 40.024351881383701 ], [ -75.195884194545499, 40.024391795954401 ], [ -75.195841588854805, 40.024425649658298 ], [ -75.195771556627193, 40.024461000777698 ], [ -75.195704710449704, 40.024491786151302 ], [ -75.195594951685905, 40.024517830041503 ] ] } },
{ "type": "Feature", "properties": { "OBJECTID": 259, "TYPE": "Designated", "MATERIAL": "Asphalt", "WIDTH": 10, "LIMITS": " ", "TYPE2": "Asphalt Trail", "NAME": "Wissahickon Bike Path", "ENTITY_TRA": "PPR", "TYPE_3": "Trail", "PAVED": "Y", "MILEAGE": 0.17741708, "Shape__Length": 373.35469447188302 }, "geometry": { "type": "LineString", "coordinates": [ [ -75.195125700201601, 40.0246405877093 ], [ -75.1950742736243, 40.024682040391397 ], [ -75.194968164730696, 40.025060178553403 ], [ -75.194869685372893, 40.025370792982102 ], [ -75.194755883384005, 40.025633380713501 ], [ -75.194716466543198, 40.0257282795991 ], [ -75.194672448007196, 40.025789131614502 ], [ -75.194523219321695, 40.025926379509798 ], [ -75.194396335641699, 40.026040460482001 ], [ -75.194244457297501, 40.026182652355899 ], [ -75.193930134678396, 40.026388382277702 ], [ -75.193526657060204, 40.026641121611597 ], [ -75.193396137538301, 40.026725694669103 ] ] } },
{ "type": "Feature", "properties": { "OBJECTID": 260, "TYPE": "Designated", "MATERIAL": "Asphalt", "WIDTH": 10, "LIMITS": " ", "TYPE2": "Bridge", "NAME": "Pennypack Park Trail", "ENTITY_TRA": "PPR", "TYPE_3": "Trail", "PAVED": "Y", "MILEAGE": 0.02845226, "Shape__Length": 59.893699748325602 }, "geometry": { "type": "LineString", "coordinates": [ [ -75.034958628429195, 40.0614943997358 ], [ -75.035287229167807, 40.061820463537899 ] ] } },
{ "type": "Feature", "properties": { "OBJECTID": 261, "TYPE": "Designated", "MATERIAL": "Asphalt", "WIDTH": 10, "LIMITS": " ", "TYPE2": "Bridge", "NAME": "Pennypack Park Trail", "ENTITY_TRA": "PPR", "TYPE_3": "Trail", "PAVED": "Y", "MILEAGE": 0.01182855, "Shape__Length": 24.9273845069313 }, "geometry": { "type": "LineString", "coordinates": [ [ -75.064143364135901, 40.074757159060702 ], [ -75.064059348924999, 40.074598326690598 ] ] } },
{ "type": "Feature", "properties": { "OBJECTID": 262, "TYPE": "Designated", "MATERIAL": "Asphalt", "WIDTH": 10, "LIMITS": " ", "TYPE2": "Bridge", "NAME": "Pennypack Park Trail", "ENTITY_TRA": "PPR", "TYPE_3": "Trail", "PAVED": "Y", "MILEAGE": 0.02723003, "Shape__Length": 57.2259774636047 }, "geometry": { "type": "LineString", "coordinates": [ [ -75.043236394647707, 40.074946671935201 ], [ -75.043708591054894, 40.075102176011796 ] ] } },
{ "type": "Feature", "properties": { "OBJECTID": 263, "TYPE": "Designated", "MATERIAL": "Asphalt", "WIDTH": 10, "LIMITS": " ", "TYPE2": "Dirt Trail", "NAME": "Cobb's Creek Trail", "ENTITY_TRA": "PPR", "TYPE_3": "Trail", "PAVED": "Y", "MILEAGE": 0.03860123, "Shape__Length": 81.148353755307397 }, "geometry": { "type": "LineString", "coordinates": [ [ -75.249054312043597, 39.957943323403903 ], [ -75.249146979572103, 39.957874210186603 ], [ -75.249228232322594, 39.957801292771101 ], [ -75.249351220737495, 39.957674699357803 ], [ -75.249417757322703, 39.957595705520397 ], [ -75.249458074482106, 39.957488158993698 ] ] } },
{ "type": "Feature", "properties": { "OBJECTID": 264, "TYPE": "Designated", "MATERIAL": "Asphalt", "WIDTH": 10, "LIMITS": " ", "TYPE2": "Road Crossing", "NAME": "Boxer's Trail", "ENTITY_TRA": "PPR", "TYPE_3": "Trail Connection", "PAVED": "Y", "MILEAGE": 0.007955, "Shape__Length": 16.6848694641367 }, "geometry": { "type": "LineString", "coordinates": [ [ -75.197689114793903, 39.981783207872603 ], [ -75.197539259638305, 39.981785410868397 ] ] } },
{ "type": "Feature", "properties": { "OBJECTID": 265, "TYPE": "Designated", "MATERIAL": "Asphalt", "WIDTH": 10, "LIMITS": " ", "TYPE2": "Road Crossing", "NAME": "Centennial Loop", "ENTITY_TRA": "PPR", "TYPE_3": "Trail Connection", "PAVED": "Y", "MILEAGE": 0.02723624, "Shape__Length": 57.158967997004503 }, "geometry": { "type": "LineString", "coordinates": [ [ -75.2055917010114, 39.976749243425502 ], [ -75.205796981894395, 39.976755848142503 ], [ -75.205942205995498, 39.976798084769001 ], [ -75.206057075527596, 39.9768751523482 ] ] } },
{ "type": "Feature", "properties": { "OBJECTID": 266, "TYPE": "Designated", "MATERIAL": "Asphalt", "WIDTH": 10, "LIMITS": " ", "TYPE2": "Road Crossing", "NAME": "Centennial Loop", "ENTITY_TRA": "PPR", "TYPE_3": "Trail Connection", "PAVED": "Y", "MILEAGE": 0.08066707, "Shape__Length": 169.51975150821301 }, "geometry": { "type": "LineString", "coordinates": [ [ -75.205383268572106, 39.976826762736501 ], [ -75.205276181948705, 39.9769065281493 ], [ -75.205230051155596, 39.9769979139298 ], [ -75.205191152031503, 39.977109993932899 ], [ -75.205205362336997, 39.97722941272 ], [ -75.205275349196398, 39.977356229407597 ], [ -75.205410574017904, 39.977451635720499 ], [ -75.205539566545397, 39.977499673077503 ], [ -75.205672532712796, 39.977512889006597 ], [ -75.205765955038103, 39.977512906864298 ], [ -75.205903125192606, 39.977485145290601 ], [ -75.205954797842395, 39.977459594989597 ] ] } },
{ "type": "Feature", "properties": { "OBJECTID": 267, "TYPE": "Designated", "MATERIAL": "Asphalt", "WIDTH": 10, "LIMITS": " ", "TYPE2": "Road Crossing", "NAME": "Centennial Loop", "ENTITY_TRA": "PPR", "TYPE_3": "Trail Connection", "PAVED": "Y", "MILEAGE": 0.01127335, "Shape__Length": 23.708963345360601 }, "geometry": { "type": "LineString", "coordinates": [ [ -75.206158989558105, 39.977255682468503 ], [ -75.206133763031005, 39.977313656049503 ], [ -75.206048088100403, 39.9773918434271 ] ] } },
{ "type": "Feature", "properties": { "OBJECTID": 268, "TYPE": "Designated", "MATERIAL": "Asphalt", "WIDTH": 10, "LIMITS": " ", "TYPE2": "Road Crossing", "NAME": "Centennial Loop", "ENTITY_TRA": "PPR", "TYPE_3": "Trail Connection", "PAVED": "Y", "MILEAGE": 0.00902828, "Shape__Length": 18.986973807304899 }, "geometry": { "type": "LineString", "coordinates": [ [ -75.2023583162634, 39.977477627574601 ], [ -75.202451980797704, 39.9773683968113 ] ] } },
{ "type": "Feature", "properties": { "OBJECTID": 269, "TYPE": "Designated", "MATERIAL": "Asphalt", "WIDTH": 10, "LIMITS": " ", "TYPE2": "Road Crossing", "NAME": "Centennial Loop", "ENTITY_TRA": "PPR", "TYPE_3": "Trail Connection", "PAVED": "Y", "MILEAGE": 0.01722188, "Shape__Length": 36.125915553136501 }, "geometry": { "type": "LineString", "coordinates": [ [ -75.206674563431605, 39.978563899562197 ], [ -75.206357381847695, 39.9786165008124 ] ] } },
{ "type": "Feature", "properties": { "OBJECTID": 270, "TYPE": "Designated", "MATERIAL": "Asphalt", "WIDTH": 10, "LIMITS": " ", "TYPE2": "Road Crossing", "NAME": "Centennial Loop", "ENTITY_TRA": "PPR", "TYPE_3": "Trail Connection", "PAVED": "Y", "MILEAGE": 0.01779416, "Shape__Length": 37.355186347530498 }, "geometry": { "type": "LineString", "coordinates": [ [ -75.209414907022094, 39.978753179691402 ], [ -75.209707487305707, 39.978879097863398 ] ] } },
{ "type": "Feature", "properties": { "OBJECTID": 271, "TYPE": "Designated", "MATERIAL": "Asphalt", "WIDTH": 10, "LIMITS": " ", "TYPE2": "Road Crossing", "NAME": "Centennial Loop", "ENTITY_TRA": "PPR", "TYPE_3": "Trail Connection", "PAVED": "Y", "MILEAGE": 0.03027067, "Shape__Length": 63.727054799030903 }, "geometry": { "type": "LineString", "coordinates": [ [ -75.207543828784097, 39.9801209701685 ], [ -75.207417739763699, 39.979693076352802 ] ] } },
{ "type": "Feature", "properties": { "OBJECTID": 272, "TYPE": "Designated", "MATERIAL": "Asphalt", "WIDTH": 10, "LIMITS": " ", "TYPE2": "Road Crossing", "NAME": "Centennial Loop", "ENTITY_TRA": "PPR", "TYPE_3": "Trail Connection", "PAVED": "Y", "MILEAGE": 0.01853107, "Shape__Length": 38.878146860837099 }, "geometry": { "type": "LineString", "coordinates": [ [ -75.214029875743805, 39.980399586344802 ], [ -75.214365427741896, 39.9804737963658 ] ] } },
{ "type": "Feature", "properties": { "OBJECTID": 273, "TYPE": "Designated", "MATERIAL": "Concrete", "WIDTH": 25, "LIMITS": null, "TYPE2": "Bridge ", "NAME": "Manayunk Bridge Trail", "ENTITY_TRA": "PPR", "TYPE_3": "Trail", "PAVED": "Y", "MILEAGE": 0.22876149, "Shape__Length": 481.66599410604698 }, "geometry": { "type": "MultiLineString", "coordinates": [ [ [ -75.227477591974093, 40.027725512951598 ], [ -75.227326663649293, 40.027556279437803 ], [ -75.227189094091997, 40.027378041793597 ], [ -75.227091141742704, 40.0272185527513 ], [ -75.227020056503505, 40.027087069352604 ], [ -75.226942287630195, 40.026926832456702 ], [ -75.226884702940296, 40.026765846935 ], [ -75.226818887264002, 40.026492637225402 ], [ -75.226787374115503, 40.026339375653599 ], [ -75.226715807241405, 40.0259289665238 ], [ -75.226666194544507, 40.025635547468902 ] ], [ [ -75.227933930202894, 40.028129354121702 ], [ -75.227656769581898, 40.027910624151097 ], [ -75.227562117337897, 40.027820818036098 ], [ -75.227477591974093, 40.027725512951598 ] ], [ [ -75.227834585755105, 40.028199165533401 ], [ -75.227544217263798, 40.027960359366702 ], [ -75.227477591974093, 40.027725512951598 ] ] ] } },
{ "type": "Feature", "properties": { "OBJECTID": 274, "TYPE": "Designated", "MATERIAL": "Concrete", "WIDTH": 25, "LIMITS": null, "TYPE2": "Bridge ", "NAME": "Manayunk Bridge Trail", "ENTITY_TRA": "Mont Co", "TYPE_3": "Outside Philly Trail", "PAVED": "Y", "MILEAGE": 0.11049209, "Shape__Length": 232.77503759708401 }, "geometry": { "type": "LineString", "coordinates": [ [ -75.226666194544507, 40.025635547468902 ], [ -75.226648445070893, 40.025530568984003 ], [ -75.226594937447203, 40.025218295655499 ], [ -75.226551608010794, 40.024965843206203 ], [ -75.2264940729561, 40.024678511869098 ], [ -75.2264470707279, 40.0244831927861 ], [ -75.226379884547597, 40.024288621242903 ], [ -75.226291056240498, 40.024092382021102 ], [ -75.226284997839301, 40.024065196478603 ] ] } },
{ "type": "Feature", "properties": { "OBJECTID": 275, "TYPE": "Designated", "MATERIAL": "Asphalt", "WIDTH": 0, "LIMITS": " ", "TYPE2": "Asphalt Sidepath", "NAME": "58th Street Greenway", "ENTITY_TRA": "Streets", "TYPE_3": "Sidepath", "PAVED": " ", "MILEAGE": 1.41127226, "Shape__Length": 2964.0525145000502 }, "geometry": { "type": "LineString", "coordinates": [ [ -75.215946000155, 39.932761000125197 ], [ -75.217187340368696, 39.930931143776803 ], [ -75.217194049919996, 39.9309230108626 ], [ -75.217202442037802, 39.930915862061099 ], [ -75.217212275028501, 39.930909901967098 ], [ -75.217223272189003, 39.930905301065202 ], [ -75.2172351161948, 39.930902189299097 ], [ -75.217247472487699, 39.930900656587603 ], [ -75.217259987171403, 39.9309007464717 ], [ -75.217272304586302, 39.930902455601597 ], [ -75.217284073088393, 39.930905735666201 ], [ -75.217496251238202, 39.930981024781197 ], [ -75.217498886412102, 39.930982136244403 ], [ -75.217501297391095, 39.930983516660902 ], [ -75.2176067611001, 39.931053122424302 ], [ -75.217614961574, 39.931057713007398 ], [ -75.217624006905297, 39.931061239242901 ], [ -75.217633666368997, 39.931063611341699 ], [ -75.2176436929646, 39.9310647679875 ], [ -75.217653831467899, 39.931064680118297 ], [ -75.217663821972394, 39.931063350103798 ], [ -75.217673410413894, 39.931060811978 ], [ -75.217682349773796, 39.931057130564596 ], [ -75.217690414211901, 39.931052399085999 ], [ -75.220360278417701, 39.929179494510997 ], [ -75.220475181144394, 39.929090595580597 ], [ -75.220509947123304, 39.929063534148703 ], [ -75.220530769056595, 39.9290512145433 ], [ -75.220554036207105, 39.929041839277197 ], [ -75.220579052380103, 39.929035687620001 ], [ -75.22060507111, 39.929032943127801 ], [ -75.220631314569403, 39.929033688654798 ], [ -75.2206569994962, 39.929037901518797 ], [ -75.220671439531401, 39.929042379928603 ], [ -75.220676082681393, 39.9290390324093 ], [ -75.220685085971397, 39.929047239074897 ], [ -75.220703664057197, 39.929056125440702 ], [ -75.220723251347295, 39.9290695931222 ], [ -75.221943168058999, 39.930103457176003 ], [ -75.222236755213899, 39.930340197306698 ], [ -75.222387720270802, 39.930487231512799 ], [ -75.222663503065306, 39.930738439143603 ], [ -75.222989455517293, 39.9309909804333 ], [ -75.223121714538607, 39.931097999787902 ], [ -75.223348936599706, 39.9312692018147 ], [ -75.223735999955807, 39.9316069999985 ], [ -75.224593387548197, 39.932298061413299 ], [ -75.225178471206405, 39.932813273268103 ], [ -75.225573430954796, 39.933140050092199 ], [ -75.225770590289898, 39.9333054892383 ], [ -75.225831959408694, 39.933356984143103 ], [ -75.226158447906798, 39.933630941708799 ], [ -75.227021083345207, 39.934354429854302 ], [ -75.2274608091179, 39.934728312969703 ], [ -75.228388693387203, 39.935508876349601 ], [ -75.228444571271197, 39.935550245255797 ], [ -75.228496658404893, 39.935568737351602 ], [ -75.228550550183201, 39.935571491728702 ], [ -75.228600687785701, 39.9355628109751 ], [ -75.228661917159002, 39.935536944246401 ], [ -75.228789844769693, 39.935453732931798 ], [ -75.229053057933001, 39.935265840481598 ], [ -75.229425663942393, 39.935009076524501 ], [ -75.229692575852795, 39.934816884224603 ], [ -75.229755619375595, 39.934778141005999 ], [ -75.2298224736181, 39.934767996255701 ], [ -75.229883698743805, 39.934771913975297 ], [ -75.229894393849605, 39.934764404015603 ], [ -75.229917399162602, 39.934783949402501 ], [ -75.229962514959098, 39.934801751557998 ], [ -75.230008000284599, 39.934832000081798 ], [ -75.231904670644695, 39.936411962738902 ], [ -75.233658709368001, 39.9378822470538 ], [ -75.233699538329901, 39.9379072588955 ], [ -75.233734264860701, 39.937919585062197 ], [ -75.233768962678695, 39.937923329501203 ], [ -75.233811065760406, 39.937919430161202 ], [ -75.234046117202993, 39.937863549554301 ], [ -75.234064676675601, 39.937859137257 ] ] } },
{ "type": "Feature", "properties": { "OBJECTID": 276, "TYPE": "Trail", "MATERIAL": "Asphalt", "WIDTH": 5, "LIMITS": null, "TYPE2": "Asphalt Sidepath", "NAME": "Berks Street Path", "ENTITY_TRA": null, "TYPE_3": "Sidepath", "PAVED": "Y", "MILEAGE": 0.13307732, "Shape__Length": 279.55089141062803 }, "geometry": { "type": "LineString", "coordinates": [ [ -75.133513145307703, 39.978653477781499 ], [ -75.133425178781494, 39.978641313959898 ], [ -75.133507302678098, 39.9782683888645 ], [ -75.133439834345793, 39.978260891178799 ], [ -75.133378401621599, 39.978249643149802 ], [ -75.133325368373093, 39.978241869945499 ], [ -75.133314757842498, 39.978295786818599 ], [ -75.133187567447493, 39.978274833640199 ], [ -75.133054045364602, 39.978252094263198 ], [ -75.132927551302302, 39.9782131037326 ], [ -75.132796809565704, 39.978118215695801 ], [ -75.132610415297606, 39.977972821666 ], [ -75.1326354111646, 39.977822402466103 ], [ -75.132389495243601, 39.977782328262002 ], [ -75.132019830683902, 39.977742712915202 ] ] } },
{ "type": "Feature", "properties": { "OBJECTID": 277, "TYPE": "Sidepath", "MATERIAL": "Asphalt", "WIDTH": 12, "LIMITS": null, "TYPE2": "Asphalt Sidepath", "NAME": "Delaware Avenue Extension Sidepath 1A", "ENTITY_TRA": "Streets", "TYPE_3": "Sidepath", "PAVED": "Y", "MILEAGE": 0.54617415, "Shape__Length": 1147.7237479064199 }, "geometry": { "type": "LineString", "coordinates": [ [ -75.075812775369101, 39.9864814600325 ], [ -75.075393188103206, 39.986637610606898 ], [ -75.075207874218805, 39.986719711800902 ], [ -75.074911488752306, 39.986867765303799 ], [ -75.073132314553504, 39.987838956661399 ], [ -75.071154151737503, 39.988807945304799 ], [ -75.070036286699093, 39.989432508834902 ], [ -75.0697984961852, 39.989672813351298 ], [ -75.069619160219503, 39.989919499540697 ], [ -75.069274506880205, 39.9903881108078 ], [ -75.068429929283198, 39.991622752831901 ], [ -75.068467053049304, 39.991673794808897 ] ] } },
{ "type": "Feature", "properties": { "OBJECTID": 278, "TYPE": "Designated", "MATERIAL": "Gravel", "WIDTH": 1, "LIMITS": "Not Bikeable", "TYPE2": "Gravel Trail", "NAME": "Boxer's Trail", "ENTITY_TRA": "PPR", "TYPE_3": "Trail", "PAVED": "N", "MILEAGE": 0.01637262, "Shape__Length": 34.409999675785102 }, "geometry": { "type": "LineString", "coordinates": [ [ -75.2006268669506, 39.9829324578441 ], [ -75.200588225008801, 39.982955299499601 ], [ -75.200505788612801, 39.983029846430703 ], [ -75.200478158922095, 39.983069030934701 ], [ -75.200447201645702, 39.983088466268001 ], [ -75.200415009628003, 39.983098266748499 ] ] } },
{ "type": "Feature", "properties": { "OBJECTID": 279, "TYPE": "Designated", "MATERIAL": "Gravel", "WIDTH": 8, "LIMITS": " ", "TYPE2": "Dirt Trail", "NAME": "Manayunk Canal Towpath/Lock St to Shawmont", "ENTITY_TRA": "PPR", "TYPE_3": "Trail", "PAVED": "N", "MILEAGE": 0.22603421, "Shape__Length": 475.10759232364899 }, "geometry": { "type": "LineString", "coordinates": [ [ -75.220117122849402, 40.023123285797197 ], [ -75.220231077441596, 40.023177426075698 ], [ -75.220340718343905, 40.023218106715198 ], [ -75.220499710812504, 40.023270078123403 ], [ -75.220597173630196, 40.023299898136401 ], [ -75.220701543303704, 40.023343824839799 ], [ -75.220902706618602, 40.023430101042003 ], [ -75.221234384725904, 40.023551866163899 ], [ -75.221302389272196, 40.023590049548503 ], [ -75.2213686043888, 40.023609041889898 ], [ -75.221435949573106, 40.023634444442997 ], [ -75.221495580902697, 40.023667968087402 ], [ -75.2216600694411, 40.023775215207102 ], [ -75.221766526120206, 40.023845803218201 ], [ -75.221856298361004, 40.023907728338102 ], [ -75.221917560744203, 40.0239333111329 ], [ -75.222002149203902, 40.023978540964798 ], [ -75.222101039203295, 40.0240406656985 ], [ -75.222156451156195, 40.024086961441 ], [ -75.222197084626202, 40.024134616717397 ], [ -75.222253821984594, 40.024192624813097 ], [ -75.222312524868798, 40.024242386067797 ], [ -75.222470496284501, 40.024332768716597 ], [ -75.222571354368995, 40.024420275978301 ], [ -75.222659539777098, 40.0245025730921 ], [ -75.222728284596201, 40.024550004399401 ], [ -75.222831840890095, 40.024620522134398 ], [ -75.222911004338002, 40.024700069780103 ], [ -75.222981762273903, 40.024760299737501 ], [ -75.223019248305206, 40.024800665753503 ], [ -75.223107020337295, 40.024885185172501 ], [ -75.223162931220301, 40.024920854208197 ], [ -75.223242569862705, 40.024987656653302 ], [ -75.223315316991602, 40.025052394597402 ], [ -75.223371772543501, 40.025095728575302 ], [ -75.22340052221, 40.025103376264703 ], [ -75.223419290098207, 40.025096292885998 ] ] } },
{ "type": "Feature", "properties": { "OBJECTID": 280, "TYPE": "Designated", "MATERIAL": "Gravel", "WIDTH": 8, "LIMITS": " ", "TYPE2": "Dirt Trail", "NAME": "Manayunk Canal Towpath/Lock St to Shawmont", "ENTITY_TRA": "PPR", "TYPE_3": "Trail", "PAVED": "N", "MILEAGE": 0.04071177, "Shape__Length": 85.525364397074796 }, "geometry": { "type": "LineString", "coordinates": [ [ -75.225623583654993, 40.026066160185401 ], [ -75.225671682273003, 40.026088901723497 ], [ -75.225793929512704, 40.026147710014598 ], [ -75.225882927087198, 40.0261860186246 ], [ -75.225969486104105, 40.026222996856703 ], [ -75.226027403769507, 40.026246024324898 ], [ -75.226071334996504, 40.0262728961657 ], [ -75.226233235697904, 40.026335935263397 ], [ -75.226293078230299, 40.026351169835102 ] ] } },
{ "type": "Feature", "properties": { "OBJECTID": 281, "TYPE": "Designated", "MATERIAL": "Gravel", "WIDTH": 8, "LIMITS": " ", "TYPE2": "Dirt Trail", "NAME": "Manayunk Canal Towpath/Lock St to Shawmont", "ENTITY_TRA": "PPR", "TYPE_3": "Trail", "PAVED": "N", "MILEAGE": 0.2040418, "Shape__Length": 429.00785283842703 }, "geometry": { "type": "LineString", "coordinates": [ [ -75.2274587207921, 40.026873315414797 ], [ -75.227624188499107, 40.026954668788903 ], [ -75.227850592287396, 40.027058323652199 ], [ -75.228070203728294, 40.027198348935002 ], [ -75.228427699874999, 40.027445355455797 ], [ -75.228676373403403, 40.027607063064899 ], [ -75.2288036710451, 40.027686388248597 ], [ -75.228969574787897, 40.027843089471297 ], [ -75.228986195136798, 40.027860758824303 ], [ -75.229245133664506, 40.028085105985902 ], [ -75.2296331440335, 40.028381884321597 ], [ -75.2297772595048, 40.0284775205469 ], [ -75.229869156110198, 40.028523938151103 ], [ -75.229979210397502, 40.028579527093598 ], [ -75.230163076749406, 40.028718235830802 ], [ -75.230247835464198, 40.028785037379002 ], [ -75.230304678205997, 40.0288404928463 ] ] } },
{ "type": "Feature", "properties": { "OBJECTID": 282, "TYPE": "Designated", "MATERIAL": "Gravel", "WIDTH": 8, "LIMITS": " ", "TYPE2": "Dirt Trail", "NAME": "Manayunk Canal Towpath/Lock St to Shawmont", "ENTITY_TRA": "PPR", "TYPE_3": "Trail", "PAVED": "N", "MILEAGE": 0.14142174, "Shape__Length": 297.51700202497801 }, "geometry": { "type": "LineString", "coordinates": [ [ -75.230928758685707, 40.029281474488499 ], [ -75.230986714136606, 40.029329301857601 ], [ -75.231071410187795, 40.029394296695799 ], [ -75.231164798799995, 40.029470961681703 ], [ -75.231257430625504, 40.0295456962778 ], [ -75.231438167422994, 40.0296784849643 ], [ -75.231528265127807, 40.029754439563902 ], [ -75.231647093547394, 40.029860998363098 ], [ -75.231877797956798, 40.030055787378203 ], [ -75.231980757448696, 40.030142865262697 ], [ -75.232231467674296, 40.030388792870703 ], [ -75.232345253687598, 40.030497154065003 ], [ -75.232489974601194, 40.030666140863097 ], [ -75.232622960976698, 40.0308160566033 ], [ -75.232635089282397, 40.030846934605997 ] ] } },
{ "type": "Feature", "properties": { "OBJECTID": 283, "TYPE": "Designated", "MATERIAL": "Gravel", "WIDTH": 8, "LIMITS": " ", "TYPE2": "Dirt Trail", "NAME": "Manayunk Canal Towpath/Lock St to Shawmont", "ENTITY_TRA": "PPR", "TYPE_3": "Trail", "PAVED": "N", "MILEAGE": 0.0652791, "Shape__Length": 137.34141814922901 }, "geometry": { "type": "LineString", "coordinates": [ [ -75.232710363249893, 40.0309200125782 ], [ -75.232767402498595, 40.030974726824503 ], [ -75.232895539090805, 40.031098849496203 ], [ -75.232982787161404, 40.031172188805101 ], [ -75.233031337767898, 40.031215203078098 ], [ -75.233221583206998, 40.0313746989832 ], [ -75.233264575929496, 40.031408521055702 ], [ -75.233270893229005, 40.031437003843401 ], [ -75.233319826478194, 40.031509503274698 ], [ -75.233377979853202, 40.0315720018652 ], [ -75.233455206627994, 40.031637185250403 ], [ -75.233478324016502, 40.031650163334703 ] ] } },
{ "type": "Feature", "properties": { "OBJECTID": 284, "TYPE": "Designated", "MATERIAL": "Gravel", "WIDTH": 8, "LIMITS": " ", "TYPE2": "Dirt Trail", "NAME": "Manayunk Canal Towpath/Lock St to Shawmont", "ENTITY_TRA": "PPR", "TYPE_3": "Trail", "PAVED": "N", "MILEAGE": 0.17080569, "Shape__Length": 359.32450084591301 }, "geometry": { "type": "LineString", "coordinates": [ [ -75.233843007462994, 40.031719376815602 ], [ -75.233883346993693, 40.031745203667803 ], [ -75.233949456636196, 40.031792003455898 ], [ -75.234044411431498, 40.031856441344502 ], [ -75.234179538207499, 40.031951236922197 ], [ -75.234389534871497, 40.032095290634601 ], [ -75.234522768243295, 40.0322013824129 ], [ -75.234565304038597, 40.032237602318702 ], [ -75.234623544676694, 40.032307755184398 ], [ -75.234770157318394, 40.032500589960399 ], [ -75.2348999052018, 40.032670945749999 ], [ -75.234997658795905, 40.032809139910903 ], [ -75.235096421516999, 40.0329201442865 ], [ -75.235176803872207, 40.033019692733802 ], [ -75.235270036850494, 40.033100814269702 ], [ -75.235381745182906, 40.033190844700002 ], [ -75.235559114429506, 40.033329929988902 ], [ -75.235722426335101, 40.033430442996803 ], [ -75.235908796679496, 40.033559521016301 ], [ -75.235928124630803, 40.033575250156197 ] ] } },
{ "type": "Feature", "properties": { "OBJECTID": 285, "TYPE": "Designated", "MATERIAL": "Gravel", "WIDTH": 8, "LIMITS": " ", "TYPE2": "Gravel Trail", "NAME": "Pennypack Park Trail", "ENTITY_TRA": "PPR", "TYPE_3": "Trail", "PAVED": "Y", "MILEAGE": 0.27380365, "Shape__Length": 575.78162433494902 }, "geometry": { "type": "LineString", "coordinates": [ [ -75.009071281352803, 40.028943224914002 ], [ -75.008997828664107, 40.028934069551703 ], [ -75.008935450620797, 40.028928879138299 ], [ -75.008875732299998, 40.028937323968798 ], [ -75.008825284055604, 40.028954624915897 ], [ -75.0086803858091, 40.0290286692221 ], [ -75.008432384418597, 40.029146337753403 ], [ -75.008314689013602, 40.0292137414297 ], [ -75.008167297854499, 40.029316533453198 ], [ -75.008017396260101, 40.029412083893199 ], [ -75.007806296391195, 40.029522655093103 ], [ -75.007630770584399, 40.029598723146698 ], [ -75.007533737461102, 40.029654689400402 ], [ -75.007480829051801, 40.0296952270905 ], [ -75.007405524911206, 40.029790170384501 ], [ -75.007355644666902, 40.029832691491102 ], [ -75.007239878864695, 40.029890837633502 ], [ -75.0071815329554, 40.029912136501999 ], [ -75.0071189168453, 40.029923779388803 ], [ -75.007049659225103, 40.029946011484299 ], [ -75.006871815524207, 40.030040894011499 ], [ -75.006402600703495, 40.030317997440903 ], [ -75.006162436939405, 40.030455579981499 ], [ -75.006073200290203, 40.0305107762048 ], [ -75.006008026564302, 40.030585656145497 ], [ -75.005974909516695, 40.030636221829901 ], [ -75.005961362417096, 40.030702302853797 ], [ -75.005954823743096, 40.030748725252799 ], [ -75.005961088503597, 40.030785899606599 ], [ -75.005982490379793, 40.030832990508401 ], [ -75.006000455326998, 40.030883826098801 ], [ -75.0060229111822, 40.030909199532999 ], [ -75.006097818060198, 40.030977871543698 ], [ -75.006137988832407, 40.031021827319996 ], [ -75.006165550293602, 40.0310702592556 ], [ -75.006176713602997, 40.0311015783861 ], [ -75.006191544847198, 40.031154026761399 ], [ -75.006223950823696, 40.031201359791197 ], [ -75.006274320384094, 40.031300498761503 ], [ -75.006294516690303, 40.031377418401199 ], [ -75.006308117132804, 40.031463735324898 ], [ -75.00633382494, 40.031550341493997 ] ] } },
{ "type": "Feature", "properties": { "OBJECTID": 286, "TYPE": "Designated", "MATERIAL": "Gravel", "WIDTH": 10, "LIMITS": " ", "TYPE2": "Dirt Trail", "NAME": "Cobb's Creek Trail", "ENTITY_TRA": "PPR", "TYPE_3": "Trail", "PAVED": "Y", "MILEAGE": 0.39586213, "Shape__Length": 832.62624472295499 }, "geometry": { "type": "LineString", "coordinates": [ [ -75.249458074482106, 39.957488158993698 ], [ -75.249416520577896, 39.957382326550999 ], [ -75.249321372058404, 39.957250842359002 ], [ -75.249242072790295, 39.957182659423502 ], [ -75.249088313443906, 39.957161820358898 ], [ -75.248997746029204, 39.957152850730601 ], [ -75.248939352875297, 39.957134089504201 ], [ -75.248899253768698, 39.957112230327198 ], [ -75.248752608014499, 39.957021593817799 ], [ -75.248717822072805, 39.956977472489299 ], [ -75.248687459387497, 39.956923460999498 ], [ -75.248686546470196, 39.956848686737899 ], [ -75.248692723255303, 39.956796443173602 ], [ -75.248724416609605, 39.9565472631229 ], [ -75.248753648163301, 39.956244034780397 ], [ -75.248770741255896, 39.956167712357498 ], [ -75.248800567093497, 39.9560404227459 ], [ -75.248851326044004, 39.955858273140201 ], [ -75.248871157911793, 39.955653128102 ], [ -75.248894568886001, 39.955556844089401 ], [ -75.248940385275503, 39.955451190789802 ], [ -75.248992495179195, 39.955320006334098 ], [ -75.249142635040897, 39.9550673627012 ], [ -75.249253932398702, 39.954850713727502 ], [ -75.249329629525604, 39.954680304182901 ], [ -75.249485858016897, 39.954416750326097 ], [ -75.249567061806701, 39.954279760407701 ], [ -75.249616980645996, 39.9542060544413 ], [ -75.249798733973904, 39.953990658596297 ], [ -75.249918845792806, 39.953864996738403 ], [ -75.250056814594203, 39.953739358099398 ], [ -75.250123164617307, 39.953683445075399 ], [ -75.2502061366866, 39.953596373949402 ], [ -75.250268063934101, 39.9535073845962 ], [ -75.250389629367405, 39.953309670170597 ], [ -75.250443033615198, 39.953224140434003 ], [ -75.250549830951798, 39.953014068643697 ], [ -75.250586018526505, 39.952870480491697 ], [ -75.250607106150795, 39.952728132870298 ], [ -75.250582250440402, 39.952407590870997 ] ] } },
{ "type": "Feature", "properties": { "OBJECTID": 287, "TYPE": "Designated", "MATERIAL": "Gravel", "WIDTH": 10, "LIMITS": "Not Bikeable", "TYPE2": "Gravel Trail", "NAME": "Boxer's Trail", "ENTITY_TRA": "PPR", "TYPE_3": "Trail", "PAVED": "N", "MILEAGE": 0.38889362, "Shape__Length": 817.43846949399494 }, "geometry": { "type": "LineString", "coordinates": [ [ -75.197689114793903, 39.981783207872603 ], [ -75.197781190361695, 39.981780485614998 ], [ -75.197859702501503, 39.9817734458803 ], [ -75.197949357060494, 39.981760376561901 ], [ -75.197998305313405, 39.9817503348972 ], [ -75.198037345069196, 39.981728943662397 ], [ -75.198146535582296, 39.981640345720798 ], [ -75.198217592408298, 39.9816073450855 ], [ -75.198297527022305, 39.981570168317297 ], [ -75.198357951717398, 39.981557202023303 ], [ -75.198452718332803, 39.981542167359898 ], [ -75.198490537709006, 39.981541219688502 ], [ -75.198561354550307, 39.981559339263001 ], [ -75.198609918204497, 39.9815818835649 ], [ -75.198652024023801, 39.981606072776998 ], [ -75.198791032987401, 39.981702153068603 ], [ -75.198821482947807, 39.981737284406201 ], [ -75.198899293800096, 39.981816823096999 ], [ -75.198949922044505, 39.981861771588697 ], [ -75.198967585004993, 39.9818867589482 ], [ -75.1989828243223, 39.9819143756256 ], [ -75.199003592110003, 39.9819340656055 ], [ -75.199093033204306, 39.981982559944001 ], [ -75.199197442374796, 39.982034963884303 ], [ -75.199395441407503, 39.982133718632703 ], [ -75.199485783469598, 39.982173736197701 ], [ -75.199533632002598, 39.982199842090601 ], [ -75.199636304947703, 39.982257577923598 ], [ -75.199783205128696, 39.982349378643299 ], [ -75.200174860245397, 39.982591138460499 ], [ -75.200339260265395, 39.982727522426103 ], [ -75.200472675278505, 39.982827970511202 ], [ -75.200505906647805, 39.982856344353898 ], [ -75.200560186143306, 39.982896991617203 ], [ -75.2006268669506, 39.9829324578441 ], [ -75.200807684595404, 39.9830244781107 ], [ -75.200827560632206, 39.9830369939557 ], [ -75.2008439013143, 39.983050771966802 ], [ -75.200894089248393, 39.983122987688098 ], [ -75.2009136619738, 39.983190051714402 ], [ -75.200914695065606, 39.983299334094703 ], [ -75.200955743406595, 39.983403394621099 ], [ -75.200987215843995, 39.983494124721702 ], [ -75.201025071732701, 39.983559358498503 ], [ -75.201091737482301, 39.983621058652602 ], [ -75.201187348460806, 39.9836756511502 ], [ -75.201321047222095, 39.983768651368898 ], [ -75.201362996035201, 39.983786754266099 ], [ -75.201468042583699, 39.983817109997098 ], [ -75.201556931420498, 39.983873222464702 ], [ -75.201577475670206, 39.983904086647897 ], [ -75.201583833534102, 39.983941194234902 ], [ -75.201606817911198, 39.9840722790643 ], [ -75.201643855257004, 39.984138687370098 ], [ -75.201678160190596, 39.984174626993003 ], [ -75.201733888961897, 39.984197328999699 ], [ -75.201786476476897, 39.984221153262403 ], [ -75.201816491915693, 39.984247457767502 ], [ -75.201867090163304, 39.984324303379701 ], [ -75.201954576314407, 39.9844508582323 ], [ -75.201993834276394, 39.984550688913899 ], [ -75.202003706681495, 39.984678914678497 ], [ -75.201975878464907, 39.984833599381702 ], [ -75.201950119902307, 39.984965740948901 ], [ -75.201885854057394, 39.9850806491337 ], [ -75.201820739009307, 39.9851855625122 ], [ -75.201790220397299, 39.985248888674299 ] ] } },
{ "type": "Feature", "properties": { "OBJECTID": 288, "TYPE": "Designated", "MATERIAL": "Gravel", "WIDTH": 10, "LIMITS": "Not Bikeable", "TYPE2": "Gravel Trail", "NAME": "Boxer's Trail", "ENTITY_TRA": "PPR", "TYPE_3": "Trail", "PAVED": "N", "MILEAGE": 0.02577211, "Shape__Length": 54.164654047575098 }, "geometry": { "type": "LineString", "coordinates": [ [ -75.201790220397299, 39.985248888674299 ], [ -75.201713282337494, 39.985212354809597 ], [ -75.201640541462695, 39.985161795345498 ], [ -75.201573736761603, 39.985116074489497 ], [ -75.201525234455005, 39.985071701545699 ], [ -75.201451319568505, 39.984987231810102 ] ] } },
{ "type": "Feature", "properties": { "OBJECTID": 289, "TYPE": "Designated", "MATERIAL": "Gravel", "WIDTH": 10, "LIMITS": "Not Bikeable", "TYPE2": "Gravel Trail", "NAME": "Boxer's Trail", "ENTITY_TRA": "PPR", "TYPE_3": "Trail", "PAVED": "N", "MILEAGE": 0.11558954, "Shape__Length": 242.91658889283099 }, "geometry": { "type": "LineString", "coordinates": [ [ -75.201790220397299, 39.985248888674299 ], [ -75.201792288233094, 39.985324232423103 ], [ -75.201754654842105, 39.985414130709302 ], [ -75.201685260494799, 39.985470005548599 ], [ -75.201586608903, 39.9854904041946 ], [ -75.201489284939797, 39.985508008489099 ], [ -75.201419797818303, 39.985533761435597 ], [ -75.201299736609897, 39.985635571318099 ], [ -75.201168238231503, 39.985774776466002 ], [ -75.201052471884694, 39.985879506135298 ], [ -75.200996984798394, 39.985923451997898 ], [ -75.200776600225197, 39.986024916320503 ], [ -75.200683013946104, 39.986088173985998 ], [ -75.200583403964401, 39.986184398887701 ], [ -75.200460764367406, 39.986278384010198 ], [ -75.200296813584501, 39.986369590707703 ] ] } },
{ "type": "Feature", "properties": { "OBJECTID": 290, "TYPE": "Designated", "MATERIAL": "Gravel", "WIDTH": 10, "LIMITS": "Not Bikeable", "TYPE2": "Gravel Trail", "NAME": "Boxer's Trail", "ENTITY_TRA": "PPR", "TYPE_3": "Trail", "PAVED": "N", "MILEAGE": 0.02689191, "Shape__Length": 56.569611696115899 }, "geometry": { "type": "LineString", "coordinates": [ [ -75.200097298139298, 39.986044821309399 ], [ -75.200170340296495, 39.986082235579097 ], [ -75.200227312831501, 39.986113924614997 ], [ -75.200280617342102, 39.986181323649802 ], [ -75.200296528599694, 39.986253261053299 ], [ -75.200296813584501, 39.986369590707703 ] ] } },
{ "type": "Feature", "properties": { "OBJECTID": 291, "TYPE": "Designated", "MATERIAL": "Gravel", "WIDTH": 10, "LIMITS": "Not Bikeable", "TYPE2": "Gravel Trail", "NAME": "Boxer's Trail", "ENTITY_TRA": "PPR", "TYPE_3": "Trail", "PAVED": "N", "MILEAGE": 0.41338528, "Shape__Length": 868.66784050240005 }, "geometry": { "type": "LineString", "coordinates": [ [ -75.200296813584501, 39.986369590707703 ], [ -75.200159213199697, 39.986502542295 ], [ -75.200026890142993, 39.986621114710097 ], [ -75.1999050124208, 39.986722842316198 ], [ -75.199675249312804, 39.986907310354802 ], [ -75.199399971456003, 39.987124821795099 ], [ -75.199346360640206, 39.987189580370703 ], [ -75.199231827016206, 39.987265777453104 ], [ -75.199113490066097, 39.9873812602169 ], [ -75.198955768928101, 39.987492288710399 ], [ -75.198732336713903, 39.987651459406898 ], [ -75.198609771806005, 39.987722613751501 ], [ -75.198395170890393, 39.987861368741697 ], [ -75.197977408782705, 39.988175172152701 ], [ -75.197903267453995, 39.988241472038297 ], [ -75.197843880368097, 39.988333014556602 ], [ -75.197736105119802, 39.988510757858101 ], [ -75.197642824645598, 39.9886423161972 ], [ -75.197577255465703, 39.988739379432303 ], [ -75.197540160497198, 39.988783961580801 ], [ -75.197500714161393, 39.988812598590101 ], [ -75.197284483540599, 39.9889997588512 ], [ -75.197218355801397, 39.989061707198502 ], [ -75.197126609311596, 39.989148049867602 ], [ -75.197054540664197, 39.9892181480338 ], [ -75.196894621196904, 39.989389406749403 ], [ -75.196815640747005, 39.989448949821103 ], [ -75.196740102205396, 39.989507885543802 ], [ -75.196695471393099, 39.989539306399799 ], [ -75.196634901984595, 39.9895560791145 ], [ -75.196582370511095, 39.989560949928197 ], [ -75.196554271694396, 39.989570391763003 ], [ -75.196527518122906, 39.989592747901803 ], [ -75.196479629541599, 39.989641209906502 ], [ -75.196431609849796, 39.989665307579898 ], [ -75.196368503870502, 39.989672963209998 ], [ -75.196121251155802, 39.989670482162097 ], [ -75.196006884169293, 39.989684043769699 ], [ -75.195879750656502, 39.989731109803301 ], [ -75.195788328797207, 39.989704950060599 ], [ -75.195692396842304, 39.989680669385301 ], [ -75.195597357309197, 39.989667480953003 ], [ -75.195526082473506, 39.989648781898502 ], [ -75.195404242369605, 39.989582651083197 ], [ -75.195328844563804, 39.989510080883001 ], [ -75.195250069999702, 39.9894715088205 ], [ -75.195161590327402, 39.989443970640899 ], [ -75.195013750210194, 39.989421955976198 ], [ -75.194880017811897, 39.989414549641999 ], [ -75.194790587685603, 39.989391419360103 ], [ -75.194729109161798, 39.989355824171298 ], [ -75.194687946869493, 39.989336788542303 ], [ -75.194645515156495, 39.989316717311198 ] ] } },
{ "type": "Feature", "properties": { "OBJECTID": 292, "TYPE": "Designated", "MATERIAL": "Gravel", "WIDTH": 10, "LIMITS": "Not Bikeable", "TYPE2": "Gravel Trail", "NAME": "Boxer's Trail", "ENTITY_TRA": "PPR", "TYPE_3": "Trail", "PAVED": "N", "MILEAGE": 0.09480451, "Shape__Length": 199.11458509529999 }, "geometry": { "type": "LineString", "coordinates": [ [ -75.194645515156495, 39.989316717311198 ], [ -75.194705681866097, 39.989282824761702 ], [ -75.194775572835795, 39.989253392406802 ], [ -75.194866146218104, 39.989236917392702 ], [ -75.195096567238593, 39.989208669813003 ], [ -75.195319887302006, 39.989177027310802 ], [ -75.195493031865198, 39.989142709838802 ], [ -75.195640152377806, 39.989107328210203 ], [ -75.195683928302003, 39.989095122511102 ], [ -75.195721805515404, 39.989080760964399 ], [ -75.195751943325106, 39.989063322330601 ], [ -75.195813687827794, 39.989002874740201 ], [ -75.195877582026498, 39.988904639009696 ], [ -75.195938161032302, 39.988821604231703 ], [ -75.195951369381405, 39.988786810270597 ], [ -75.195949166428605, 39.988741141513799 ], [ -75.195928335998801, 39.988703432201099 ], [ -75.195854456390094, 39.988660083307899 ] ] } },
{ "type": "Feature", "properties": { "OBJECTID": 293, "TYPE": "Designated", "MATERIAL": "Gravel", "WIDTH": 10, "LIMITS": "Not Bikeable", "TYPE2": "Gravel Trail", "NAME": "Boxer's Trail", "ENTITY_TRA": "PPR", "TYPE_3": "Trail", "PAVED": "N", "MILEAGE": 0.13339555, "Shape__Length": 279.91284358840602 }, "geometry": { "type": "LineString", "coordinates": [ [ -75.194645515156495, 39.989316717311198 ], [ -75.194592206263593, 39.989307477264397 ], [ -75.194517721924299, 39.989303517757399 ], [ -75.194432639533801, 39.989304931899802 ], [ -75.194178574435995, 39.989291117069897 ], [ -75.194002393265606, 39.989272198364802 ], [ -75.193923823211705, 39.989273468830703 ], [ -75.193815350600602, 39.989304272335197 ], [ -75.193763937108997, 39.989314200681797 ], [ -75.193734013261505, 39.989309507641401 ], [ -75.193687658730497, 39.989289348683002 ], [ -75.193615076331795, 39.989270619299603 ], [ -75.193459846082803, 39.989221867329398 ], [ -75.193306166885193, 39.989185219580797 ], [ -75.193200932717502, 39.989164756177999 ], [ -75.193070210036495, 39.989160837689603 ], [ -75.192988836119, 39.989167078075198 ], [ -75.192879338150703, 39.989155578109497 ], [ -75.192804551537506, 39.989172063607903 ], [ -75.192727380768503, 39.9891803787675 ], [ -75.192635184380606, 39.989161211750499 ], [ -75.192530313342502, 39.989139509725803 ], [ -75.192390585315806, 39.989088315790603 ], [ -75.192338584219698, 39.989079103828303 ], [ -75.192296418509102, 39.989051991761897 ], [ -75.192277990879404, 39.989031180516697 ], [ -75.192254190006096, 39.989003471252602 ] ] } },
{ "type": "Feature", "properties": { "OBJECTID": 294, "TYPE": "Designated", "MATERIAL": "Gravel", "WIDTH": 20, "LIMITS": " ", "TYPE2": "Bridge", "NAME": "Forbidden Drive", "ENTITY_TRA": "PPR", "TYPE_3": "Trail", "PAVED": "N", "MILEAGE": 0.02871416, "Shape__Length": 60.271909928662502 }, "geometry": { "type": "LineString", "coordinates": [ [ -75.198057481415006, 40.028140449792801 ], [ -75.197522504483103, 40.028076622462898 ] ] } },
{ "type": "Feature", "properties": { "OBJECTID": 295, "TYPE": "Designated", "MATERIAL": "Gravel", "WIDTH": 20, "LIMITS": " ", "TYPE2": "Gravel Trail", "NAME": "Forbidden Drive", "ENTITY_TRA": "PPR", "TYPE_3": "Trail", "PAVED": "N", "MILEAGE": 0.25816533, "Shape__Length": 542.13014466845596 }, "geometry": { "type": "LineString", "coordinates": [ [ -75.193006603566602, 40.027842138411501 ], [ -75.193074769384495, 40.027888443286997 ], [ -75.1931545962847, 40.027942668989098 ], [ -75.193338415390102, 40.028032328021403 ], [ -75.1934932198712, 40.028086335907098 ], [ -75.193659746662703, 40.028097822075097 ], [ -75.193863560646605, 40.028059575314799 ], [ -75.194139463836393, 40.027987927623997 ], [ -75.194390382033205, 40.027907944918603 ], [ -75.194610678111701, 40.027835058683102 ], [ -75.194789655011604, 40.027784589639403 ], [ -75.194876029873299, 40.0277748433939 ], [ -75.195075852212497, 40.027775399387501 ], [ -75.195505389320402, 40.027788844154699 ], [ -75.195681842367406, 40.0277819334353 ], [ -75.195695393390807, 40.027781402304903 ], [ -75.195860269003802, 40.027769511644998 ], [ -75.196176169900397, 40.027710416695399 ], [ -75.196410604914206, 40.027665068032 ], [ -75.196627974032296, 40.0276699011281 ], [ -75.196796441545402, 40.027696982650902 ], [ -75.197005685631595, 40.027783312235897 ], [ -75.197065031422298, 40.027819635508301 ], [ -75.197183721989106, 40.027892282835303 ], [ -75.197263284563306, 40.027948853156602 ], [ -75.197456587463606, 40.028055111855501 ], [ -75.197522504483103, 40.028076622462898 ] ] } },
{ "type": "Feature", "properties": { "OBJECTID": 296, "TYPE": null, "MATERIAL": null, "WIDTH": null, "LIMITS": null, "TYPE2": null, "NAME": "Poquessing Creek Trail", "ENTITY_TRA": null, "TYPE_3": null, "PAVED": null, "MILEAGE": 1.50717013, "Shape__Length": 3175.1448865308598 }, "geometry": { "type": "LineString", "coordinates": [ [ -74.9638512597149, 40.117498097451197 ], [ -74.964199419804302, 40.117276843275199 ], [ -74.964558701584593, 40.117270234979003 ], [ -74.965012579618303, 40.117388416395997 ], [ -74.965918628419601, 40.117523903479402 ], [ -74.965761491905894, 40.116150919783799 ], [ -74.965304783123798, 40.113674531414397 ], [ -74.9653424907833, 40.112756688003003 ], [ -74.965227093703106, 40.111682011137098 ], [ -74.965146330485595, 40.111220677103198 ], [ -74.965183222942599, 40.110808130220398 ], [ -74.965441782671405, 40.110339701598697 ], [ -74.965686515177595, 40.110207814874499 ], [ -74.9661646701731, 40.110219392966101 ], [ -74.966593733679005, 40.109969466625103 ], [ -74.967349725908903, 40.109528386932297 ], [ -74.968063350946395, 40.109147528570702 ], [ -74.968385254096106, 40.109078753781901 ], [ -74.968644877974896, 40.109069721802101 ], [ -74.969096826670295, 40.109233780023402 ], [ -74.970003545450496, 40.108520703356398 ], [ -74.970132491686101, 40.1082941320374 ], [ -74.970746475639402, 40.107910848491798 ], [ -74.971175508822697, 40.107660905046799 ], [ -74.971405441256394, 40.107615844537101 ], [ -74.971763567795705, 40.107423794702498 ], [ -74.971803412785803, 40.107344474924602 ], [ -74.971807357152201, 40.107248232380996 ], [ -74.971933190808798, 40.1072392301582 ], [ -74.972091144114003, 40.107339385402298 ], [ -74.9722164849059, 40.107342413751297 ], [ -74.972311803909605, 40.107312603441301 ], [ -74.972419541179093, 40.107234924596597 ], [ -74.972422041150807, 40.107046322685498 ], [ -74.972357305753505, 40.106840039373502 ], [ -74.972220772569699, 40.106599909043297 ], [ -74.972057141091796, 40.106383208463299 ], [ -74.971950135677105, 40.106187945421297 ], [ -74.971885694891895, 40.106102092348202 ], [ -74.971733296074603, 40.105994043331201 ], [ -74.971551168720595, 40.105973585905701 ], [ -74.971140368587001, 40.106047953493899 ], [ -74.970755099975406, 40.105882090724897 ], [ -74.970560556123203, 40.105909500967897 ], [ -74.970486619739603, 40.105927783945198 ], [ -74.970403061395899, 40.105925763813502 ], [ -74.970342037841704, 40.105884147578401 ], [ -74.9703650647416, 40.105832520627203 ], [ -74.970425306369194, 40.105765737232197 ], [ -74.970475595936804, 40.105686671305499 ], [ -74.970478884442798, 40.105606468164503 ], [ -74.970419873342905, 40.1053882800555 ], [ -74.970379612922798, 40.105222728920303 ], [ -74.970261348038093, 40.105047263246803 ], [ -74.970093451012502, 40.104934822940301 ], [ -74.969950514876999, 40.104851084032603 ], [ -74.969813623886196, 40.104747421582701 ], [ -74.969742648956, 40.104693521538799 ], [ -74.969673648911098, 40.104591500685203 ], [ -74.969626524750893, 40.104465924119197 ], [ -74.969578125665095, 40.104243977842501 ], [ -74.969507892134104, 40.103917136973003 ], [ -74.969499626259704, 40.1037363021521 ], [ -74.969455957117404, 40.103526512092998 ], [ -74.969374047515004, 40.102974599507498 ], [ -74.969325979303605, 40.102744632519702 ], [ -74.969249826958105, 40.102562155644499 ] ] } },
{ "type": "Feature", "properties": { "OBJECTID": 297, "TYPE": "Designated", "MATERIAL": "Asphalt", "WIDTH": null, "LIMITS": null, "TYPE2": "Asphalt Trail", "NAME": "South to Christian Connector", "ENTITY_TRA": "PPR", "TYPE_3": "Trail", "PAVED": "Y", "MILEAGE": 0.2707773, "Shape__Length": 568.79650015299501 }, "geometry": { "type": "LineString", "coordinates": [ [ -75.186364323724106, 39.946523645112499 ], [ -75.186852167263098, 39.9460887636697 ], [ -75.1898909111937, 39.943690207925897 ] ] } },
{ "type": "Feature", "properties": { "OBJECTID": 298, "TYPE": "Designated", "MATERIAL": "Asphalt", "WIDTH": null, "LIMITS": null, "TYPE2": "Asphalt Trail", "NAME": "Kensington & Tacony Trail 1", "ENTITY_TRA": "PPR", "TYPE_3": "Trail", "PAVED": "Y", "MILEAGE": 1.12153507, "Shape__Length": 2357.5416978364501 }, "geometry": { "type": "LineString", "coordinates": [ [ -75.058058759885597, 40.0057039605773 ], [ -75.056042051080894, 40.008214906381497 ], [ -75.054894523785194, 40.009423739567801 ], [ -75.052576572917602, 40.010995311983798 ], [ -75.050985988527401, 40.011998578071498 ], [ -75.049419216553702, 40.013110784077902 ], [ -75.048142710445703, 40.0140129982071 ], [ -75.045986004255198, 40.015067915464499 ], [ -75.043749039198204, 40.016012500231597 ], [ -75.042614489017097, 40.016386507243602 ] ] } },
{ "type": "Feature", "properties": { "OBJECTID": 299, "TYPE": "Designated", "MATERIAL": "Asphalt", "WIDTH": null, "LIMITS": null, "TYPE2": "Asphalt Trail", "NAME": "Bartram's Mile", "ENTITY_TRA": "PPR", "TYPE_3": "Trail", "PAVED": "Y", "MILEAGE": 0.88264212, "Shape__Length": 1855.31526500167 }, "geometry": { "type": "MultiLineString", "coordinates": [ [ [ -75.212454539052999, 39.928079526936202 ], [ -75.2121070078705, 39.928678439771097 ], [ -75.214358036384695, 39.929543895948903 ], [ -75.211865004335607, 39.933228846650003 ] ], [ [ -75.206094478757805, 39.940700471465597 ], [ -75.206156283976995, 39.939375999345799 ], [ -75.206191776451007, 39.937380028876298 ], [ -75.206640513652204, 39.937317119387203 ], [ -75.207549440293803, 39.935989807336099 ], [ -75.206971625472406, 39.935239383453599 ] ] ] } },
{ "type": "Feature", "properties": { "OBJECTID": 300, "TYPE": "Designated", "MATERIAL": null, "WIDTH": null, "LIMITS": null, "TYPE2": "Bridge", "NAME": "CHOP Connector Bridge", "ENTITY_TRA": "CHOP", "TYPE_3": "Trail Connection", "PAVED": "Y", "MILEAGE": 0.01890621, "Shape__Length": 39.725595320731202 }, "geometry": { "type": "LineString", "coordinates": [ [ -75.186852167263098, 39.9460887636697 ], [ -75.186623855112302, 39.945878495427898 ] ] } },
{ "type": "Feature", "properties": { "OBJECTID": 301, "TYPE": "Designated", "MATERIAL": "Concrete", "WIDTH": null, "LIMITS": null, "TYPE2": "Sidewalk", "NAME": "Race Street North Sidepath", "ENTITY_TRA": "DRWC", "TYPE_3": "Trail Connection", "PAVED": "Y", "MILEAGE": 0.15475214, "Shape__Length": 324.51418829035401 }, "geometry": { "type": "LineString", "coordinates": [ [ -75.142822459688404, 39.953858932188801 ], [ -75.142482204288001, 39.953866009683203 ], [ -75.142217724086294, 39.953904428971498 ], [ -75.142168343543602, 39.953853938477799 ], [ -75.142150441595106, 39.9538189736814 ], [ -75.141784738288095, 39.953820532989397 ], [ -75.141450703870106, 39.953832684669102 ], [ -75.141085759214604, 39.953814512176798 ], [ -75.140592440705305, 39.9537983552352 ], [ -75.140007155068304, 39.953671494415701 ], [ -75.1400073445391, 39.953666562018199 ] ] } },
{ "type": "Feature", "properties": { "OBJECTID": 302, "TYPE": "Sidepath", "MATERIAL": "Asphalt", "WIDTH": 10, "LIMITS": null, "TYPE2": null, "NAME": "Frankford Creek Greenway 1", "ENTITY_TRA": null, "TYPE_3": null, "PAVED": "Y", "MILEAGE": 1.22653706, "Shape__Length": 2579.47612004033 }, "geometry": { "type": "LineString", "coordinates": [ [ -75.089336844416806, 39.997244646289801 ], [ -75.085039744233697, 39.991423353073102 ], [ -75.081625199530805, 39.993132028195497 ], [ -75.080319774990699, 39.991647428321002 ], [ -75.075808945327395, 39.986559834461701 ] ] } },
{ "type": "Feature", "properties": { "OBJECTID": 303, "TYPE": "Trail", "MATERIAL": "Asphalt", "WIDTH": 10, "LIMITS": null, "TYPE2": null, "NAME": "Tacony Creek Trail B", "ENTITY_TRA": "PPR", "TYPE_3": "Trail", "PAVED": "Y", "MILEAGE": 0.26526598, "Shape__Length": 558.38082687006795 }, "geometry": { "type": "LineString", "coordinates": [ [ -75.113178350884695, 40.028571643833097 ], [ -75.113042701415793, 40.028498303861902 ], [ -75.112975207586999, 40.028415201901602 ], [ -75.112905208518697, 40.028320715528302 ], [ -75.112846812952, 40.028155135825799 ], [ -75.112852881051793, 40.027998967268204 ], [ -75.112906847067407, 40.027823508298198 ], [ -75.113009806478999, 40.027676360172102 ], [ -75.113042588002003, 40.027530256804603 ], [ -75.112926210811295, 40.026792884109099 ], [ -75.112912016798603, 40.026704546501399 ], [ -75.112951039121299, 40.026610298358001 ], [ -75.113028685802206, 40.026507874559897 ], [ -75.113110197486293, 40.026457643295501 ], [ -75.113187932813005, 40.026352957146798 ], [ -75.113229810488605, 40.026261039670601 ], [ -75.113232230302998, 40.026122908841799 ], [ -75.113184513201702, 40.0259858929114 ], [ -75.113083933637398, 40.025920152766503 ], [ -75.112873808232195, 40.025867756003898 ], [ -75.112659685150405, 40.0258424502045 ], [ -75.112384880642395, 40.025710412687701 ], [ -75.112250604045201, 40.025526099883002 ], [ -75.112176921549505, 40.025374895025202 ] ] } },
{ "type": "Feature", "properties": { "OBJECTID": 304, "TYPE": "Trail", "MATERIAL": "Gravel", "WIDTH": 8, "LIMITS": null, "TYPE2": "Dirt Trail", "NAME": "Schuylkill Center SRT Connector", "ENTITY_TRA": "PPR", "TYPE_3": "Trail", "PAVED": "N", "MILEAGE": 0.46999842, "Shape__Length": 988.91036147803504 }, "geometry": { "type": "LineString", "coordinates": [ [ -75.257068138565103, 40.050002588781702 ], [ -75.256817732800997, 40.050214678869999 ], [ -75.256648702040295, 40.050412997981702 ], [ -75.257197239782499, 40.050891024960698 ], [ -75.257240733963698, 40.0513580927731 ], [ -75.257550848917305, 40.051722182725101 ], [ -75.257664889994302, 40.052470454803498 ], [ -75.258014847153206, 40.052850945134999 ], [ -75.254260330163405, 40.054882542763202 ] ] } },
{ "type": "Feature", "properties": { "OBJECTID": 305, "TYPE": "Designated", "MATERIAL": "Asphalt", "WIDTH": 12, "LIMITS": null, "TYPE2": "Asphalt Trail", "NAME": "Frankford Creek Greenway, Phase 2", "ENTITY_TRA": "PennDOT", "TYPE_3": "Sidepath", "PAVED": "Y", "MILEAGE": 0.99664893, "Shape__Length": 2095.3375203738001 }, "geometry": { "type": "LineString", "coordinates": [ [ -75.090567359480801, 40.006189319739697 ], [ -75.088223839846407, 40.006659487931501 ], [ -75.086819628704106, 40.006102442346403 ], [ -75.085623708862897, 40.004978051916602 ], [ -75.085986835707899, 40.0044143185237 ], [ -75.0866867729749, 40.003167037059598 ], [ -75.086823598935496, 40.002049730345099 ], [ -75.086217126670206, 40.0009151779173 ], [ -75.0851235664515, 39.999554754402801 ], [ -75.087310000006198, 39.998341970171097 ], [ -75.089336844416806, 39.997244646289801 ] ] } },
{ "type": "Feature", "properties": { "OBJECTID": 306, "TYPE": "Designated", "MATERIAL": "Asphalt", "WIDTH": 12, "LIMITS": null, "TYPE2": "Asphalt Trail", "NAME": "Cobbs Creek Connector, Seg A", "ENTITY_TRA": "PPR", "TYPE_3": "Trail", "PAVED": "Y", "MILEAGE": 0.49948668, "Shape__Length": 1050.5461314936099 }, "geometry": { "type": "LineString", "coordinates": [ [ -75.245654999346996, 39.924142477035502 ], [ -75.245722321868598, 39.923981851503399 ], [ -75.246023262062593, 39.923159245177999 ], [ -75.246195314274999, 39.9228102274405 ], [ -75.246334121414904, 39.922614015456901 ], [ -75.2464113240259, 39.922423211223901 ], [ -75.246423958529306, 39.922162926312403 ], [ -75.246567435753605, 39.921876168087103 ], [ -75.246651878335101, 39.921607850822099 ], [ -75.246780788356801, 39.920965657133301 ], [ -75.246821800827107, 39.920328298347997 ], [ -75.246904829975406, 39.919502743873402 ], [ -75.246982479877701, 39.918704089107798 ], [ -75.247018180768507, 39.918330020420001 ], [ -75.246962535565103, 39.918065710457903 ], [ -75.2468308549185, 39.917819380350501 ], [ -75.246518221210593, 39.917376921089698 ], [ -75.246357329643999, 39.917164332644298 ] ] } },
{ "type": "Feature", "properties": { "OBJECTID": 307, "TYPE": "Designated", "MATERIAL": "Asphalt", "WIDTH": 12, "LIMITS": null, "TYPE2": "Pavers", "NAME": "SugarHouse to Penn Treaty", "ENTITY_TRA": "DRWC", "TYPE_3": null, "PAVED": "Y", "MILEAGE": 0.31653645, "Shape__Length": 664.91529570399996 }, "geometry": { "type": "LineString", "coordinates": [ [ -75.128156996076896, 39.967188003611099 ], [ -75.127282874981404, 39.966054948584002 ], [ -75.127520874602794, 39.9659471466694 ], [ -75.127749063165496, 39.965825657806697 ], [ -75.127970035688506, 39.965679342495498 ], [ -75.128782002153102, 39.965648803664202 ], [ -75.128953138013202, 39.965586660771599 ], [ -75.129249842712099, 39.965465042054397 ], [ -75.130383997021497, 39.964846743673199 ], [ -75.130058610738899, 39.964390265021997 ] ] } },
{ "type": "Feature", "properties": { "OBJECTID": 308, "TYPE": "Designated", "MATERIAL": "Asphalt", "WIDTH": 12, "LIMITS": null, "TYPE2": "Asphalt Sidepath", "NAME": "Delaware Waterfront Trail", "ENTITY_TRA": "DWRC", "TYPE_3": "Trail", "PAVED": "Y", "MILEAGE": 1.90713734, "Shape__Length": 4012.9786826517702 }, "geometry": { "type": "LineString", "coordinates": [ [ -75.143489946809495, 39.933381143001 ], [ -75.143142233673203, 39.934084063858798 ], [ -75.142698044594397, 39.934905016737801 ], [ -75.142564969457297, 39.935146371265702 ], [ -75.142523225143407, 39.935223775150298 ], [ -75.142478702461304, 39.935310443243999 ], [ -75.142447143776806, 39.935375020159 ], [ -75.142390790198405, 39.935517385383498 ], [ -75.142358946470395, 39.935589417170299 ], [ -75.142342416071898, 39.935641277232897 ], [ -75.142314483989594, 39.935737649890903 ], [ -75.142283916510607, 39.935839559777001 ], [ -75.142266384750897, 39.935917514121599 ], [ -75.142251847031204, 39.935980611994303 ], [ -75.142242079280706, 39.936045683443901 ], [ -75.142236565095999, 39.936154586378102 ], [ -75.1422335268214, 39.936885914789798 ], [ -75.142267525074999, 39.938599306777597 ], [ -75.142315718654203, 39.940605128605903 ], [ -75.142304881241401, 39.941593104554599 ], [ -75.1422567681755, 39.942808934297197 ], [ -75.142154185824793, 39.944035700242402 ], [ -75.142140681339697, 39.944165165759998 ], [ -75.141983843647793, 39.945131780045003 ], [ -75.141709654135198, 39.946421740277302 ], [ -75.141581583650193, 39.9470242516254 ], [ -75.140917584763201, 39.949984651217797 ], [ -75.140484870801302, 39.951769046151298 ], [ -75.1399415400371, 39.953516315748097 ], [ -75.139668003475805, 39.954233214694199 ], [ -75.139308617398399, 39.955159292726599 ], [ -75.139145802577303, 39.955349762522701 ], [ -75.138833008196698, 39.9563182945178 ], [ -75.138651429814303, 39.956789183980298 ], [ -75.138478044480294, 39.957043538218102 ], [ -75.138280241007095, 39.957341759519998 ], [ -75.137912078762199, 39.957710056065203 ], [ -75.137721397525098, 39.958058802310298 ], [ -75.13746135529, 39.9588553555364 ], [ -75.137033921025804, 39.9599369859924 ], [ -75.136969490066306, 39.960256508455501 ] ] } },
{ "type": "Feature", "properties": { "OBJECTID": 309, "TYPE": "Designated", "MATERIAL": "Asphalt", "WIDTH": 12, "LIMITS": null, "TYPE2": "Asphalt Trail", "NAME": "GR3- Maintenance Path", "ENTITY_TRA": "Streets", "TYPE_3": "Trail", "PAVED": "Y", "MILEAGE": 0.76267817, "Shape__Length": 1601.83365774871 }, "geometry": { "type": "LineString", "coordinates": [ [ -75.113340899631297, 39.976933535697498 ], [ -75.113347997996797, 39.9769298892327 ], [ -75.115764708565194, 39.975688445986997 ], [ -75.115813298217802, 39.9756634855665 ], [ -75.115887373627899, 39.975780484514999 ], [ -75.116079957445294, 39.975679926896497 ], [ -75.116885545215894, 39.975275982950897 ], [ -75.116891026744099, 39.975273008285797 ], [ -75.116801357660904, 39.975153649195597 ], [ -75.116794974729999, 39.975156946464402 ], [ -75.116942394847499, 39.975080797982699 ], [ -75.117391667094296, 39.974848727985801 ], [ -75.118183905035707, 39.9743975317108 ], [ -75.118597925905604, 39.9741617329571 ], [ -75.118921728218098, 39.973960467631699 ], [ -75.120074095148098, 39.973244174854102 ], [ -75.120237719267493, 39.973329881538298 ], [ -75.1202541735273, 39.973338500340802 ], [ -75.120408065322493, 39.973394157868299 ], [ -75.120417866184198, 39.973397702756401 ], [ -75.120685418696993, 39.973425678197998 ], [ -75.120904471562795, 39.973408852724702 ], [ -75.121047476976699, 39.973381883389301 ], [ -75.121851221394095, 39.9730980527466 ], [ -75.121816133939504, 39.973172716571497 ], [ -75.122061534941295, 39.972839073533798 ], [ -75.122223829595896, 39.972710014688097 ], [ -75.122430945248993, 39.972606657540098 ], [ -75.122634658153999, 39.972512778427699 ], [ -75.122858201071793, 39.972429457107097 ], [ -75.123021764173998, 39.972317589016797 ], [ -75.123128041023406, 39.9722371949997 ], [ -75.1232031793689, 39.972150048478099 ], [ -75.123259758872507, 39.972078870379498 ], [ -75.123338970874599, 39.971944364378103 ], [ -75.123412313294494, 39.971716815351201 ], [ -75.123781828736, 39.971455409778699 ], [ -75.124261315990694, 39.971150439260697 ] ] } },
{ "type": "Feature", "properties": { "OBJECTID": 310, "TYPE": "Designated", "MATERIAL": "Asphalt", "WIDTH": 12, "LIMITS": null, "TYPE2": "Asphalt Sidepath", "NAME": "Penrose Sidepath 2", "ENTITY_TRA": "Wawa", "TYPE_3": "Trail", "PAVED": "Y", "MILEAGE": 0.24137678, "Shape__Length": 506.18419484043199 }, "geometry": { "type": "LineString", "coordinates": [ [ -75.200853217616896, 39.902454329269901 ], [ -75.196920882821502, 39.904205857785499 ] ] } },
{ "type": "Feature", "properties": { "OBJECTID": 311, "TYPE": "Designated", "MATERIAL": "Asphalt", "WIDTH": 12, "LIMITS": null, "TYPE2": "Asphalt Trail", "NAME": "Cobbs Creek Connector, Seg D", "ENTITY_TRA": "PPR", "TYPE_3": "Trail", "PAVED": "Y", "MILEAGE": 0.34049155, "Shape__Length": 714.82314870883101 }, "geometry": { "type": "LineString", "coordinates": [ [ -75.254083208065495, 39.898473800564801 ], [ -75.253902885493304, 39.8984298366776 ], [ -75.253543707439704, 39.898301900858797 ], [ -75.253008616559995, 39.898009979907002 ], [ -75.252474264895895, 39.897698054243399 ], [ -75.255073061975096, 39.894871922396803 ] ] } },
{ "type": "Feature", "properties": { "OBJECTID": 312, "TYPE": "Designated", "MATERIAL": "Wood", "WIDTH": 10, "LIMITS": " ", "TYPE2": "Bridge", "NAME": "Tacony Creek Trail", "ENTITY_TRA": "PPR", "TYPE_3": "Trail", "PAVED": "Y", "MILEAGE": 0.01128126, "Shape__Length": 23.747089451127302 }, "geometry": { "type": "LineString", "coordinates": [ [ -75.114077237081901, 40.041084921945 ], [ -75.114194683283799, 40.040948584755398 ] ] } },
{ "type": "Feature", "properties": { "OBJECTID": 313, "TYPE": "Designated", "MATERIAL": "Wood", "WIDTH": 10, "LIMITS": " ", "TYPE2": "Bridge", "NAME": "Wissahickon Bike Path", "ENTITY_TRA": "PPR", "TYPE_3": "Trail", "PAVED": "N", "MILEAGE": 0.02638012, "Shape__Length": 55.388537224680803 }, "geometry": { "type": "LineString", "coordinates": [ [ -75.195594951685905, 40.024517830041503 ], [ -75.195366674625006, 40.0245638760315 ], [ -75.195204937042504, 40.0246088015951 ], [ -75.195125700201601, 40.0246405877093 ] ] } },
{ "type": "Feature", "properties": { "OBJECTID": 314, "TYPE": "Designated", "MATERIAL": "Wood", "WIDTH": 10, "LIMITS": " ", "TYPE2": "Bridge", "NAME": "Wissahickon Bike Path", "ENTITY_TRA": "PPR", "TYPE_3": "Trail", "PAVED": "N", "MILEAGE": 0.06157008, "Shape__Length": 129.57571266531599 }, "geometry": { "type": "LineString", "coordinates": [ [ -75.193396137538301, 40.026725694669103 ], [ -75.193273965042906, 40.026834278703198 ], [ -75.193142591154, 40.026933641392702 ], [ -75.193045530601097, 40.027026795049302 ], [ -75.192974339229195, 40.027121391391901 ], [ -75.1928940177377, 40.027230948324799 ], [ -75.192862714833893, 40.027283973778999 ], [ -75.192827608188296, 40.027348179801201 ], [ -75.192808513004806, 40.0273763489242 ], [ -75.192812365594506, 40.027393764650597 ], [ -75.192803829777503, 40.027410904525297 ], [ -75.192773685855798, 40.027463089898902 ] ] } },
{ "type": "Feature", "properties": { "OBJECTID": 315, "TYPE": "Not Designated", "MATERIAL": "Asphalt", "WIDTH": 0, "LIMITS": " ", "TYPE2": "Asphalt Sidepath", "NAME": "Chamounix Drive Sidepath", "ENTITY_TRA": "PPR", "TYPE_3": "Sidepath", "PAVED": "Y", "MILEAGE": 0.76505297, "Shape__Length": 1606.51119846852 }, "geometry": { "type": "LineString", "coordinates": [ [ -75.213581663426794, 39.994047026139398 ], [ -75.209258851207807, 39.995679755786398 ], [ -75.205880554683702, 39.996916081041903 ], [ -75.204900466429095, 39.997222141875902 ], [ -75.203720107232598, 39.997702546594198 ], [ -75.202216618466196, 39.9985333550921 ], [ -75.201060401004, 39.999401654120597 ] ] } },
{ "type": "Feature", "properties": { "OBJECTID": 316, "TYPE": "Not Designated", "MATERIAL": "Asphalt", "WIDTH": 0, "LIMITS": " ", "TYPE2": "Asphalt Sidepath", "NAME": "Ford Road Sidepath", "ENTITY_TRA": "PPR", "TYPE_3": "Sidepath", "PAVED": "Y", "MILEAGE": 0.24620207, "Shape__Length": 516.92028770981904 }, "geometry": { "type": "LineString", "coordinates": [ [ -75.200524858066004, 39.996892627064597 ], [ -75.200705557181806, 39.996868033307798 ], [ -75.200912461982597, 39.996805878089297 ], [ -75.201144679065095, 39.996729982010599 ], [ -75.201282913508294, 39.996680604781098 ], [ -75.201480584474297, 39.996699296972501 ], [ -75.201708867371394, 39.996728204619998 ], [ -75.202117312483594, 39.9967468064687 ], [ -75.202479064960698, 39.996688085341297 ], [ -75.202655891742296, 39.9966014216537 ], [ -75.203151110770094, 39.996455071438497 ], [ -75.203402441931104, 39.996365291525301 ], [ -75.203594454183204, 39.9963695511168 ], [ -75.203716189926197, 39.996429465251801 ], [ -75.203912253199803, 39.996491027884503 ], [ -75.2041495303814, 39.996610717945501 ], [ -75.204348394422098, 39.996762930600802 ], [ -75.204562449418106, 39.997006068409199 ], [ -75.204602950478304, 39.997083251729599 ] ] } },
{ "type": "Feature", "properties": { "OBJECTID": 317, "TYPE": "Not Designated", "MATERIAL": "Asphalt", "WIDTH": 0, "LIMITS": " ", "TYPE2": "Asphalt Sidepath", "NAME": "Greenland Road Sidepath", "ENTITY_TRA": "PPR", "TYPE_3": "Sidepath", "PAVED": "Y", "MILEAGE": 0.16645168, "Shape__Length": 349.38303422166399 }, "geometry": { "type": "LineString", "coordinates": [ [ -75.197361346720996, 39.996779412382899 ], [ -75.197464853994902, 39.996829391657002 ], [ -75.197904088920694, 39.996853461274704 ], [ -75.198501037812605, 39.996804750387497 ], [ -75.198803717541296, 39.996668442331597 ], [ -75.199197158772606, 39.996591365093401 ], [ -75.199626152392398, 39.996557986771002 ], [ -75.199877956679401, 39.996620794785699 ], [ -75.200049061916502, 39.996686577739801 ], [ -75.200252322502095, 39.9968865738064 ] ] } },
{ "type": "Feature", "properties": { "OBJECTID": 318, "TYPE": "Not Designated", "MATERIAL": "Asphalt", "WIDTH": 0, "LIMITS": " ", "TYPE2": "Asphalt Sidepath", "NAME": "Lansdowne Sidepath", "ENTITY_TRA": "PPR", "TYPE_3": "Sidepath", "PAVED": "Y", "MILEAGE": 0.31061101, "Shape__Length": 651.650775099204 }, "geometry": { "type": "LineString", "coordinates": [ [ -75.204234142787101, 39.975941580760903 ], [ -75.203432840922005, 39.976146890326199 ], [ -75.202708660741806, 39.976330422552699 ], [ -75.202294297011505, 39.976391672645299 ], [ -75.201807209235199, 39.976357374893198 ], [ -75.201264847854304, 39.976169208227802 ], [ -75.200918525115, 39.976044101407801 ], [ -75.200600058234599, 39.9759900601398 ], [ -75.2001560777028, 39.976027162547801 ], [ -75.1997839369823, 39.976183273363098 ], [ -75.199398308326394, 39.976292118320202 ], [ -75.199046700020503, 39.976307785742101 ], [ -75.198650226677998, 39.976298971716297 ] ] } },
{ "type": "Feature", "properties": { "OBJECTID": 319, "TYPE": "Not Designated", "MATERIAL": "Asphalt", "WIDTH": 0, "LIMITS": " ", "TYPE2": "Asphalt Sidepath", "NAME": "West Bank Greenway", "ENTITY_TRA": "Streets", "TYPE_3": "Sidepath", "PAVED": "Y", "MILEAGE": 0.58806289, "Shape__Length": 1236.1884209816101 }, "geometry": { "type": "LineString", "coordinates": [ [ -75.187557382922705, 39.960516081233799 ], [ -75.187411263845803, 39.960547137056103 ], [ -75.187209120689602, 39.960585522471099 ], [ -75.187115145664706, 39.960712122519702 ], [ -75.187017758845002, 39.961224746820001 ], [ -75.187034541537599, 39.961370981631802 ], [ -75.187373983281802, 39.963309063614503 ], [ -75.187420309455206, 39.963558918316998 ], [ -75.187577369247805, 39.964420425597602 ], [ -75.187685371136993, 39.964808937097601 ], [ -75.187855221734097, 39.965035810033598 ], [ -75.188187665304298, 39.965386432934203 ], [ -75.188773128947901, 39.965828502543197 ], [ -75.189242508749103, 39.966096379386002 ], [ -75.189836062394903, 39.966324124357499 ], [ -75.190652448906405, 39.966556837737599 ], [ -75.191889308018006, 39.966876139409202 ] ] } },
{ "type": "Feature", "properties": { "OBJECTID": 320, "TYPE": "Not Designated", "MATERIAL": "Asphalt", "WIDTH": 8, "LIMITS": " ", "TYPE2": "Asphalt Sidepath", "NAME": "Pennypack Park Trail", "ENTITY_TRA": "PPR", "TYPE_3": "Sidepath", "PAVED": "Y", "MILEAGE": 0.44156448, "Shape__Length": 929.13204965130001 }, "geometry": { "type": "LineString", "coordinates": [ [ -75.022488649900296, 40.030740642730599 ], [ -75.022119700653107, 40.030347375896298 ], [ -75.021974432633698, 40.0302758224028 ], [ -75.0218255307703, 40.030147044524298 ], [ -75.021713779510506, 40.030036624135498 ], [ -75.021634781786403, 40.0299403660864 ], [ -75.021573367975193, 40.029827358785099 ], [ -75.021510560438898, 40.029719664308502 ], [ -75.021359917171196, 40.029558627076497 ], [ -75.021157609706805, 40.029340864046098 ], [ -75.020945261469905, 40.029123230553097 ], [ -75.020535927137601, 40.028687294793599 ], [ -75.0198352404866, 40.027945498850201 ], [ -75.019519634602105, 40.027593208818999 ], [ -75.019147008967593, 40.027173712551097 ], [ -75.018875663559101, 40.026878181041099 ], [ -75.018314457532995, 40.026296640296401 ], [ -75.017973193485602, 40.025927362121998 ], [ -75.0178116021644, 40.025769149978601 ], [ -75.017694634227198, 40.025694523740398 ], [ -75.017554470570303, 40.025619716684098 ] ] } },
{ "type": "Feature", "properties": { "OBJECTID": 321, "TYPE": "Not Designated", "MATERIAL": "Asphalt", "WIDTH": 8, "LIMITS": " ", "TYPE2": "Road Crossing", "NAME": "Falls Bridge Sidepath", "ENTITY_TRA": "PPR", "TYPE_3": "Sidepath", "PAVED": "Y", "MILEAGE": 0.00621496, "Shape__Length": 13.049889917539501 }, "geometry": { "type": "LineString", "coordinates": [ [ -75.197817938404697, 40.007628992278697 ], [ -75.197923593017904, 40.007667896475297 ] ] } },
{ "type": "Feature", "properties": { "OBJECTID": 322, "TYPE": "Not Designated", "MATERIAL": "Asphalt", "WIDTH": 10, "LIMITS": " ", "TYPE2": "Asphalt Sidepath", "NAME": "Sidepath", "ENTITY_TRA": "PPR", "TYPE_3": "Sidepath", "PAVED": "Y", "MILEAGE": 0.10435601, "Shape__Length": 219.69657375601801 }, "geometry": { "type": "LineString", "coordinates": [ [ -75.213963844975197, 39.980154665949698 ], [ -75.213923491326497, 39.980017754595103 ], [ -75.213821318614094, 39.979642412899501 ], [ -75.213705308272907, 39.979231789304997 ], [ -75.213652133240998, 39.979032413678702 ], [ -75.213548120749195, 39.978676341257398 ] ] } },
{ "type": "Feature", "properties": { "OBJECTID": 323, "TYPE": "Not Designated", "MATERIAL": "Asphalt", "WIDTH": 10, "LIMITS": " ", "TYPE2": "Asphalt Sidepath", "NAME": "Sidepath", "ENTITY_TRA": "PPR", "TYPE_3": "Sidepath", "PAVED": "Y", "MILEAGE": 0.11710873, "Shape__Length": 246.55357881773699 }, "geometry": { "type": "LineString", "coordinates": [ [ -75.214029875743805, 39.980399586344802 ], [ -75.214066107514498, 39.980540661095802 ], [ -75.214144011805203, 39.980830212661303 ], [ -75.214215398297696, 39.981087722009299 ], [ -75.214283264973304, 39.981336250739901 ], [ -75.214341173878495, 39.981541533015701 ], [ -75.214374732831402, 39.981675804591802 ], [ -75.214435943697794, 39.981895996537901 ], [ -75.214481858145305, 39.982060955227603 ] ] } },
{ "type": "Feature", "properties": { "OBJECTID": 324, "TYPE": "Not Designated", "MATERIAL": "Asphalt", "WIDTH": 10, "LIMITS": " ", "TYPE2": "Asphalt Sidepath", "NAME": "Sidepath", "ENTITY_TRA": "PPR", "TYPE_3": "Sidepath", "PAVED": "Y", "MILEAGE": 0.00025809, "Shape__Length": 0.54232624128274698 }, "geometry": { "type": "LineString", "coordinates": [ [ -75.224146799571301, 39.981630835506103 ], [ -75.224150334958907, 39.981628267084602 ] ] } },
{ "type": "Feature", "properties": { "OBJECTID": 325, "TYPE": "Not Designated", "MATERIAL": "Asphalt", "WIDTH": 10, "LIMITS": " ", "TYPE2": "Asphalt Sidepath", "NAME": "Sidepath", "ENTITY_TRA": "PPR", "TYPE_3": "Sidepath", "PAVED": "Y", "MILEAGE": 0.18939163, "Shape__Length": 397.78646807578002 }, "geometry": { "type": "LineString", "coordinates": [ [ -75.224146799571301, 39.981630835506103 ], [ -75.224529374109906, 39.981562528588398 ], [ -75.224620128582004, 39.981554202913799 ], [ -75.224706937556903, 39.981550561134803 ], [ -75.224849990912702, 39.981548583002102 ], [ -75.224944246259994, 39.981550491048203 ], [ -75.2251707535804, 39.981563412191001 ], [ -75.225297409809599, 39.981579426987103 ], [ -75.225405822966593, 39.9815996390276 ], [ -75.225477167164399, 39.9816147459089 ], [ -75.225546596409899, 39.981629885405603 ], [ -75.225609446578005, 39.981644845908399 ], [ -75.225637146776606, 39.981651155809999 ], [ -75.225666339815405, 39.981651963712999 ], [ -75.225729635939601, 39.981647489531603 ], [ -75.2257992424029, 39.981645950803397 ], [ -75.225839151343195, 39.981646274454398 ], [ -75.225879436515001, 39.981650435605196 ], [ -75.225927153018404, 39.9816620672702 ], [ -75.225985830314499, 39.981687331497398 ], [ -75.226041732416107, 39.981725439646603 ], [ -75.226172019169894, 39.981828842655098 ], [ -75.226259421679003, 39.981914193441597 ], [ -75.226322973316798, 39.981977676862201 ], [ -75.226424787945405, 39.982106910351199 ], [ -75.226543293761495, 39.982249740084598 ], [ -75.226720316853402, 39.982483810019502 ], [ -75.226785608565805, 39.9825778463902 ], [ -75.226887669804796, 39.982746771068499 ], [ -75.226893560794693, 39.982773357457802 ] ] } },
{ "type": "Feature", "properties": { "OBJECTID": 326, "TYPE": "Not Designated", "MATERIAL": "Asphalt", "WIDTH": 10, "LIMITS": " ", "TYPE2": "Asphalt Sidepath", "NAME": "Sidepath", "ENTITY_TRA": "PPR", "TYPE_3": "Sidepath", "PAVED": "Y", "MILEAGE": 0.09309964, "Shape__Length": 195.28349223366101 }, "geometry": { "type": "LineString", "coordinates": [ [ -75.223729623296805, 39.981854428763498 ], [ -75.223015208722401, 39.981936599475503 ], [ -75.221993042390494, 39.982044627690797 ] ] } },
{ "type": "Feature", "properties": { "OBJECTID": 327, "TYPE": "Not Designated", "MATERIAL": "Asphalt", "WIDTH": 10, "LIMITS": " ", "TYPE2": "Asphalt Sidepath", "NAME": "Sidepath", "ENTITY_TRA": "PPR", "TYPE_3": "Sidepath", "PAVED": "Y", "MILEAGE": 0.03764362, "Shape__Length": 79.226166048207801 }, "geometry": { "type": "LineString", "coordinates": [ [ -75.223935287478298, 39.9821394517177 ], [ -75.223925277776004, 39.982038693538598 ], [ -75.223953167166698, 39.9819361242062 ], [ -75.224041596232496, 39.981790398763003 ], [ -75.224070407838497, 39.981742920502299 ], [ -75.224146799571301, 39.981630835506103 ] ] } },
{ "type": "Feature", "properties": { "OBJECTID": 328, "TYPE": "Not Designated", "MATERIAL": "Asphalt", "WIDTH": 10, "LIMITS": " ", "TYPE2": "Asphalt Sidepath", "NAME": "Sidepath", "ENTITY_TRA": "PPR", "TYPE_3": "Sidepath", "PAVED": "Y", "MILEAGE": 0.12929578, "Shape__Length": 271.32469873424799 }, "geometry": { "type": "LineString", "coordinates": [ [ -75.219305752481503, 39.9821322596447 ], [ -75.219296008264493, 39.982095252468397 ], [ -75.219307117374996, 39.982045871291 ], [ -75.219326301308001, 39.982007700905399 ], [ -75.2193627260677, 39.981974863478101 ], [ -75.219413792264703, 39.981947433222601 ], [ -75.219472400475993, 39.981931147918999 ], [ -75.219537832401301, 39.98192042174 ], [ -75.219600718056498, 39.9819167374554 ], [ -75.219665747299402, 39.981916818821702 ], [ -75.219725432484097, 39.981918811379899 ], [ -75.219796983514001, 39.981932557753801 ], [ -75.220196005563693, 39.9820258606401 ], [ -75.220858556293805, 39.982155392999402 ], [ -75.220947946724394, 39.9821620949308 ], [ -75.221127385721999, 39.982142474360401 ], [ -75.221511353104802, 39.982100819059099 ] ] } },
{ "type": "Feature", "properties": { "OBJECTID": 329, "TYPE": "Not Designated", "MATERIAL": "Asphalt", "WIDTH": 10, "LIMITS": " ", "TYPE2": "Asphalt Sidepath", "NAME": "Sidepath", "ENTITY_TRA": "PPR", "TYPE_3": "Sidepath", "PAVED": "Y", "MILEAGE": 0.28731117, "Shape__Length": 603.08939868737696 }, "geometry": { "type": "LineString", "coordinates": [ [ -75.219183293213803, 39.982308249954102 ], [ -75.219085994402604, 39.9822968690534 ], [ -75.218892781788995, 39.982262684943997 ], [ -75.218717338913706, 39.9822155945822 ], [ -75.2184745360736, 39.982120470697403 ], [ -75.217768792220696, 39.981864474797902 ], [ -75.216105993586595, 39.981253398286597 ], [ -75.214794648177602, 39.980770008895597 ], [ -75.214706491049299, 39.980731363660297 ], [ -75.214667341902199, 39.980699465627403 ], [ -75.214581923917507, 39.9805885466617 ], [ -75.2145135633249, 39.980543205400203 ], [ -75.214440242272403, 39.980505658079998 ], [ -75.214368299331198, 39.980485126827297 ] ] } },
{ "type": "Feature", "properties": { "OBJECTID": 330, "TYPE": "Not Designated", "MATERIAL": "Asphalt", "WIDTH": 10, "LIMITS": " ", "TYPE2": "Asphalt Sidepath", "NAME": "Sidepath", "ENTITY_TRA": "PPR", "TYPE_3": "Sidepath", "PAVED": "Y", "MILEAGE": 0.18171716, "Shape__Length": 382.58902087437798 }, "geometry": { "type": "LineString", "coordinates": [ [ -75.214533582765597, 39.9822253007301 ], [ -75.214600094712097, 39.982510149257202 ], [ -75.214658420619301, 39.982704313176001 ], [ -75.214714238326593, 39.982914000851402 ], [ -75.214795754002594, 39.9832103080237 ], [ -75.214870668420204, 39.983476795750803 ], [ -75.214950313324493, 39.983771577506801 ], [ -75.215030235569699, 39.984058947377797 ], [ -75.215101684156494, 39.984314973422997 ], [ -75.215173079145003, 39.9845724812727 ], [ -75.215234021682306, 39.984803265200298 ] ] } },
{ "type": "Feature", "properties": { "OBJECTID": 331, "TYPE": "Not Designated", "MATERIAL": "Asphalt", "WIDTH": 10, "LIMITS": " ", "TYPE2": "Asphalt Sidepath", "NAME": "Sidepath", "ENTITY_TRA": "PPR", "TYPE_3": "Sidepath", "PAVED": "Y", "MILEAGE": 0.24146059, "Shape__Length": 506.86991158749203 }, "geometry": { "type": "LineString", "coordinates": [ [ -75.212929926673397, 39.985183458912097 ], [ -75.212779394901503, 39.985182380147698 ], [ -75.212486023133906, 39.985170098146803 ], [ -75.212248895832602, 39.985164855189801 ], [ -75.212090484812904, 39.985170046162601 ], [ -75.211965626341794, 39.985184671758297 ], [ -75.2114866075609, 39.985301579459303 ], [ -75.210936588613606, 39.985503848553897 ], [ -75.210680181952299, 39.985611189419899 ], [ -75.210362413845104, 39.985747597897003 ], [ -75.210072860810499, 39.985935341920197 ], [ -75.209868280142402, 39.986067009816701 ], [ -75.209767816674002, 39.986134332879203 ], [ -75.209609539942306, 39.986236598318101 ], [ -75.209387328729093, 39.986336000408997 ], [ -75.209227832729397, 39.986370140610603 ], [ -75.209008437205597, 39.9863942607127 ], [ -75.208959457606497, 39.986411172051596 ], [ -75.208935941965095, 39.9864328791476 ], [ -75.208907647375796, 39.986470269596801 ], [ -75.208886136296002, 39.986495281791697 ] ] } },
{ "type": "Feature", "properties": { "OBJECTID": 332, "TYPE": "Not Designated", "MATERIAL": "Asphalt", "WIDTH": 10, "LIMITS": " ", "TYPE2": "Asphalt Sidepath", "NAME": "Sidepath", "ENTITY_TRA": "PPR", "TYPE_3": "Sidepath", "PAVED": "Y", "MILEAGE": 0.04756724, "Shape__Length": 99.843722636117704 }, "geometry": { "type": "LineString", "coordinates": [ [ -75.220308050015404, 39.990213592119801 ], [ -75.220290833133106, 39.990208752724001 ], [ -75.220137036093405, 39.990165517223197 ], [ -75.219824334390594, 39.990055243034298 ], [ -75.219551729517306, 39.989952605846199 ], [ -75.219533110673694, 39.989948645435199 ], [ -75.219487392718193, 39.989938922151303 ] ] } },
{ "type": "Feature", "properties": { "OBJECTID": 333, "TYPE": "Not Designated", "MATERIAL": "Concrete", "WIDTH": 6, "LIMITS": " ", "TYPE2": "Bridge", "NAME": "Falls Bridge Sidepath", "ENTITY_TRA": "PPR", "TYPE_3": "Sidepath", "PAVED": "Y", "MILEAGE": 0.1114729, "Shape__Length": 234.64352329937199 }, "geometry": { "type": "LineString", "coordinates": [ [ -75.196900380028296, 40.0090819483434 ], [ -75.196927589117493, 40.009050515459101 ], [ -75.196994849515505, 40.008949188418804 ], [ -75.197193454910007, 40.008626959598097 ], [ -75.197296556769999, 40.008456634776699 ], [ -75.197436160075497, 40.008234008071703 ], [ -75.197579611574497, 40.008000843919802 ], [ -75.197770412393595, 40.007702341658103 ], [ -75.197804259719106, 40.007653566749497 ], [ -75.197817938404697, 40.007628992278697 ] ] } },
{ "type": "Feature", "properties": { "OBJECTID": 334, "TYPE": "Not Designated", "MATERIAL": "Concrete", "WIDTH": 6, "LIMITS": " ", "TYPE2": "Bridge", "NAME": "Falls Bridge Sidepath", "ENTITY_TRA": "PPR", "TYPE_3": "Sidepath", "PAVED": "Y", "MILEAGE": 0.11123603, "Shape__Length": 234.15626823332201 }, "geometry": { "type": "LineString", "coordinates": [ [ -75.197043360995494, 40.009128548997801 ], [ -75.197048632874299, 40.009087253329902 ], [ -75.197096173045793, 40.009009866224801 ], [ -75.197331380183797, 40.008632681530003 ], [ -75.197537383187594, 40.0082973385339 ], [ -75.197787683557294, 40.007885965655497 ], [ -75.197853983408194, 40.007775902290099 ], [ -75.197923593017904, 40.007667896475297 ] ] } },
{ "type": "Feature", "properties": { "OBJECTID": 335, "TYPE": "Off Road/Trail", "MATERIAL": "Asphalt", "WIDTH": 12, "LIMITS": " ", "TYPE2": "Asphalt Trail", "NAME": "Locust St Connector", "ENTITY_TRA": "PPR SRDC", "TYPE_3": "Trail Connection", "PAVED": "Y", "MILEAGE": 0.03997205, "Shape__Length": 83.891719015460396 }, "geometry": { "type": "LineString", "coordinates": [ [ -75.180870158991894, 39.950235234050702 ], [ -75.181046905002802, 39.950250548740698 ], [ -75.181077177625795, 39.950269106358 ], [ -75.181118944689302, 39.950290901021297 ], [ -75.181505981895796, 39.950516807886601 ] ] } },
{ "type": "Feature", "properties": { "OBJECTID": 336, "TYPE": "Sidepath", "MATERIAL": "Asphalt", "WIDTH": 10, "LIMITS": null, "TYPE2": "Asphalt Sidepath", "NAME": "Henry Avenue Sidepath", "ENTITY_TRA": "Streets", "TYPE_3": "Sidepath", "PAVED": "Y", "MILEAGE": 0.98, "Shape__Length": 2101.8470619794798 }, "geometry": { "type": "LineString", "coordinates": [ [ -75.1922397489963, 40.020782714381099 ], [ -75.192925553036801, 40.021241222451998 ], [ -75.193317344548504, 40.021640942981001 ], [ -75.193525248866294, 40.0219270899481 ], [ -75.194330956458998, 40.022949886568099 ], [ -75.194416333953299, 40.023038869683703 ], [ -75.194790965746904, 40.0234293189407 ], [ -75.1956322821447, 40.024276335143199 ], [ -75.195737800340197, 40.024378474764902 ], [ -75.197175502393705, 40.025815328457199 ], [ -75.1975302020642, 40.026052581318197 ], [ -75.198036711334495, 40.026242379158802 ], [ -75.198470508409201, 40.026338037819599 ], [ -75.198825787956096, 40.026357660119601 ], [ -75.199233784522207, 40.026295381500397 ], [ -75.200460712001302, 40.026108085091899 ], [ -75.201298159968701, 40.025935542357502 ], [ -75.201803594996406, 40.025884199247898 ], [ -75.202331477426497, 40.025896271647298 ], [ -75.203064626444501, 40.026126267849001 ], [ -75.203420521603405, 40.026362531129401 ], [ -75.203841843415205, 40.026728272676202 ], [ -75.204375972507094, 40.027461737070603 ], [ -75.204915517369002, 40.028190573144002 ], [ -75.205450480860705, 40.0289479099009 ] ] } },
{ "type": "Feature", "properties": { "OBJECTID": 337, "TYPE": "Trail", "MATERIAL": "Asphalt", "WIDTH": 12, "LIMITS": null, "TYPE2": "Asphalt Trail", "NAME": "Kensington & Tacony Trail 2", "ENTITY_TRA": "PPR", "TYPE_3": "Trail", "PAVED": "Y", "MILEAGE": 0.57, "Shape__Length": 1233.6478558441599 }, "geometry": { "type": "LineString", "coordinates": [ [ -75.042614489017097, 40.016386507243602 ], [ -75.040434614098004, 40.017105064477001 ], [ -75.037193342050799, 40.018481106150503 ], [ -75.035700727941006, 40.019139600228698 ], [ -75.032752254601306, 40.020240598308199 ] ] } },
{ "type": "Feature", "properties": { "OBJECTID": 338, "TYPE": "Trail", "MATERIAL": "Asphalt", "WIDTH": 12, "LIMITS": null, "TYPE2": "Asphalt Trail", "NAME": "Cobbs Creek Connector, Seg C", "ENTITY_TRA": "PPR", "TYPE_3": "Trail", "PAVED": "Y", "MILEAGE": 0.47, "Shape__Length": 1545.71345829712 }, "geometry": { "type": "LineString", "coordinates": [ [ -75.249702243012507, 39.907411041284703 ], [ -75.249763835981298, 39.907353878693698 ], [ -75.250127950752798, 39.9075880780427 ], [ -75.251310193518194, 39.906794376863999 ], [ -75.251460835748901, 39.905921880342802 ], [ -75.251250570085105, 39.905319568001801 ], [ -75.251528825777399, 39.9049068853516 ], [ -75.2512236204347, 39.904501746208297 ], [ -75.251355358217197, 39.904099756294301 ], [ -75.252139420498494, 39.903276047415602 ], [ -75.252187436641407, 39.902676524491298 ], [ -75.252525284526698, 39.902250636806897 ], [ -75.253386777490505, 39.901195978497299 ], [ -75.253499908529605, 39.900237823116299 ], [ -75.253862868641704, 39.899375165886397 ], [ -75.254069258459793, 39.898853857231501 ], [ -75.254083208065495, 39.898473800564801 ] ] } },
{ "type": "Feature", "properties": { "OBJECTID": 339, "TYPE": "Trail", "MATERIAL": "Asphalt", "WIDTH": 12, "LIMITS": null, "TYPE2": "Asphalt Trail", "NAME": "Bartram's to Passyunk Phase 1", "ENTITY_TRA": "PPR", "TYPE_3": "Trail", "PAVED": "Y", "MILEAGE": 0.38, "Shape__Length": 732.77602825276904 }, "geometry": { "type": "LineString", "coordinates": [ [ -75.213480699039707, 39.9231845746408 ], [ -75.213617337696306, 39.924899729224101 ], [ -75.213436667704102, 39.9257070772275 ], [ -75.213312297744693, 39.926400840435697 ], [ -75.213159924528796, 39.926899516236801 ], [ -75.212571638465107, 39.927877722062398 ], [ -75.212454539052999, 39.928079526936202 ] ] } }
]
}
